#ifndef COVERART_H
#define COVERART_H

#include <tonc.h>

const u8 coverart_data[38400] __attribute__((aligned(4))) = {
    0x04, 0x04, 0x04, 0x04, 0x05, 0x04, 0x04, 0x04, 0x03, 0x03, 0x03, 0x02, 0x02, 0x02, 0x02, 0x02,
    0x03, 0x03, 0x03, 0x03, 0x03, 0x03, 0x03, 0x02, 0x03, 0x03, 0x02, 0x03, 0x02, 0x03, 0x02, 0x02,
    0x01, 0x01, 0x01, 0x01, 0x51, 0x01, 0x01, 0x01, 0x51, 0x01, 0x01, 0x51, 0x01, 0x01, 0x51, 0x01,
    0x01, 0x51, 0x01, 0x01, 0x01, 0x01, 0x01, 0x51, 0x01, 0x01, 0x01, 0x01, 0x01, 0x01, 0x01, 0x01,
    0x01, 0x01, 0x01, 0x01, 0x01, 0x01, 0x01, 0x01, 0x01, 0x01, 0x01, 0x01, 0x01, 0x52, 0x01, 0x02,
    0x01, 0x01, 0x02, 0x01, 0x01, 0x01, 0x02, 0x01, 0x02, 0x02, 0x02, 0x02, 0x02, 0x03, 0x02, 0x03,
    0x03, 0x03, 0x04, 0x04, 0x04, 0x04, 0x05, 0x04, 0x05, 0x04, 0x04, 0x04, 0x04, 0x04, 0x03, 0x03,
    0x03, 0x02, 0x02, 0x02, 0x02, 0x02, 0x02, 0x02, 0x02, 0x02, 0x02, 0x02, 0x02, 0x02, 0x02, 0x02,
    0x02, 0x02, 0x02, 0x02, 0x02, 0x02, 0x02, 0x02, 0x02, 0x02, 0x02, 0x02, 0x02, 0x02, 0x02, 0x02,
    0x02, 0x02, 0x02, 0x02, 0x02, 0x02, 0x02, 0x02, 0x03, 0x02, 0x03, 0x02, 0x03, 0x02, 0x03, 0x03,
    0x02, 0x03, 0x02, 0x03, 0x02, 0x03, 0x02, 0x03, 0x02, 0x03, 0x02, 0x03, 0x02, 0x03, 0x02, 0x03,
    0x02, 0x02, 0x02, 0x02, 0x02, 0x02, 0x02, 0x02, 0x02, 0x02, 0x02, 0x02, 0x02, 0x03, 0x02, 0x02,
    0x03, 0x02, 0x03, 0x03, 0x03, 0x03, 0x03, 0x03, 0x03, 0x03, 0x03, 0x04, 0x03, 0x04, 0x03, 0x04,
    0x03, 0x04, 0x04, 0x04, 0x04, 0x04, 0x04, 0x04, 0x04, 0x04, 0x05, 0x04, 0x05, 0x04, 0x04, 0x04,
    0x04, 0x04, 0x03, 0x04, 0x03, 0x03, 0x02, 0x02, 0x03, 0x02, 0x03, 0x04, 0x04, 0x04, 0x04, 0x04,
    0x03, 0x03, 0x04, 0x44, 0x03, 0x03, 0x03, 0x03, 0x43, 0x03, 0x02, 0x02, 0x02, 0x02, 0x02, 0x02,
    0x02, 0x03, 0x03, 0x03, 0x04, 0x03, 0x03, 0x04, 0x03, 0x03, 0x03, 0x02, 0x03, 0x02, 0x02, 0x01,
    0x02, 0x01, 0x01, 0x01, 0x01, 0x01, 0x01, 0x01, 0x02, 0x01, 0x01, 0x01, 0x01, 0x51, 0x01, 0x01,
    0x51, 0x01, 0x01, 0x51, 0x01, 0x51, 0x01, 0x01, 0x32, 0x01, 0x51, 0x01, 0x52, 0x01, 0x01, 0x52,
    0x01, 0x52, 0x01, 0x02, 0x52, 0x01, 0x52, 0x01, 0x52, 0x02, 0x52, 0x02, 0x01, 0x02, 0x01, 0x52,
    0x02, 0x52, 0x01, 0x52, 0x02, 0x52, 0x01, 0x52, 0x02, 0x52, 0x02, 0x02, 0x02, 0x02, 0x02, 0x03,
    0x02, 0x03, 0x03, 0x03, 0x03, 0x04, 0x03, 0x04, 0x03, 0x04, 0x04, 0x03, 0x03, 0x03, 0x03, 0x03,
    0x02, 0x02, 0x53, 0x02, 0x03, 0x53, 0x02, 0x53, 0x02, 0x53, 0x02, 0x53, 0x02, 0x53, 0x02, 0x53,
    0x03, 0x53, 0x03, 0x53, 0x03, 0x53, 0x03, 0x53, 0x03, 0x53, 0x03, 0x53, 0x03, 0x53, 0x03, 0x53,
    0x03, 0x02, 0x03, 0x03, 0x03, 0x03, 0x03, 0x03, 0x02, 0x03, 0x03, 0x03, 0x03, 0x03, 0x03, 0x03,
    0x03, 0x02, 0x03, 0x02, 0x02, 0x02, 0x02, 0x03, 0x02, 0x03, 0x03, 0x53, 0x03, 0x02, 0x53, 0x03,
    0x02, 0x53, 0x03, 0x02, 0x03, 0x02, 0x03, 0x53, 0x03, 0x02, 0x03, 0x03, 0x02, 0x03, 0x02, 0x03,
    0x03, 0x03, 0x53, 0x03, 0x03, 0x03, 0x03, 0x03, 0x04, 0x03, 0x04, 0x54, 0x04, 0x04, 0x03, 0x04,
    0x04, 0x54, 0x04, 0x04, 0x04, 0x04, 0x04, 0x04, 0x04, 0x05, 0x04, 0x04, 0x04, 0x04, 0x04, 0x04,
    0x03, 0x04, 0x03, 0x03, 0x02, 0x03, 0x02, 0x02, 0x02, 0x03, 0x03, 0x03, 0x04, 0x03, 0x04, 0x04,
    0x03, 0x03, 0x03, 0x03, 0x03, 0x64, 0x03, 0x02, 0x03, 0x02, 0x02, 0x42, 0x02, 0x02, 0x02, 0x02,
    0x02, 0x03, 0x03, 0x44, 0x04, 0x04, 0x04, 0x66, 0x04, 0x03, 0x03, 0x03, 0x64, 0x03, 0x02, 0x02,
    0x02, 0x02, 0x02, 0x02, 0x02, 0x02, 0x02, 0x02, 0x02, 0x01, 0x02, 0x01, 0x01, 0x01, 0x01, 0x32,
    0x01, 0x01, 0x51, 0x01, 0x01, 0x32, 0x01, 0x01, 0x01, 0x52, 0x01, 0x01, 0x01, 0x01, 0x52, 0x01,
    0x01, 0x01, 0x01, 0x01, 0x01, 0x02, 0x01, 0x02, 0x01, 0x01, 0x02, 0x01, 0x52, 0x01, 0x02, 0x01,
    0x02, 0x02, 0x02, 0x02, 0x01, 0x02, 0x02, 0x02, 0x01, 0x02, 0x52, 0x02, 0x02, 0x53, 0x02, 0x02,
    0x02, 0x52, 0x02, 0x02, 0x02, 0x03, 0x02, 0x03, 0x02, 0x03, 0x02, 0x03, 0x02, 0x03, 0x02, 0x03,
    0x02, 0x03, 0x03, 0x03, 0x02, 0x03, 0x03, 0x02, 0x02, 0x02, 0x03, 0x02, 0x03, 0x02, 0x03, 0x03,
    0x02, 0x02, 0x02, 0x02, 0x02, 0x02, 0x02, 0x02, 0x02, 0x02, 0x02, 0x03, 0x02, 0x02, 0x03, 0x02,
    0x03, 0x02, 0x03, 0x02, 0x03, 0x02, 0x03, 0x03, 0x03, 0x03, 0x03, 0x03, 0x03, 0x03, 0x03, 0x03,
    0x03, 0x03, 0x03, 0x02, 0x03, 0x53, 0x03, 0x02, 0x53, 0x03, 0x03, 0x03, 0x02, 0x03, 0x03, 0x02,
    0x03, 0x03, 0x02, 0x53, 0x03, 0x53, 0x02, 0x03, 0x02, 0x03, 0x53, 0x03, 0x53, 0x03, 0x03, 0x53,
    0x03, 0x03, 0x03, 0x03, 0x03, 0x03, 0x54, 0x04, 0x03, 0x54, 0x04, 0x04, 0x03, 0x04, 0x54, 0x04,
    0x04, 0x04, 0x04, 0x54, 0x04, 0x54, 0x04, 0x55, 0x04, 0x04, 0x55, 0x04, 0x04, 0x55, 0x03, 0x03,
    0x54, 0x03, 0x03, 0x02, 0x02, 0x02, 0x02, 0x43, 0x03, 0x03, 0x04, 0x04, 0x04, 0x04, 0x05, 0x04,
    0x03, 0x03, 0x65, 0x03, 0x03, 0x03, 0x02, 0x03, 0x02, 0x02, 0x02, 0x02, 0x02, 0x01, 0x02, 0x42,
    0x02, 0x42, 0x02, 0x02, 0x03, 0x64, 0x03, 0x04, 0x04, 0x04, 0x04, 0x04, 0x03, 0x03, 0x03, 0x02,
    0x03, 0x02, 0x03, 0x02, 0x03, 0x03, 0x03, 0x03, 0x03, 0x02, 0x02, 0x02, 0x02, 0x52, 0x01, 0x01,
    0x01, 0x51, 0x01, 0x32, 0x01, 0x01, 0x52, 0x01, 0x01, 0x01, 0x01, 0x52, 0x01, 0x80, 0x01, 0x02,
    0x01, 0x52, 0x02, 0x80, 0x52, 0x01, 0x52, 0x01, 0x02, 0x80, 0x52, 0x02, 0x01, 0x02, 0x52, 0x02,
    0x80, 0x02, 0x52, 0x02, 0x02, 0x52, 0x02, 0x52, 0x02, 0x02, 0x02, 0x02, 0x02, 0x02, 0x02, 0x52,
    0x02, 0x02, 0x02, 0x02, 0x02, 0x02, 0x02, 0x02, 0x02, 0x02, 0x03, 0x02, 0x03, 0x03, 0x03, 0x03,
    0x03, 0x03, 0x03, 0x53, 0x03, 0x02, 0x53, 0x03, 0x03, 0x53, 0x02, 0x53, 0x02, 0x53, 0x02, 0x53,
    0x03, 0x53, 0x03, 0x02, 0x53, 0x03, 0x02, 0x03, 0x03, 0x02, 0x03, 0x02, 0x03, 0x02, 0x03, 0x02,
    0x03, 0x03, 0x02, 0x03, 0x03, 0x03, 0x03, 0x03, 0x03, 0x03, 0x03, 0x04, 0x03, 0x04, 0x54, 0x04,
    0x03, 0x54, 0x03, 0x03, 0x03, 0x02, 0x03, 0x03, 0x03, 0x02, 0x53, 0x03, 0x03, 0x53, 0x03, 0x03,
    0x03, 0x03, 0x03, 0x03, 0x03, 0x03, 0x03, 0x02, 0x03, 0x53, 0x03, 0x02, 0x03, 0x02, 0x03, 0x03,
    0x03, 0x53, 0x03, 0x03, 0x54, 0x04, 0x03, 0x03, 0x04, 0x03, 0x03, 0x03, 0x54, 0x04, 0x04, 0x03,
    0x54, 0x03, 0x04, 0x03, 0x04, 0x03, 0x04, 0x04, 0x03, 0x04, 0x04, 0x03, 0x03, 0x03, 0x03, 0x03,
    0x03, 0x02, 0x02, 0x02, 0x02, 0x02, 0x03, 0x03, 0x04, 0x05, 0x04, 0x05, 0x05, 0x05, 0x05, 0x06,
    0x03, 0x03, 0x03, 0x03, 0x03, 0x03, 0x43, 0x03, 0x02, 0x03, 0x02, 0x02, 0x02, 0x02, 0x02, 0x02,
    0x02, 0x02, 0x02, 0x01, 0x02, 0x02, 0x02, 0x02, 0x03, 0x44, 0x04, 0x04, 0x04, 0x04, 0x65, 0x04,
    0x03, 0x04, 0x03, 0x04, 0x04, 0x04, 0x04, 0x03, 0x03, 0x03, 0x02, 0x02, 0x02, 0x02, 0x01, 0x02,
    0x51, 0x01, 0x01, 0x01, 0x52, 0x01, 0x01, 0x01, 0x52, 0x01, 0x01, 0x01, 0x01, 0x02, 0x01, 0x52,
    0x01, 0x02, 0x01, 0x02, 0x01, 0x02, 0x02, 0x80, 0x02, 0x01, 0x02, 0x01, 0x02, 0x52, 0x02, 0x01,
    0x02, 0x52, 0x02, 0x02, 0x02, 0x02, 0x02, 0x02, 0x52, 0x02, 0x53, 0x02, 0x53, 0x02, 0x02, 0x02,
    0x53, 0x02, 0x53, 0x02, 0x53, 0x03, 0x53, 0x03, 0x53, 0x03, 0x03, 0x03, 0x03, 0x03, 0x03, 0x03,
    0x54, 0x03, 0x02, 0x03, 0x02, 0x03, 0x02, 0x02, 0x02, 0x03, 0x02, 0x03, 0x02, 0x03, 0x02, 0x02,
    0x02, 0x02, 0x02, 0x03, 0x02, 0x03, 0x02, 0x02, 0x03, 0x02, 0x02, 0x02, 0x02, 0x03, 0x02, 0x02,
    0x02, 0x03, 0x03, 0x03, 0x54, 0x03, 0x04, 0x54, 0x04, 0x04, 0x55, 0x04, 0x04, 0x04, 0x04, 0x04,
    0x04, 0x03, 0x03, 0x53, 0x03, 0x02, 0x03, 0x53, 0x03, 0x03, 0x03, 0x03, 0x03, 0x03, 0x03, 0x53,
    0x03, 0x53, 0x03, 0x03, 0x03, 0x03, 0x03, 0x03, 0x03, 0x03, 0x02, 0x03, 0x03, 0x53, 0x03, 0x53,
    0x03, 0x03, 0x03, 0x03, 0x03, 0x03, 0x03, 0x54, 0x03, 0x03, 0x54, 0x03, 0x04, 0x03, 0x03, 0x03,
    0x03, 0x03, 0x03, 0x54, 0x03, 0x03, 0x03, 0x03, 0x03, 0x54, 0x04, 0x03, 0x03, 0x03, 0x03, 0x02,
    0x03, 0x02, 0x03, 0x24, 0x03, 0x03, 0x03, 0x04, 0x05, 0x05, 0x05, 0x05, 0x88, 0x06, 0x06, 0x06,
    0x03, 0x04, 0x03, 0x03, 0x44, 0x03, 0x03, 0x03, 0x03, 0x64, 0x03, 0x02, 0x02, 0x02, 0x02, 0x02,
    0x02, 0x01, 0x02, 0x01, 0x02, 0x01, 0x02, 0x02, 0x02, 0x02, 0x03, 0x65, 0x04, 0x04, 0x04, 0x05,
    0x04, 0x04, 0x04, 0x45, 0x04, 0x04, 0x03, 0x03, 0x03, 0x02, 0x02, 0x02, 0x02, 0x02, 0x02, 0x01,
    0x01, 0x01, 0x52, 0x01, 0x01, 0x01, 0x01, 0x01, 0x01, 0x01, 0x52, 0x02, 0x32, 0x01, 0x52, 0x01,
    0x02, 0x80, 0x52, 0x02, 0x52, 0x02, 0x02, 0x52, 0x02, 0x52, 0x02, 0x52, 0x02, 0x02, 0x80, 0x02,
    0x52, 0x02, 0x02, 0x52, 0x02, 0x33, 0x02, 0x02, 0x02, 0x02, 0x02, 0x02, 0x02, 0x02, 0x53, 0x02,
    0x02, 0x02, 0x02, 0x03, 0x02, 0x02, 0x03, 0x02, 0x03, 0x02, 0x03, 0x53, 0x03, 0x03, 0x03, 0x03,
    0x02, 0x02, 0x02, 0x02, 0x53, 0x02, 0x02, 0x03, 0x02, 0x02, 0x02, 0x02, 0x02, 0x02, 0x03, 0x02,
    0x03, 0x02, 0x02, 0x02, 0x02, 0x02, 0x02, 0x02, 0x02, 0x02, 0x02, 0x03, 0x23, 0x02, 0x02, 0x03,
    0x53, 0x03, 0x03, 0x04, 0x04, 0x04, 0x04, 0x04, 0x04, 0x04, 0x05, 0x04, 0x55, 0x04, 0x04, 0x54,
    0x03, 0x03, 0x03, 0x02, 0x03, 0x53, 0x03, 0x03, 0x03, 0x53, 0x03, 0x03, 0x53, 0x03, 0x03, 0x03,
    0x03, 0x03, 0x03, 0x53, 0x03, 0x03, 0x54, 0x03, 0x53, 0x03, 0x03, 0x53, 0x03, 0x02, 0x03, 0x02,
    0x03, 0x53, 0x02, 0x53, 0x03, 0x53, 0x03, 0x02, 0x03, 0x03, 0x03, 0x03, 0x02, 0x03, 0x54, 0x03,
    0x03, 0x54, 0x03, 0x03, 0x04, 0x03, 0x04, 0x54, 0x04, 0x04, 0x04, 0x03, 0x54, 0x03, 0x03, 0x03,
    0x03, 0x24, 0x03, 0x02, 0x03, 0x03, 0x05, 0x05, 0x05, 0x05, 0x88, 0x06, 0x06, 0x06, 0x06, 0x05,
    0x03, 0x44, 0x04, 0x03, 0x03, 0x03, 0x03, 0x02, 0x03, 0x03, 0x02, 0x03, 0x02, 0x02, 0x02, 0x02,
    0x02, 0x02, 0x01, 0x02, 0x01, 0x02, 0x01, 0x01, 0x02, 0x01, 0x02, 0x02, 0x02, 0x03, 0x04, 0x44,
    0x04, 0x65, 0x04, 0x03, 0x03, 0x64, 0x03, 0x42, 0x02, 0x42, 0x01, 0x02, 0x02, 0x02, 0x02, 0x02,
    0x02, 0x01, 0x02, 0x01, 0x01, 0x01, 0x52, 0x01, 0x52, 0x01, 0x01, 0x01, 0x02, 0x01, 0x02, 0x01,
    0x52, 0x02, 0x01, 0x02, 0x02, 0x01, 0x02, 0x02, 0x01, 0x02, 0x02, 0x02, 0x52, 0x02, 0x01, 0x02,
    0x02, 0x02, 0x02, 0x02, 0x02, 0x02, 0x52, 0x02, 0x52, 0x02, 0x53, 0x02, 0x03, 0x53, 0x02, 0x03,
    0x53, 0x03, 0x53, 0x02, 0x53, 0x03, 0x02, 0x53, 0x03, 0x02, 0x03, 0x02, 0x03, 0x53, 0x03, 0x02,
    0x02, 0x02, 0x02, 0x02, 0x02, 0x02, 0x02, 0x02, 0x02, 0x02, 0x02, 0x03, 0x02, 0x02, 0x02, 0x02,
    0x02, 0x02, 0x02, 0x02, 0x02, 0x02, 0x02, 0x53, 0x02, 0x02, 0x53, 0x02, 0x02, 0x02, 0x03, 0x02,
    0x03, 0x03, 0x04, 0x54, 0x04, 0x04, 0x04, 0x55, 0x04, 0x04, 0x04, 0x04, 0x04, 0x04, 0x03, 0x04,
    0x03, 0x25, 0x03, 0x53, 0x02, 0x03, 0x02, 0x03, 0x03, 0x03, 0x03, 0x03, 0x03, 0x53, 0x03, 0x53,
    0x02, 0x53, 0x03, 0x02, 0x03, 0x53, 0x03, 0x03, 0x03, 0x02, 0x03, 0x02, 0x03, 0x53, 0x02, 0x02,
    0x02, 0x02, 0x03, 0x02, 0x02, 0x02, 0x02, 0x03, 0x52, 0x02, 0x02, 0x53, 0x03, 0x02, 0x03, 0x03,
    0x03, 0x03, 0x03, 0x04, 0x03, 0x04, 0x04, 0x04, 0x04, 0x04, 0x04, 0x04, 0x03, 0x03, 0x03, 0x25,
    0x03, 0x03, 0x02, 0x03, 0x03, 0x04, 0x05, 0x05, 0x88, 0x06, 0x06, 0x05, 0x06, 0x05, 0x05, 0x05,
    0x04, 0x04, 0x03, 0x65, 0x03, 0x03, 0x03, 0x03, 0x03, 0x03, 0x03, 0x02, 0x03, 0x03, 0x02, 0x02,
    0x02, 0x02, 0x02, 0x02, 0x02, 0x01, 0x02, 0x01, 0x01, 0x02, 0x01, 0x02, 0x02, 0x02, 0x02, 0x03,
    0x02, 0x03, 0x02, 0x01, 0x02, 0x01, 0x01, 0x02, 0x01, 0x01, 0x02, 0x02, 0x02, 0x02, 0x02, 0x02,
    0x02, 0x01, 0x01, 0x52, 0x01, 0x01, 0x01, 0x01, 0x01, 0x02, 0x80, 0x01, 0x52, 0x01, 0x52, 0x02,
    0x01, 0x02, 0x02, 0x52, 0x02, 0x52, 0x02, 0x52, 0x02, 0x52, 0x02, 0x52, 0x02, 0x01, 0x52, 0x02,
    0x02, 0x05, 0x05, 0x05, 0x52, 0x02, 0x02, 0x02, 0x02, 0x02, 0x02, 0x02, 0x02, 0x03, 0x02, 0x02,
    0x02, 0x02, 0x02, 0x03, 0x02, 0x02, 0x02, 0x02, 0x02, 0x53, 0x02, 0x02, 0x02, 0x02, 0x02, 0x02,
    0x02, 0x02, 0x02, 0x03, 0x05, 0x06, 0x05, 0x04, 0x02, 0x02, 0x02, 0x52, 0x02, 0x02, 0x02, 0x02,
    0x52, 0x02, 0x02, 0x02, 0x02, 0x53, 0x02, 0x02, 0x02, 0x03, 0x02, 0x02, 0x02, 0x53, 0x02, 0x03,
    0x03, 0x54, 0x03, 0x04, 0x03, 0x54, 0x04, 0x04, 0x04, 0x54, 0x04, 0x54, 0x04, 0x26, 0x03, 0x03,
    0x53, 0x03, 0x02, 0x02, 0x02, 0x02, 0x03, 0x53, 0x03, 0x53, 0x03, 0x53, 0x03, 0x03, 0x02, 0x03,
    0x02, 0x03, 0x02, 0x53, 0x02, 0x02, 0x02, 0x02, 0x02, 0x53, 0x02, 0x02, 0x02, 0x02, 0x02, 0x53,
    0x02, 0x02, 0x02, 0x02, 0x02, 0x02, 0x02, 0x02, 0x02, 0x53, 0x03, 0x02, 0x03, 0x02, 0x03, 0x53,
    0x03, 0x04, 0x03, 0x04, 0x54, 0x04, 0x04, 0x04, 0x04, 0x04, 0x54, 0x04, 0x03, 0x25, 0x03, 0x03,
    0x02, 0x03, 0x03, 0x03, 0x04, 0x05, 0x04, 0x05, 0x05, 0x05, 0x05, 0x05, 0x55, 0x05, 0x05, 0x04,
    0x03, 0x04, 0x03, 0x04, 0x03, 0x03, 0x65, 0x03, 0x03, 0x03, 0x43, 0x03, 0x02, 0x02, 0x02, 0x02,
    0x02, 0x02, 0x02, 0x02, 0x02, 0x02, 0x02, 0x02, 0x52, 0x01, 0x02, 0x01, 0x01, 0x02, 0x01, 0x02,
    0x01, 0x01, 0x01, 0x01, 0x01, 0x0F, 0x0F, 0x0F, 0x0F, 0x0F, 0x0F, 0x0F, 0x0F, 0x0F, 0x0F, 0x0F,
    0x0F, 0x0F, 0x0F, 0x0F, 0x0F, 0x0F, 0x0F, 0x0F, 0x0F, 0x0F, 0x04, 0x01, 0x02, 0x52, 0x02, 0x01,
    0x02, 0x52, 0x02, 0x02, 0x02, 0x02, 0x02, 0x02, 0x02, 0x02, 0x01, 0x0F, 0x0F, 0x0F, 0x0F, 0x0F,
    0x0F, 0x0F, 0x0F, 0x0F, 0x0F, 0x0F, 0x0F, 0x0F, 0x0F, 0x0E, 0x53, 0x02, 0x53, 0x02, 0x33, 0x02,
    0x03, 0x53, 0x02, 0x02, 0x02, 0x02, 0x03, 0x02, 0x02, 0x02, 0x02, 0x02, 0x03, 0x43, 0x0F, 0x0F,
    0x0F, 0x0F, 0x0F, 0x0F, 0x0F, 0x0F, 0x0F, 0x0F, 0x0F, 0x0F, 0x0F, 0x0C, 0x02, 0x22, 0x0F, 0x0F,
    0x0F, 0x0F, 0x0F, 0x0F, 0x0F, 0x0F, 0x0F, 0x0F, 0x0F, 0x52, 0x02, 0x02, 0x02, 0x02, 0x03, 0x0F,
    0x0F, 0x0F, 0x0F, 0x0F, 0x0F, 0x0F, 0x0F, 0x0F, 0x0F, 0x0F, 0x0E, 0x44, 0x04, 0x0F, 0x0F, 0x0F,
    0x0F, 0x0F, 0x0F, 0x0F, 0x0F, 0x0F, 0x0F, 0x0F, 0x0F, 0x0F, 0x0F, 0x0F, 0x0F, 0x0F, 0x0F, 0x0F,
    0x0F, 0x0F, 0x0F, 0x08, 0x02, 0x02, 0x0F, 0x0F, 0x0F, 0x0F, 0x0F, 0x0F, 0x0F, 0x0F, 0x0F, 0x0F,
    0x0F, 0x0F, 0x0F, 0x0F, 0x0F, 0x0F, 0x0F, 0x0F, 0x0F, 0x0F, 0x0F, 0x0F, 0x0F, 0x03, 0x03, 0x03,
    0x03, 0x04, 0x03, 0x04, 0x04, 0x03, 0x04, 0x54, 0x04, 0x03, 0x04, 0x43, 0x03, 0x03, 0x03, 0x02,
    0x02, 0x02, 0x03, 0x04, 0x04, 0x04, 0x05, 0x55, 0x04, 0x04, 0x55, 0x04, 0x04, 0x04, 0x45, 0x04,
    0x04, 0x04, 0x66, 0x04, 0x03, 0x03, 0x04, 0x03, 0x03, 0x03, 0x03, 0x03, 0x03, 0x03, 0x43, 0x03,
    0x02, 0x02, 0x02, 0x02, 0x02, 0x02, 0x02, 0x52, 0x02, 0x01, 0x02, 0x52, 0x02, 0x01, 0x02, 0x01,
    0x01, 0x02, 0x01, 0x01, 0x02, 0x0F, 0x0F, 0x0F, 0x0F, 0x0F, 0x0F, 0x0F, 0x0F, 0x0F, 0x0F, 0x0F,
    0x0F, 0x0F, 0x0F, 0x0F, 0x0F, 0x0F, 0x0F, 0x0F, 0x0F, 0x0F, 0x0F, 0x0F, 0x08, 0x01, 0x02, 0x52,
    0x02, 0x02, 0x02, 0x02, 0x02, 0x02, 0x02, 0x52, 0x03, 0x0F, 0x0F, 0x0F, 0x0F, 0x0F, 0x0F, 0x0F,
    0x0F, 0x0F, 0x0F, 0x0F, 0x0F, 0x0F, 0x0F, 0x0F, 0x0F, 0x0F, 0x0F, 0x0F, 0x02, 0x02, 0x02, 0x02,
    0x02, 0x02, 0x02, 0x03, 0x02, 0x02, 0x02, 0x03, 0x02, 0x03, 0x02, 0x02, 0x0F, 0x0F, 0x0F, 0x0F,
    0x0F, 0x0F, 0x0F, 0x0F, 0x0F, 0x0F, 0x0F, 0x0F, 0x0F, 0x0F, 0x0F, 0x0C, 0x02, 0x52, 0x0F, 0x0F,
    0x0F, 0x0F, 0x0F, 0x0F, 0x0F, 0x0F, 0x0F, 0x0F, 0x0F, 0x02, 0x02, 0x53, 0x02, 0x02, 0x0F, 0x0F,
    0x0F, 0x0F, 0x0F, 0x0F, 0x0F, 0x0F, 0x0F, 0x0F, 0x0F, 0x0F, 0x03, 0x54, 0x03, 0x0F, 0x0F, 0x0F,
    0x0F, 0x0F, 0x0F, 0x0F, 0x0F, 0x0F, 0x0F, 0x0F, 0x0F, 0x0F, 0x0F, 0x0F, 0x0F, 0x0F, 0x0F, 0x0F,
    0x0F, 0x0F, 0x0F, 0x08, 0x02, 0x52, 0x0F, 0x0F, 0x0F, 0x0F, 0x0F, 0x0F, 0x0F, 0x0F, 0x0F, 0x0F,
    0x0F, 0x0F, 0x0F, 0x0F, 0x0F, 0x0F, 0x0F, 0x0F, 0x0F, 0x0F, 0x0F, 0x0F, 0x0F, 0x02, 0x03, 0x03,
    0x03, 0x03, 0x03, 0x03, 0x03, 0x03, 0x03, 0x44, 0x03, 0x03, 0x25, 0x03, 0x02, 0x02, 0x02, 0x02,
    0x02, 0x02, 0x03, 0x03, 0x04, 0x04, 0x04, 0x04, 0x04, 0x04, 0x04, 0x04, 0x45, 0x04, 0x04, 0x04,
    0x04, 0x04, 0x04, 0x04, 0x04, 0x03, 0x03, 0x03, 0x03, 0x03, 0x03, 0x03, 0x03, 0x03, 0x02, 0x03,
    0x02, 0x02, 0x02, 0x02, 0x02, 0x02, 0x02, 0x01, 0x02, 0x02, 0x01, 0x02, 0x01, 0x02, 0x52, 0x02,
    0x01, 0x52, 0x01, 0x52, 0x01, 0x0F, 0x0F, 0x0F, 0x0F, 0x0F, 0x0F, 0x0F, 0x0F, 0x0F, 0x0F, 0x0F,
    0x0F, 0x0F, 0x0F, 0x0F, 0x0F, 0x0F, 0x0F, 0x0F, 0x0F, 0x0F, 0x0F, 0x0F, 0x0F, 0x0F, 0x02, 0x02,
    0x02, 0x03, 0x03, 0x03, 0x03, 0x03, 0x03, 0x0F, 0x0F, 0x0F, 0x0F, 0x0F, 0x0F, 0x0F, 0x0F, 0x0F,
    0x0F, 0x0F, 0x0F, 0x0F, 0x0F, 0x0F, 0x0F, 0x0F, 0x0F, 0x0F, 0x0F, 0x0F, 0x0F, 0x0F, 0x02, 0x02,
    0x02, 0x02, 0x02, 0x02, 0x02, 0x03, 0x02, 0x02, 0x03, 0x03, 0x0F, 0x0F, 0x0F, 0x0F, 0x0F, 0x0F,
    0x0F, 0x0F, 0x0F, 0x0F, 0x0F, 0x0F, 0x0F, 0x0F, 0x0F, 0x0F, 0x0F, 0x0C, 0x52, 0x02, 0x0F, 0x0F,
    0x0F, 0x0F, 0x0F, 0x0F, 0x0F, 0x0F, 0x0F, 0x0F, 0x0F, 0x02, 0x02, 0x02, 0x02, 0x0F, 0x0F, 0x0F,
    0x0F, 0x0F, 0x0F, 0x0F, 0x0F, 0x0F, 0x0F, 0x0F, 0x0F, 0x03, 0x03, 0x03, 0x03, 0x0F, 0x0F, 0x0F,
    0x0F, 0x0F, 0x0F, 0x0F, 0x0F, 0x0F, 0x0F, 0x0F, 0x0F, 0x0F, 0x0F, 0x0F, 0x0F, 0x0F, 0x0F, 0x0F,
    0x0F, 0x0F, 0x0F, 0x08, 0x52, 0x02, 0x0F, 0x0F, 0x0F, 0x0F, 0x0F, 0x0F, 0x0F, 0x0F, 0x0F, 0x0F,
    0x0F, 0x0F, 0x0F, 0x0F, 0x0F, 0x0F, 0x0F, 0x0F, 0x0F, 0x0F, 0x0F, 0x0F, 0x0F, 0x02, 0x03, 0x24,
    0x03, 0x03, 0x25, 0x03, 0x03, 0x25, 0x03, 0x03, 0x53, 0x03, 0x02, 0x02, 0x02, 0x02, 0x42, 0x02,
    0x02, 0x02, 0x03, 0x03, 0x04, 0x04, 0x88, 0x05, 0x04, 0x04, 0x04, 0x05, 0x04, 0x04, 0x04, 0x44,
    0x04, 0x04, 0x04, 0x04, 0x45, 0x04, 0x04, 0x65, 0x04, 0x04, 0x03, 0x03, 0x03, 0x03, 0x02, 0x03,
    0x02, 0x02, 0x02, 0x02, 0x02, 0x02, 0x52, 0x02, 0x02, 0x52, 0x02, 0x02, 0x52, 0x02, 0x02, 0x01,
    0x02, 0x02, 0x01, 0x02, 0x01, 0x0F, 0x0F, 0x0F, 0x0F, 0x0F, 0x0F, 0x0F, 0x0F, 0x0F, 0x0F, 0x0F,
    0x0F, 0x0F, 0x0F, 0x0F, 0x0F, 0x0F, 0x0F, 0x0F, 0x0F, 0x0F, 0x0F, 0x0F, 0x0F, 0x0F, 0x0F, 0x03,
    0x03, 0x03, 0x03, 0x03, 0x03, 0x0D, 0x0F, 0x0F, 0x0F, 0x0F, 0x0F, 0x0F, 0x0F, 0x0F, 0x0F, 0x0F,
    0x0F, 0x0F, 0x0F, 0x0F, 0x0F, 0x0F, 0x0F, 0x0F, 0x0F, 0x0F, 0x0F, 0x0F, 0x0F, 0x0F, 0x0F, 0x03,
    0x02, 0x02, 0x02, 0x02, 0x02, 0x53, 0x02, 0x03, 0x05, 0x0F, 0x0F, 0x0F, 0x0F, 0x0F, 0x0F, 0x0F,
    0x0F, 0x0F, 0x0F, 0x0F, 0x0F, 0x0F, 0x0F, 0x0F, 0x0F, 0x0F, 0x0F, 0x0C, 0x02, 0x01, 0x0F, 0x0F,
    0x0F, 0x0F, 0x0F, 0x0F, 0x0F, 0x0F, 0x0F, 0x0F, 0x0F, 0x02, 0x52, 0x02, 0x0F, 0x0F, 0x0F, 0x0F,
    0x0F, 0x0F, 0x0F, 0x0F, 0x0F, 0x0F, 0x0F, 0x0F, 0x03, 0x25, 0x03, 0x02, 0x03, 0x0F, 0x0F, 0x0F,
    0x0F, 0x0F, 0x0F, 0x0F, 0x0F, 0x0F, 0x0F, 0x0F, 0x0F, 0x0F, 0x0F, 0x0F, 0x0F, 0x0F, 0x0F, 0x0F,
    0x0F, 0x0F, 0x0F, 0x08, 0x02, 0x02, 0x0F, 0x0F, 0x0F, 0x0F, 0x0F, 0x0F, 0x0F, 0x0F, 0x0F, 0x0F,
    0x0F, 0x0F, 0x0F, 0x0F, 0x0F, 0x0F, 0x0F, 0x0F, 0x0F, 0x0F, 0x0F, 0x0F, 0x0F, 0x02, 0x03, 0x03,
    0x03, 0x03, 0x03, 0x03, 0x03, 0x04, 0x03, 0x03, 0x03, 0x02, 0x03, 0x02, 0x02, 0x02, 0x02, 0x02,
    0x02, 0x03, 0x03, 0x04, 0x04, 0x04, 0x04, 0x05, 0x05, 0x05, 0x88, 0x04, 0x04, 0x45, 0x04, 0x05,
    0x04, 0x45, 0x04, 0x04, 0x04, 0x03, 0x04, 0x04, 0x03, 0x04, 0x44, 0x04, 0x03, 0x03, 0x43, 0x03,
    0x02, 0x03, 0x02, 0x02, 0x02, 0x02, 0x02, 0x02, 0x02, 0x02, 0x02, 0x02, 0x02, 0x02, 0x02, 0x02,
    0x52, 0x02, 0x02, 0x01, 0x02, 0x0F, 0x0F, 0x0F, 0x0F, 0x0F, 0x0F, 0x0F, 0x0F, 0x0F, 0x0F, 0x0F,
    0x0F, 0x0F, 0x0F, 0x0F, 0x0F, 0x0F, 0x0F, 0x0F, 0x0F, 0x0F, 0x0F, 0x0F, 0x0F, 0x0F, 0x0F, 0x0F,
    0x02, 0x03, 0x03, 0x03, 0x0F, 0x0F, 0x0F, 0x0F, 0x0F, 0x0F, 0x0F, 0x0F, 0x0F, 0x0F, 0x0F, 0x0F,
    0x0F, 0x0F, 0x0F, 0x0F, 0x0F, 0x0F, 0x0F, 0x0F, 0x0F, 0x0F, 0x0F, 0x0F, 0x0F, 0x0F, 0x0F, 0x0F,
    0x05, 0x52, 0x02, 0x02, 0x02, 0x02, 0x03, 0x0A, 0x0F, 0x0F, 0x0F, 0x0F, 0x0F, 0x0F, 0x0F, 0x0F,
    0x0F, 0x0F, 0x0F, 0x0F, 0x0F, 0x0F, 0x0F, 0x0F, 0x0F, 0x0F, 0x0F, 0x0C, 0x02, 0x01, 0x0F, 0x0F,
    0x0F, 0x0F, 0x0F, 0x0F, 0x0F, 0x0F, 0x0F, 0x0F, 0x0F, 0x02, 0x02, 0x0F, 0x0F, 0x0F, 0x0F, 0x0F,
    0x0F, 0x0F, 0x0F, 0x0F, 0x0F, 0x0F, 0x0F, 0x24, 0x03, 0x03, 0x02, 0x53, 0x03, 0x0F, 0x0F, 0x0F,
    0x0F, 0x0F, 0x0F, 0x0F, 0x0F, 0x0F, 0x0F, 0x0F, 0x0F, 0x0F, 0x0F, 0x0F, 0x0F, 0x0F, 0x0F, 0x0F,
    0x0F, 0x0F, 0x0F, 0x08, 0x02, 0x52, 0x0F, 0x0F, 0x0F, 0x0F, 0x0F, 0x0F, 0x0F, 0x0F, 0x0F, 0x0F,
    0x0F, 0x0F, 0x0F, 0x0F, 0x0F, 0x0F, 0x0F, 0x0F, 0x0F, 0x0F, 0x0F, 0x0F, 0x0F, 0x03, 0x02, 0x03,
    0x03, 0x03, 0x03, 0x04, 0x03, 0x03, 0x03, 0x03, 0x03, 0x02, 0x02, 0x02, 0x02, 0x23, 0x02, 0x02,
    0x03, 0x04, 0x03, 0x04, 0x26, 0x04, 0x04, 0x04, 0x05, 0x04, 0x04, 0x05, 0x04, 0x05, 0x05, 0x05,
    0x04, 0x05, 0x04, 0x04, 0x66, 0x04, 0x04, 0x03, 0x04, 0x03, 0x04, 0x03, 0x03, 0x03, 0x03, 0x02,
    0x03, 0x02, 0x03, 0x02, 0x03, 0x02, 0x02, 0x03, 0x02, 0x03, 0x02, 0x02, 0x02, 0x02, 0x02, 0x02,
    0x02, 0x02, 0x02, 0x02, 0x02, 0x0F, 0x0F, 0x0F, 0x0F, 0x0F, 0x0F, 0x0F, 0x0F, 0x0F, 0x0F, 0x06,
    0x03, 0x03, 0x05, 0x0F, 0x0F, 0x0F, 0x0F, 0x0F, 0x0F, 0x0F, 0x0F, 0x0F, 0x0F, 0x0F, 0x0F, 0x0F,
    0x02, 0x02, 0x02, 0x07, 0x0F, 0x0F, 0x0F, 0x0F, 0x0F, 0x0F, 0x0F, 0x0F, 0x0F, 0x0F, 0x0F, 0x0F,
    0x0F, 0x0F, 0x0F, 0x0F, 0x0F, 0x0F, 0x0F, 0x0F, 0x0F, 0x0F, 0x0F, 0x0F, 0x0F, 0x0F, 0x0F, 0x0F,
    0x0F, 0x07, 0x02, 0x52, 0x02, 0x02, 0x0C, 0x0F, 0x0F, 0x0F, 0x0F, 0x0F, 0x0F, 0x0F, 0x0F, 0x0F,
    0x0F, 0x0F, 0x0F, 0x0F, 0x0F, 0x0F, 0x0F, 0x0F, 0x0F, 0x0F, 0x0F, 0x0C, 0x52, 0x02, 0x0F, 0x0F,
    0x0F, 0x0F, 0x0F, 0x0F, 0x0F, 0x0F, 0x0F, 0x0F, 0x0F, 0x22, 0x0F, 0x0F, 0x0F, 0x0F, 0x0F, 0x0F,
    0x0F, 0x0F, 0x0F, 0x0F, 0x0F, 0x0F, 0x02, 0x03, 0x02, 0x02, 0x02, 0x02, 0x03, 0x0F, 0x0F, 0x0F,
    0x0F, 0x0F, 0x0F, 0x0F, 0x0F, 0x0F, 0x0F, 0x05, 0x02, 0x03, 0x03, 0x03, 0x02, 0x03, 0x03, 0x02,
    0x03, 0x02, 0x03, 0x02, 0x02, 0x02, 0x02, 0x03, 0x02, 0x03, 0x02, 0x02, 0x0F, 0x0F, 0x0F, 0x0F,
    0x0F, 0x0F, 0x0F, 0x0F, 0x0F, 0x0F, 0x0F, 0x03, 0x02, 0x03, 0x03, 0x03, 0x03, 0x03, 0x03, 0x03,
    0x54, 0x04, 0x03, 0x04, 0x54, 0x04, 0x03, 0x53, 0x03, 0x02, 0x02, 0x24, 0x02, 0x02, 0x03, 0x03,
    0x03, 0x03, 0x04, 0x04, 0x04, 0x05, 0x04, 0x05, 0x05, 0x05, 0x05, 0x04, 0x05, 0x46, 0x06, 0x05,
    0x04, 0x04, 0x04, 0x04, 0x04, 0x04, 0x04, 0x44, 0x04, 0x04, 0x03, 0x03, 0x03, 0x03, 0x03, 0x03,
    0x02, 0x03, 0x02, 0x02, 0x03, 0x53, 0x03, 0x03, 0x03, 0x03, 0x04, 0x03, 0x04, 0x03, 0x03, 0x03,
    0x03, 0x03, 0x02, 0x03, 0x03, 0x0F, 0x0F, 0x0F, 0x0F, 0x0F, 0x0F, 0x0F, 0x0F, 0x0F, 0x0F, 0x05,
    0x51, 0x01, 0x01, 0x02, 0x01, 0x0F, 0x0F, 0x0F, 0x0F, 0x0F, 0x0F, 0x0F, 0x0F, 0x0F, 0x0F, 0x0F,
    0x02, 0x02, 0x02, 0x0F, 0x0F, 0x0F, 0x0F, 0x0F, 0x0F, 0x0F, 0x0F, 0x0F, 0x0F, 0x0F, 0x0F, 0x0F,
    0x0F, 0x0F, 0x0F, 0x0F, 0x0F, 0x0F, 0x0F, 0x0F, 0x0F, 0x0F, 0x0F, 0x0F, 0x0F, 0x0F, 0x0F, 0x0F,
    0x0F, 0x0F, 0x02, 0x02, 0x52, 0x02, 0x0F, 0x0F, 0x0F, 0x0F, 0x0F, 0x0F, 0x0F, 0x0F, 0x0F, 0x0F,
    0x0F, 0x0F, 0x0F, 0x0F, 0x0F, 0x0F, 0x0F, 0x0F, 0x0F, 0x0F, 0x0F, 0x0C, 0x02, 0x22, 0x0F, 0x0F,
    0x0F, 0x0F, 0x0F, 0x0F, 0x0F, 0x0F, 0x0F, 0x0F, 0x0F, 0x0F, 0x0F, 0x0F, 0x0F, 0x0F, 0x0F, 0x0F,
    0x0F, 0x0F, 0x0F, 0x0F, 0x0F, 0x02, 0x02, 0x02, 0x53, 0x03, 0x02, 0x53, 0x03, 0x0F, 0x0F, 0x0F,
    0x0F, 0x0F, 0x0F, 0x0F, 0x0F, 0x0F, 0x0F, 0x04, 0x52, 0x02, 0x23, 0x02, 0x02, 0x23, 0x02, 0x52,
    0x02, 0x52, 0x02, 0x02, 0x02, 0x02, 0x02, 0x02, 0x42, 0x52, 0x02, 0x02, 0x0F, 0x0F, 0x0F, 0x0F,
    0x0F, 0x0F, 0x0F, 0x0F, 0x0F, 0x0F, 0x0F, 0x52, 0x02, 0x02, 0x53, 0x03, 0x03, 0x53, 0x03, 0x04,
    0x03, 0x03, 0x04, 0x03, 0x03, 0x03, 0x03, 0x43, 0x02, 0x03, 0x02, 0x02, 0x03, 0x03, 0x03, 0x04,
    0x04, 0x04, 0x04, 0x04, 0x05, 0x05, 0x05, 0x05, 0x05, 0x88, 0x05, 0x45, 0x05, 0x05, 0x06, 0x06,
    0x05, 0x04, 0x67, 0x05, 0x04, 0x04, 0x04, 0x04, 0x03, 0x04, 0x65, 0x04, 0x03, 0x03, 0x03, 0x03,
    0x03, 0x03, 0x03, 0x02, 0x03, 0x02, 0x03, 0x03, 0x04, 0x03, 0x04, 0x04, 0x04, 0x04, 0x04, 0x03,
    0x03, 0x03, 0x03, 0x03, 0x03, 0x0F, 0x0F, 0x0F, 0x0F, 0x0F, 0x0F, 0x0F, 0x0F, 0x0F, 0x0F, 0x05,
    0x01, 0x01, 0x52, 0x01, 0x01, 0x0F, 0x0F, 0x0F, 0x0F, 0x0F, 0x0F, 0x0F, 0x0F, 0x0F, 0x0F, 0x0F,
    0x01, 0x01, 0x0F, 0x0F, 0x0F, 0x0F, 0x0F, 0x0F, 0x0F, 0x0F, 0x0F, 0x0F, 0x0F, 0x0F, 0x0E, 0x03,
    0x03, 0x03, 0x03, 0x03, 0x03, 0x03, 0x0E, 0x0F, 0x0F, 0x0F, 0x0F, 0x0F, 0x0F, 0x0F, 0x0F, 0x0F,
    0x0F, 0x0F, 0x09, 0x01, 0x02, 0x0E, 0x0F, 0x0F, 0x0F, 0x0F, 0x0F, 0x0F, 0x0F, 0x0F, 0x0F, 0x0F,
    0x0F, 0x0C, 0x53, 0x02, 0x02, 0x53, 0x02, 0x23, 0x02, 0x52, 0x0F, 0x0C, 0x02, 0x02, 0x0F, 0x0F,
    0x0F, 0x0F, 0x0F, 0x0F, 0x0F, 0x0F, 0x0F, 0x0F, 0x0F, 0x0F, 0x0F, 0x0F, 0x0F, 0x0F, 0x0F, 0x0F,
    0x0F, 0x0F, 0x0F, 0x0D, 0x53, 0x03, 0x03, 0x03, 0x03, 0x03, 0x03, 0x02, 0x03, 0x0F, 0x0F, 0x0F,
    0x0F, 0x0F, 0x0F, 0x0F, 0x0F, 0x0F, 0x0F, 0x03, 0x42, 0x02, 0x02, 0x01, 0x02, 0x02, 0x01, 0x02,
    0x42, 0x02, 0x02, 0x02, 0x02, 0x52, 0x02, 0x02, 0x02, 0x02, 0x02, 0x02, 0x0F, 0x0F, 0x0F, 0x0F,
    0x0F, 0x0F, 0x0F, 0x0F, 0x0F, 0x0F, 0x0F, 0x02, 0x02, 0x03, 0x02, 0x03, 0x03, 0x03, 0x03, 0x03,
    0x03, 0x03, 0x54, 0x03, 0x03, 0x03, 0x53, 0x03, 0x02, 0x02, 0x02, 0x03, 0x04, 0x04, 0x05, 0x05,
    0x05, 0x88, 0x05, 0x06, 0x05, 0x06, 0x06, 0x88, 0x06, 0x04, 0x04, 0x05, 0x05, 0x06, 0x47, 0x07,
    0x04, 0x05, 0x04, 0x04, 0x04, 0x45, 0x04, 0x04, 0x65, 0x04, 0x04, 0x03, 0x03, 0x03, 0x03, 0x03,
    0x03, 0x02, 0x03, 0x03, 0x02, 0x03, 0x03, 0x03, 0x03, 0x03, 0x03, 0x03, 0x03, 0x03, 0x03, 0x03,
    0x03, 0x03, 0x02, 0x02, 0x02, 0x0F, 0x0F, 0x0F, 0x0F, 0x0F, 0x0F, 0x0F, 0x0F, 0x0F, 0x0F, 0x04,
    0x01, 0x01, 0x01, 0x01, 0x02, 0x0F, 0x0F, 0x0F, 0x0F, 0x0F, 0x0F, 0x0F, 0x0F, 0x0F, 0x0F, 0x0F,
    0x01, 0x01, 0x0F, 0x0F, 0x0F, 0x0F, 0x0F, 0x0F, 0x0F, 0x0F, 0x0F, 0x0F, 0x0F, 0x04, 0x03, 0x03,
    0x03, 0x54, 0x03, 0x03, 0x54, 0x03, 0x03, 0x0D, 0x0F, 0x0F, 0x0F, 0x0F, 0x0F, 0x0F, 0x0F, 0x0F,
    0x0F, 0x0F, 0x0F, 0x02, 0x02, 0x0F, 0x0F, 0x0F, 0x0F, 0x0F, 0x0F, 0x0F, 0x0F, 0x0F, 0x0F, 0x0F,
    0x08, 0x03, 0x02, 0x03, 0x02, 0x02, 0x02, 0x02, 0x02, 0x02, 0x02, 0x52, 0x02, 0x52, 0x0F, 0x0F,
    0x0F, 0x0F, 0x0F, 0x0F, 0x0F, 0x0F, 0x0F, 0x0F, 0x0F, 0x0F, 0x0F, 0x0F, 0x0F, 0x0F, 0x0F, 0x0F,
    0x0F, 0x0F, 0x0F, 0x03, 0x03, 0x03, 0x53, 0x03, 0x03, 0x53, 0x03, 0x02, 0x03, 0x0F, 0x0F, 0x0F,
    0x0F, 0x0F, 0x0F, 0x0F, 0x0F, 0x0F, 0x0F, 0x0F, 0x0F, 0x0F, 0x0F, 0x0F, 0x0F, 0x0F, 0x0F, 0x0F,
    0x0F, 0x02, 0x02, 0x02, 0x02, 0x02, 0x02, 0x03, 0x53, 0x02, 0x02, 0x02, 0x0F, 0x0F, 0x0F, 0x0F,
    0x0F, 0x0F, 0x0F, 0x0F, 0x0F, 0x0F, 0x0F, 0x02, 0x02, 0x03, 0x02, 0x03, 0x03, 0x03, 0x03, 0x04,
    0x04, 0x04, 0x04, 0x03, 0x03, 0x24, 0x03, 0x02, 0x02, 0x03, 0x03, 0x04, 0x05, 0x05, 0x05, 0x05,
    0x05, 0x06, 0x06, 0x06, 0x06, 0x88, 0x06, 0x05, 0x05, 0x04, 0x05, 0x06, 0x47, 0x07, 0x07, 0x07,
    0x05, 0x04, 0x05, 0x46, 0x05, 0x04, 0x04, 0x04, 0x04, 0x04, 0x03, 0x04, 0x03, 0x04, 0x03, 0x03,
    0x03, 0x03, 0x03, 0x03, 0x03, 0x53, 0x03, 0x03, 0x53, 0x03, 0x03, 0x03, 0x53, 0x03, 0x53, 0x03,
    0x52, 0x02, 0x53, 0x02, 0x02, 0x0F, 0x0F, 0x0F, 0x0F, 0x0F, 0x0F, 0x0F, 0x0F, 0x0F, 0x0F, 0x05,
    0x01, 0x01, 0x02, 0x01, 0x03, 0x0F, 0x0F, 0x0F, 0x0F, 0x0F, 0x0F, 0x0F, 0x0F, 0x0F, 0x0F, 0x0E,
    0x01, 0x03, 0x0F, 0x0F, 0x0F, 0x0F, 0x0F, 0x0F, 0x0F, 0x0F, 0x0F, 0x0F, 0x0F, 0x03, 0x03, 0x54,
    0x03, 0x03, 0x03, 0x03, 0x03, 0x03, 0x03, 0x54, 0x0F, 0x0F, 0x0F, 0x0F, 0x0F, 0x0F, 0x0F, 0x0F,
    0x0F, 0x0F, 0x0F, 0x52, 0x02, 0x0F, 0x0F, 0x0F, 0x0F, 0x0F, 0x0F, 0x0F, 0x0F, 0x0F, 0x0F, 0x0F,
    0x53, 0x03, 0x02, 0x53, 0x02, 0x02, 0x02, 0x53, 0x02, 0x02, 0x02, 0x02, 0x01, 0x02, 0x0F, 0x0F,
    0x0F, 0x0F, 0x0F, 0x0F, 0x0F, 0x0F, 0x0F, 0x0F, 0x0F, 0x0F, 0x0F, 0x0F, 0x0F, 0x0F, 0x0F, 0x0F,
    0x0F, 0x0F, 0x03, 0x53, 0x03, 0x03, 0x03, 0x03, 0x03, 0x02, 0x03, 0x52, 0x03, 0x0F, 0x0F, 0x0F,
    0x0F, 0x0F, 0x0F, 0x0F, 0x0F, 0x0F, 0x0F, 0x0F, 0x0F, 0x0F, 0x0F, 0x0F, 0x0F, 0x0F, 0x0F, 0x0F,
    0x0F, 0x02, 0x53, 0x03, 0x02, 0x03, 0x53, 0x03, 0x02, 0x03, 0x03, 0x53, 0x0F, 0x0F, 0x0F, 0x0F,
    0x0F, 0x0F, 0x0F, 0x0F, 0x0F, 0x0F, 0x0F, 0x02, 0x03, 0x53, 0x03, 0x03, 0x03, 0x04, 0x04, 0x54,
    0x04, 0x04, 0x04, 0x03, 0x03, 0x03, 0x03, 0x02, 0x03, 0x03, 0x04, 0x05, 0x05, 0x06, 0x06, 0x06,
    0x06, 0x05, 0x06, 0x06, 0x06, 0x06, 0x05, 0x05, 0x04, 0x46, 0x06, 0x06, 0x07, 0x07, 0x07, 0x48,
    0x05, 0x46, 0x05, 0x05, 0x04, 0x04, 0x04, 0x04, 0x04, 0x04, 0x04, 0x03, 0x04, 0x03, 0x03, 0x03,
    0x03, 0x03, 0x03, 0x03, 0x03, 0x03, 0x03, 0x03, 0x03, 0x03, 0x53, 0x03, 0x03, 0x02, 0x03, 0x02,
    0x02, 0x02, 0x02, 0x02, 0x52, 0x0F, 0x0F, 0x0F, 0x0F, 0x0F, 0x0F, 0x0F, 0x0F, 0x0F, 0x0F, 0x0F,
    0x0F, 0x0F, 0x0F, 0x0F, 0x0F, 0x0F, 0x0F, 0x0F, 0x0F, 0x0F, 0x0F, 0x0F, 0x0F, 0x0F, 0x0F, 0x02,
    0x02, 0x05, 0x0F, 0x0F, 0x0F, 0x0F, 0x0F, 0x0F, 0x0F, 0x0F, 0x0F, 0x0F, 0x03, 0x53, 0x03, 0x03,
    0x04, 0x03, 0x04, 0x03, 0x03, 0x54, 0x03, 0x03, 0x0D, 0x0F, 0x0F, 0x0F, 0x0F, 0x0F, 0x0F, 0x0F,
    0x0F, 0x0F, 0x0F, 0x02, 0x01, 0x0F, 0x0F, 0x0F, 0x0F, 0x0F, 0x0F, 0x0F, 0x0F, 0x0F, 0x0F, 0x07,
    0x02, 0x02, 0x02, 0x02, 0x02, 0x53, 0x02, 0x02, 0x02, 0x52, 0x02, 0x52, 0x02, 0x52, 0x0F, 0x0F,
    0x0F, 0x0F, 0x0F, 0x0F, 0x0F, 0x0F, 0x0F, 0x0F, 0x0F, 0x0F, 0x0F, 0x0F, 0x0F, 0x0F, 0x0F, 0x0F,
    0x0F, 0x23, 0x02, 0x02, 0x02, 0x02, 0x24, 0x03, 0x02, 0x24, 0x02, 0x02, 0x02, 0x0F, 0x0F, 0x0F,
    0x0F, 0x0F, 0x0F, 0x0F, 0x0F, 0x0F, 0x0F, 0x0F, 0x0F, 0x0F, 0x0F, 0x0F, 0x0F, 0x0F, 0x0F, 0x0F,
    0x0F, 0x03, 0x02, 0x03, 0x53, 0x03, 0x03, 0x03, 0x02, 0x02, 0x02, 0x02, 0x0F, 0x0F, 0x0F, 0x0F,
    0x0F, 0x0F, 0x0F, 0x0F, 0x0F, 0x0F, 0x0F, 0x03, 0x03, 0x03, 0x03, 0x04, 0x04, 0x54, 0x05, 0x04,
    0x88, 0x04, 0x03, 0x03, 0x03, 0x03, 0x02, 0x03, 0x03, 0x04, 0x05, 0x06, 0x06, 0x88, 0x06, 0x06,
    0x06, 0x06, 0x06, 0x06, 0x06, 0x05, 0x05, 0x05, 0x05, 0x06, 0x06, 0x07, 0x48, 0x07, 0x07, 0x08,
    0x05, 0x05, 0x05, 0x04, 0x05, 0x04, 0x05, 0x04, 0x04, 0x04, 0x04, 0x04, 0x04, 0x44, 0x04, 0x03,
    0x04, 0x03, 0x03, 0x03, 0x54, 0x03, 0x03, 0x03, 0x53, 0x03, 0x03, 0x02, 0x03, 0x02, 0x02, 0x02,
    0x02, 0x02, 0x02, 0x42, 0x02, 0x0F, 0x0F, 0x0F, 0x0F, 0x0F, 0x0F, 0x0F, 0x0F, 0x0F, 0x0F, 0x0F,
    0x0F, 0x0F, 0x0F, 0x0F, 0x0F, 0x0F, 0x0F, 0x0F, 0x0F, 0x0F, 0x0F, 0x0F, 0x0F, 0x0F, 0x02, 0x03,
    0x52, 0x04, 0x0F, 0x0F, 0x0F, 0x0F, 0x0F, 0x0F, 0x0F, 0x0F, 0x0F, 0x0F, 0x07, 0x03, 0x03, 0x03,
    0x03, 0x54, 0x03, 0x04, 0x03, 0x03, 0x03, 0x03, 0x0F, 0x0F, 0x0F, 0x0F, 0x0F, 0x0F, 0x0F, 0x0F,
    0x0F, 0x0F, 0x0F, 0x01, 0x02, 0x0F, 0x0F, 0x0F, 0x0F, 0x0F, 0x0F, 0x0F, 0x0F, 0x0F, 0x0F, 0x0E,
    0x02, 0x53, 0x02, 0x02, 0x02, 0x02, 0x02, 0x02, 0x02, 0x02, 0x02, 0x02, 0x02, 0x02, 0x0F, 0x0F,
    0x0F, 0x0F, 0x0F, 0x0F, 0x0F, 0x0F, 0x0F, 0x0F, 0x0F, 0x0F, 0x0F, 0x0F, 0x0F, 0x0F, 0x0F, 0x0F,
    0x0F, 0x04, 0x02, 0x02, 0x02, 0x03, 0x02, 0x02, 0x02, 0x02, 0x02, 0x02, 0x02, 0x0F, 0x0F, 0x0F,
    0x0F, 0x0F, 0x0F, 0x0F, 0x0F, 0x0F, 0x0F, 0x0F, 0x0F, 0x0F, 0x0F, 0x0F, 0x0F, 0x0F, 0x0F, 0x0F,
    0x0F, 0x02, 0x03, 0x02, 0x03, 0x03, 0x02, 0x03, 0x53, 0x03, 0x02, 0x02, 0x0F, 0x0F, 0x0F, 0x0F,
    0x0F, 0x0F, 0x0F, 0x0F, 0x0F, 0x0F, 0x0F, 0x03, 0x03, 0x03, 0x04, 0x04, 0x04, 0x04, 0x04, 0x04,
    0x04, 0x03, 0x03, 0x03, 0x25, 0x03, 0x02, 0x03, 0x03, 0x05, 0x88, 0x06, 0x06, 0x06, 0x07, 0x57,
    0x07, 0x06, 0x86, 0x07, 0x05, 0x88, 0x05, 0x46, 0x06, 0x06, 0x49, 0x07, 0x07, 0x07, 0x49, 0x07,
    0x04, 0x05, 0x05, 0x04, 0x05, 0x67, 0x05, 0x04, 0x04, 0x45, 0x04, 0x04, 0x04, 0x04, 0x04, 0x03,
    0x03, 0x03, 0x03, 0x03, 0x03, 0x03, 0x02, 0x03, 0x03, 0x43, 0x03, 0x02, 0x02, 0x03, 0x02, 0x02,
    0x02, 0x02, 0x02, 0x02, 0x02, 0x0F, 0x0F, 0x0F, 0x0F, 0x0F, 0x0F, 0x0F, 0x0F, 0x0F, 0x0F, 0x0F,
    0x0F, 0x0F, 0x0F, 0x0F, 0x0F, 0x0F, 0x0F, 0x0F, 0x0F, 0x0F, 0x0F, 0x0B, 0x03, 0x03, 0x03, 0x03,
    0x02, 0x02, 0x0F, 0x0F, 0x0F, 0x0F, 0x0F, 0x0F, 0x0F, 0x0F, 0x0F, 0x0F, 0x0F, 0x03, 0x03, 0x54,
    0x04, 0x03, 0x03, 0x54, 0x03, 0x03, 0x03, 0x03, 0x0F, 0x0F, 0x0F, 0x0F, 0x0F, 0x0F, 0x0F, 0x0F,
    0x0F, 0x0F, 0x0F, 0x52, 0x01, 0x0F, 0x0F, 0x0F, 0x0F, 0x0F, 0x0F, 0x0F, 0x0F, 0x0F, 0x0F, 0x0F,
    0x02, 0x02, 0x02, 0x53, 0x03, 0x02, 0x53, 0x03, 0x02, 0x53, 0x02, 0x02, 0x02, 0x02, 0x0F, 0x0F,
    0x0F, 0x0F, 0x0F, 0x0F, 0x0F, 0x0F, 0x0F, 0x0F, 0x0F, 0x0F, 0x0F, 0x0F, 0x0F, 0x0F, 0x0F, 0x0F,
    0x0F, 0x0F, 0x0C, 0x02, 0x23, 0x02, 0x02, 0x02, 0x02, 0x53, 0x02, 0x02, 0x02, 0x0F, 0x0F, 0x0F,
    0x0F, 0x0F, 0x0F, 0x0F, 0x0F, 0x0F, 0x0F, 0x0F, 0x0F, 0x0F, 0x0F, 0x0F, 0x0F, 0x0F, 0x0F, 0x0F,
    0x0F, 0x53, 0x03, 0x03, 0x53, 0x03, 0x53, 0x03, 0x02, 0x02, 0x53, 0x02, 0x0F, 0x0F, 0x0F, 0x0F,
    0x0F, 0x0F, 0x0F, 0x0F, 0x0F, 0x0F, 0x0F, 0x03, 0x54, 0x04, 0x03, 0x54, 0x04, 0x04, 0x26, 0x04,
    0x03, 0x03, 0x03, 0x03, 0x03, 0x03, 0x03, 0x04, 0x04, 0x05, 0x05, 0x06, 0x06, 0x06, 0x06, 0x07,
    0x06, 0x07, 0x06, 0x05, 0x05, 0x05, 0x05, 0x06, 0x06, 0x07, 0x07, 0x07, 0x49, 0x07, 0x07, 0x06,
    0x05, 0x66, 0x05, 0x05, 0x04, 0x05, 0x04, 0x05, 0x04, 0x05, 0x04, 0x04, 0x04, 0x03, 0x03, 0x04,
    0x03, 0x03, 0x03, 0x44, 0x03, 0x03, 0x03, 0x43, 0x03, 0x03, 0x02, 0x03, 0x03, 0x02, 0x03, 0x02,
    0x03, 0x02, 0x02, 0x52, 0x02, 0x0F, 0x0F, 0x0F, 0x0F, 0x0F, 0x0F, 0x0F, 0x0F, 0x0F, 0x0F, 0x0F,
    0x0F, 0x0F, 0x0F, 0x0F, 0x0F, 0x0F, 0x0F, 0x0F, 0x0F, 0x0F, 0x04, 0x03, 0x03, 0x54, 0x04, 0x03,
    0x53, 0x02, 0x0F, 0x0F, 0x0F, 0x0F, 0x0F, 0x0F, 0x0F, 0x0F, 0x0F, 0x0F, 0x0F, 0x0F, 0x03, 0x03,
    0x03, 0x03, 0x03, 0x03, 0x03, 0x54, 0x03, 0x0F, 0x0F, 0x0F, 0x0F, 0x0F, 0x0F, 0x0F, 0x0F, 0x0F,
    0x0F, 0x0F, 0x0F, 0x01, 0x02, 0x0F, 0x0F, 0x0F, 0x0F, 0x0F, 0x0F, 0x0F, 0x0F, 0x0F, 0x0F, 0x0F,
    0x0F, 0x03, 0x02, 0x02, 0x02, 0x03, 0x02, 0x02, 0x02, 0x02, 0x02, 0x0C, 0x02, 0x02, 0x0F, 0x0F,
    0x0F, 0x0F, 0x0F, 0x0F, 0x0F, 0x0F, 0x0F, 0x0F, 0x0F, 0x0F, 0x0F, 0x0F, 0x0F, 0x0F, 0x0F, 0x0F,
    0x0F, 0x0F, 0x0F, 0x02, 0x02, 0x03, 0x53, 0x03, 0x02, 0x03, 0x02, 0x53, 0x03, 0x0F, 0x0F, 0x0F,
    0x0F, 0x0F, 0x0F, 0x0F, 0x0F, 0x0F, 0x0F, 0x08, 0x06, 0x06, 0x06, 0x06, 0x06, 0x06, 0x06, 0x06,
    0x06, 0x03, 0x02, 0x03, 0x03, 0x02, 0x03, 0x02, 0x03, 0x02, 0x03, 0x02, 0x0F, 0x0F, 0x0F, 0x0F,
    0x0F, 0x0F, 0x0F, 0x0F, 0x0F, 0x0F, 0x0F, 0x03, 0x03, 0x03, 0x04, 0x04, 0x03, 0x04, 0x04, 0x03,
    0x03, 0x03, 0x54, 0x43, 0x03, 0x02, 0x03, 0x04, 0x05, 0x05, 0x05, 0x06, 0x06, 0x06, 0x06, 0x06,
    0x88, 0x06, 0x05, 0x05, 0x46, 0x05, 0x06, 0x47, 0x07, 0x48, 0x07, 0x06, 0x07, 0x06, 0x6A, 0x06,
    0x05, 0x04, 0x05, 0x45, 0x05, 0x05, 0x04, 0x45, 0x04, 0x04, 0x04, 0x44, 0x04, 0x04, 0x44, 0x03,
    0x03, 0x44, 0x03, 0x03, 0x03, 0x43, 0x03, 0x03, 0x03, 0x03, 0x03, 0x03, 0x03, 0x03, 0x53, 0x03,
    0x03, 0x53, 0x03, 0x02, 0x02, 0x0F, 0x0F, 0x0F, 0x0F, 0x0F, 0x0F, 0x0F, 0x0F, 0x0F, 0x0F, 0x09,
    0x0F, 0x0F, 0x0F, 0x0F, 0x0F, 0x0F, 0x0F, 0x0F, 0x0F, 0x0F, 0x0F, 0x03, 0x04, 0x04, 0x03, 0x04,
    0x03, 0x02, 0x04, 0x0F, 0x0F, 0x0F, 0x0F, 0x0F, 0x0F, 0x0F, 0x0F, 0x0F, 0x0F, 0x0F, 0x0F, 0x0F,
    0x05, 0x53, 0x03, 0x53, 0x0A, 0x0F, 0x0F, 0x0F, 0x0F, 0x0F, 0x0F, 0x0F, 0x0F, 0x0F, 0x0F, 0x0F,
    0x0F, 0x0F, 0x02, 0x52, 0x01, 0x02, 0x0F, 0x0F, 0x0F, 0x0F, 0x0F, 0x0F, 0x0F, 0x0F, 0x0F, 0x0F,
    0x0F, 0x0F, 0x0F, 0x09, 0x24, 0x02, 0x02, 0x03, 0x0F, 0x0F, 0x0F, 0x0D, 0x23, 0x02, 0x0F, 0x0F,
    0x0F, 0x0F, 0x0F, 0x0F, 0x0F, 0x0F, 0x0F, 0x0F, 0x0F, 0x0F, 0x0F, 0x0F, 0x0F, 0x0F, 0x0F, 0x0F,
    0x0F, 0x0F, 0x0F, 0x0F, 0x03, 0x02, 0x03, 0x03, 0x53, 0x03, 0x03, 0x02, 0x03, 0x0F, 0x0F, 0x0F,
    0x0F, 0x0F, 0x0F, 0x0F, 0x0F, 0x0F, 0x0F, 0x04, 0x52, 0x02, 0x53, 0x02, 0x02, 0x53, 0x02, 0x02,
    0x03, 0x03, 0x53, 0x03, 0x03, 0x03, 0x02, 0x03, 0x53, 0x02, 0x03, 0x02, 0x0F, 0x0F, 0x0F, 0x0F,
    0x0F, 0x0F, 0x0F, 0x0F, 0x0F, 0x0F, 0x0F, 0x03, 0x03, 0x03, 0x54, 0x04, 0x03, 0x04, 0x03, 0x03,
    0x03, 0x03, 0x03, 0x03, 0x03, 0x03, 0x04, 0x05, 0x88, 0x05, 0x06, 0x05, 0x06, 0x86, 0x07, 0x06,
    0x06, 0x06, 0x46, 0x05, 0x06, 0x06, 0x47, 0x07, 0x06, 0x07, 0x06, 0x6B, 0x07, 0x07, 0x07, 0x06,
    0x05, 0x04, 0x05, 0x04, 0x05, 0x45, 0x05, 0x05, 0x04, 0x04, 0x04, 0x04, 0x04, 0x03, 0x04, 0x04,
    0x04, 0x04, 0x04, 0x04, 0x04, 0x04, 0x03, 0x04, 0x54, 0x04, 0x03, 0x03, 0x54, 0x04, 0x03, 0x03,
    0x03, 0x03, 0x03, 0x02, 0x03, 0x0F, 0x0F, 0x0F, 0x0F, 0x0F, 0x0F, 0x0F, 0x0F, 0x0F, 0x0F, 0x05,
    0x03, 0x0F, 0x0F, 0x0F, 0x0F, 0x0F, 0x0F, 0x0F, 0x0F, 0x0F, 0x0F, 0x0F, 0x04, 0x54, 0x04, 0x03,
    0x03, 0x03, 0x53, 0x0F, 0x0F, 0x0F, 0x0F, 0x0F, 0x0F, 0x0F, 0x0F, 0x0F, 0x0F, 0x0F, 0x0F, 0x0F,
    0x0F, 0x0F, 0x0F, 0x0F, 0x0F, 0x0F, 0x0F, 0x0F, 0x0F, 0x0F, 0x0F, 0x0F, 0x0F, 0x0F, 0x0F, 0x0F,
    0x0F, 0x0F, 0x02, 0x02, 0x02, 0x02, 0x0F, 0x0F, 0x0F, 0x0F, 0x0F, 0x0F, 0x0F, 0x0F, 0x0F, 0x0F,
    0x0F, 0x0F, 0x0F, 0x0F, 0x0F, 0x0F, 0x0F, 0x0F, 0x0F, 0x0F, 0x0F, 0x0C, 0x02, 0x01, 0x0F, 0x0F,
    0x0F, 0x0F, 0x0F, 0x0F, 0x0F, 0x0F, 0x0F, 0x0F, 0x0F, 0x01, 0x0F, 0x0F, 0x0F, 0x0F, 0x0F, 0x0F,
    0x0F, 0x0F, 0x0F, 0x0F, 0x0F, 0x08, 0x53, 0x03, 0x03, 0x02, 0x53, 0x02, 0x03, 0x0F, 0x0F, 0x0F,
    0x0F, 0x0F, 0x0F, 0x0F, 0x0F, 0x0F, 0x0F, 0x04, 0x52, 0x02, 0x02, 0x02, 0x02, 0x02, 0x02, 0x53,
    0x02, 0x03, 0x03, 0x03, 0x53, 0x03, 0x53, 0x03, 0x02, 0x03, 0x02, 0x03, 0x0F, 0x0F, 0x0F, 0x0F,
    0x0F, 0x0F, 0x0F, 0x0F, 0x0F, 0x0F, 0x0F, 0x53, 0x03, 0x03, 0x03, 0x44, 0x54, 0x03, 0x03, 0x03,
    0x03, 0x03, 0x43, 0x03, 0x03, 0x04, 0x04, 0x05, 0x05, 0x05, 0x06, 0x06, 0x07, 0x07, 0x06, 0x06,
    0x05, 0x05, 0x06, 0x05, 0x47, 0x07, 0x07, 0x06, 0x07, 0x48, 0x07, 0x07, 0x07, 0x48, 0x06, 0x06,
    0x05, 0x46, 0x05, 0x67, 0x05, 0x05, 0x04, 0x05, 0x45, 0x05, 0x04, 0x45, 0x04, 0x04, 0x04, 0x04,
    0x04, 0x04, 0x04, 0x04, 0x04, 0x04, 0x04, 0x04, 0x04, 0x04, 0x04, 0x04, 0x04, 0x04, 0x04, 0x54,
    0x04, 0x03, 0x54, 0x03, 0x03, 0x0F, 0x0F, 0x0F, 0x0F, 0x0F, 0x0F, 0x0F, 0x0F, 0x0F, 0x0F, 0x05,
    0x52, 0x0F, 0x0F, 0x0F, 0x0F, 0x0F, 0x0F, 0x0F, 0x0F, 0x0F, 0x0F, 0x0F, 0x0F, 0x03, 0x04, 0x54,
    0x04, 0x03, 0x02, 0x02, 0x0F, 0x0F, 0x0F, 0x0F, 0x0F, 0x0F, 0x0F, 0x0F, 0x0F, 0x0F, 0x0F, 0x0F,
    0x0F, 0x0F, 0x0F, 0x0F, 0x0F, 0x0F, 0x0F, 0x0F, 0x0F, 0x0F, 0x0F, 0x0F, 0x0F, 0x0F, 0x0F, 0x0F,
    0x0F, 0x03, 0x02, 0x02, 0x02, 0x02, 0x02, 0x0F, 0x0F, 0x0F, 0x0F, 0x0F, 0x0F, 0x0F, 0x0F, 0x0F,
    0x0F, 0x0F, 0x0F, 0x0F, 0x0F, 0x0F, 0x0F, 0x0F, 0x0F, 0x0F, 0x0F, 0x0C, 0x02, 0x02, 0x0F, 0x0F,
    0x0F, 0x0F, 0x0F, 0x0F, 0x0F, 0x0F, 0x0F, 0x0F, 0x0F, 0x02, 0x02, 0x0F, 0x0F, 0x0F, 0x0F, 0x0F,
    0x0F, 0x0F, 0x0F, 0x0F, 0x0F, 0x0F, 0x03, 0x02, 0x53, 0x03, 0x02, 0x02, 0x02, 0x0F, 0x0F, 0x0F,
    0x0F, 0x0F, 0x0F, 0x0F, 0x0F, 0x0F, 0x0F, 0x0F, 0x0F, 0x0F, 0x0F, 0x0F, 0x0F, 0x0F, 0x0F, 0x0F,
    0x0F, 0x0F, 0x0F, 0x08, 0x03, 0x03, 0x03, 0x02, 0x03, 0x02, 0x03, 0x53, 0x0F, 0x0F, 0x0F, 0x0F,
    0x0F, 0x0F, 0x0F, 0x0F, 0x0F, 0x0F, 0x0F, 0x03, 0x02, 0x03, 0x02, 0x03, 0x03, 0x43, 0x03, 0x24,
    0x03, 0x03, 0x03, 0x03, 0x04, 0x05, 0x05, 0x05, 0x06, 0x06, 0x06, 0x07, 0x07, 0x07, 0x06, 0x06,
    0x47, 0x06, 0x06, 0x06, 0x07, 0x06, 0x07, 0x48, 0x07, 0x07, 0x07, 0x07, 0x06, 0x07, 0x06, 0x06,
    0x06, 0x06, 0x06, 0x06, 0x06, 0x05, 0x05, 0x05, 0x05, 0x04, 0x05, 0x04, 0x05, 0x04, 0x04, 0x04,
    0x05, 0x04, 0x05, 0x04, 0x05, 0x04, 0x05, 0x05, 0x04, 0x05, 0x55, 0x05, 0x04, 0x04, 0x04, 0x04,
    0x03, 0x03, 0x03, 0x03, 0x53, 0x0F, 0x0F, 0x0F, 0x0F, 0x0F, 0x0F, 0x0F, 0x0F, 0x0F, 0x0F, 0x05,
    0x02, 0x02, 0x0D, 0x0F, 0x0F, 0x0F, 0x0F, 0x0F, 0x0F, 0x0F, 0x0F, 0x0F, 0x0F, 0x0F, 0x03, 0x03,
    0x03, 0x53, 0x03, 0x02, 0x01, 0x0F, 0x0F, 0x0F, 0x0F, 0x0F, 0x0F, 0x0F, 0x0F, 0x0F, 0x0F, 0x0F,
    0x0F, 0x0F, 0x0F, 0x0F, 0x0F, 0x0F, 0x0F, 0x0F, 0x0F, 0x0F, 0x0F, 0x0F, 0x0F, 0x0F, 0x0F, 0x0F,
    0x02, 0x03, 0x03, 0x02, 0x03, 0x02, 0x02, 0x02, 0x0F, 0x0F, 0x0F, 0x0F, 0x0F, 0x0F, 0x0F, 0x0F,
    0x0F, 0x0F, 0x0F, 0x0F, 0x0F, 0x0F, 0x0F, 0x0F, 0x0F, 0x0F, 0x0F, 0x0D, 0x52, 0x02, 0x0F, 0x0F,
    0x0F, 0x0F, 0x0F, 0x0F, 0x0F, 0x0F, 0x0F, 0x0F, 0x0F, 0x02, 0x52, 0x03, 0x0F, 0x0F, 0x0F, 0x0F,
    0x0F, 0x0F, 0x0F, 0x0F, 0x0F, 0x0F, 0x0F, 0x04, 0x02, 0x02, 0x02, 0x52, 0x03, 0x0F, 0x0F, 0x0F,
    0x0F, 0x0F, 0x0F, 0x0F, 0x0F, 0x0F, 0x0F, 0x0F, 0x0F, 0x0F, 0x0F, 0x0F, 0x0F, 0x0F, 0x0F, 0x0F,
    0x0F, 0x0F, 0x0F, 0x09, 0x03, 0x02, 0x03, 0x02, 0x53, 0x03, 0x02, 0x43, 0x0F, 0x0F, 0x0F, 0x0F,
    0x0F, 0x0F, 0x0F, 0x0F, 0x0F, 0x0F, 0x0F, 0x02, 0x02, 0x24, 0x03, 0x02, 0x03, 0x02, 0x03, 0x03,
    0x02, 0x43, 0x04, 0x04, 0x05, 0x88, 0x06, 0x06, 0x06, 0x07, 0x07, 0x07, 0x88, 0x07, 0x06, 0x06,
    0x06, 0x06, 0x48, 0x07, 0x07, 0x48, 0x07, 0x07, 0x07, 0x07, 0x48, 0x07, 0x06, 0x06, 0x47, 0x06,
    0x07, 0x07, 0x07, 0x06, 0x06, 0x06, 0x06, 0x05, 0x05, 0x05, 0x04, 0x05, 0x04, 0x04, 0x04, 0x04,
    0x04, 0x04, 0x04, 0x88, 0x04, 0x55, 0x05, 0x55, 0x05, 0x04, 0x05, 0x04, 0x04, 0x55, 0x04, 0x04,
    0x04, 0x54, 0x04, 0x03, 0x03, 0x0F, 0x0F, 0x0F, 0x0F, 0x0F, 0x0F, 0x0F, 0x0F, 0x0F, 0x0F, 0x05,
    0x02, 0x03, 0x53, 0x0F, 0x0F, 0x0F, 0x0F, 0x0F, 0x0F, 0x0F, 0x0F, 0x0F, 0x0F, 0x0F, 0x0F, 0x03,
    0x03, 0x02, 0x02, 0x02, 0x52, 0x01, 0x0D, 0x0F, 0x0F, 0x0F, 0x0F, 0x0F, 0x0F, 0x0F, 0x0F, 0x0F,
    0x0F, 0x0F, 0x0F, 0x0F, 0x0F, 0x0F, 0x0F, 0x0F, 0x0F, 0x0F, 0x0F, 0x0F, 0x0F, 0x0F, 0x03, 0x03,
    0x03, 0x02, 0x03, 0x53, 0x03, 0x02, 0x02, 0x02, 0x52, 0x0F, 0x0F, 0x0F, 0x0F, 0x0F, 0x0F, 0x0F,
    0x0F, 0x0F, 0x0F, 0x0F, 0x0F, 0x0F, 0x0F, 0x0F, 0x0F, 0x0F, 0x0F, 0x0C, 0x02, 0x02, 0x0F, 0x0F,
    0x0F, 0x0F, 0x0F, 0x0F, 0x0F, 0x0F, 0x0F, 0x0F, 0x0F, 0x02, 0x02, 0x02, 0x04, 0x0F, 0x0F, 0x0F,
    0x0F, 0x0F, 0x0F, 0x0F, 0x0F, 0x0F, 0x0F, 0x0F, 0x04, 0x52, 0x02, 0x02, 0x02, 0x0F, 0x0F, 0x0F,
    0x0F, 0x0F, 0x0F, 0x0F, 0x0F, 0x0F, 0x0F, 0x0F, 0x0F, 0x0F, 0x0F, 0x0F, 0x0F, 0x0F, 0x0F, 0x0F,
    0x0F, 0x0F, 0x0F, 0x08, 0x02, 0x53, 0x02, 0x03, 0x02, 0x02, 0x02, 0x53, 0x0F, 0x0F, 0x0F, 0x0F,
    0x0F, 0x0F, 0x0F, 0x0F, 0x0F, 0x0F, 0x0F, 0x02, 0x03, 0x03, 0x03, 0x03, 0x03, 0x03, 0x43, 0x03,
    0x03, 0x03, 0x04, 0x04, 0x05, 0x06, 0x06, 0x06, 0x07, 0x88, 0x08, 0x07, 0x07, 0x06, 0x47, 0x06,
    0x06, 0x07, 0x07, 0x07, 0x07, 0x07, 0x07, 0x48, 0x07, 0x07, 0x07, 0x07, 0x48, 0x07, 0x06, 0x05,
    0x07, 0x07, 0x07, 0x07, 0x06, 0x06, 0x47, 0x06, 0x05, 0x45, 0x05, 0x04, 0x04, 0x45, 0x04, 0x04,
    0x04, 0x88, 0x04, 0x04, 0x05, 0x04, 0x04, 0x05, 0x04, 0x04, 0x04, 0x04, 0x04, 0x04, 0x04, 0x04,
    0x04, 0x04, 0x25, 0x03, 0x03, 0x0F, 0x0F, 0x0F, 0x0F, 0x0F, 0x0F, 0x0F, 0x0F, 0x0F, 0x0F, 0x05,
    0x53, 0x02, 0x02, 0x02, 0x0F, 0x0F, 0x0F, 0x0F, 0x0F, 0x0F, 0x0F, 0x0F, 0x0F, 0x0F, 0x0F, 0x0F,
    0x03, 0x53, 0x03, 0x03, 0x02, 0x02, 0x52, 0x01, 0x0F, 0x0F, 0x0F, 0x0F, 0x0F, 0x0F, 0x0F, 0x0F,
    0x0F, 0x0F, 0x0F, 0x0F, 0x0F, 0x0F, 0x0F, 0x0F, 0x0F, 0x0F, 0x0F, 0x0F, 0x0F, 0x03, 0x03, 0x03,
    0x03, 0x03, 0x03, 0x03, 0x02, 0x53, 0x02, 0x02, 0x02, 0x02, 0x02, 0x0F, 0x0F, 0x0F, 0x0F, 0x0F,
    0x0F, 0x0F, 0x0F, 0x0F, 0x0F, 0x0F, 0x0F, 0x0F, 0x0F, 0x0F, 0x0F, 0x0D, 0x02, 0x52, 0x0F, 0x0F,
    0x0F, 0x0F, 0x0F, 0x0F, 0x0F, 0x0F, 0x0F, 0x0F, 0x0F, 0x02, 0x02, 0x52, 0x02, 0x08, 0x0F, 0x0F,
    0x0F, 0x0F, 0x0F, 0x0F, 0x0F, 0x0F, 0x0F, 0x0F, 0x0F, 0x04, 0x02, 0x52, 0x03, 0x0F, 0x0F, 0x0F,
    0x0F, 0x0F, 0x0F, 0x0F, 0x0F, 0x0F, 0x0F, 0x0F, 0x0F, 0x0F, 0x0F, 0x0F, 0x0F, 0x0F, 0x0F, 0x0F,
    0x0F, 0x0F, 0x0F, 0x08, 0x02, 0x02, 0x02, 0x02, 0x02, 0x03, 0x02, 0x02, 0x0F, 0x0F, 0x0F, 0x0F,
    0x0F, 0x0F, 0x0F, 0x0F, 0x0F, 0x0F, 0x0F, 0x03, 0x03, 0x03, 0x03, 0x03, 0x03, 0x03, 0x03, 0x03,
    0x03, 0x03, 0x04, 0x05, 0x06, 0x06, 0x07, 0x07, 0x07, 0x08, 0x07, 0x07, 0x06, 0x06, 0x06, 0x07,
    0x48, 0x08, 0x07, 0x48, 0x07, 0x48, 0x07, 0x07, 0x07, 0x07, 0x48, 0x07, 0x06, 0x06, 0x05, 0x05,
    0x08, 0x07, 0x07, 0x07, 0x48, 0x07, 0x06, 0x05, 0x05, 0x05, 0x04, 0x04, 0x04, 0x04, 0x04, 0x04,
    0x04, 0x04, 0x04, 0x04, 0x04, 0x04, 0x04, 0x04, 0x04, 0x55, 0x04, 0x88, 0x04, 0x55, 0x04, 0x26,
    0x04, 0x03, 0x04, 0x03, 0x03, 0x0F, 0x0F, 0x0F, 0x0F, 0x0F, 0x0F, 0x0F, 0x0F, 0x0F, 0x0F, 0x05,
    0x02, 0x02, 0x02, 0x03, 0x02, 0x0F, 0x0F, 0x0F, 0x0F, 0x0F, 0x0F, 0x0F, 0x0F, 0x0F, 0x0F, 0x0F,
    0x0F, 0x04, 0x03, 0x03, 0x53, 0x02, 0x02, 0x01, 0x02, 0x02, 0x0A, 0x0F, 0x0F, 0x0F, 0x0F, 0x0F,
    0x0F, 0x0F, 0x0F, 0x0F, 0x0F, 0x0F, 0x0F, 0x0F, 0x0F, 0x0F, 0x05, 0x03, 0x03, 0x03, 0x03, 0x54,
    0x04, 0x54, 0x03, 0x03, 0x03, 0x02, 0x02, 0x53, 0x02, 0x03, 0x53, 0x03, 0x53, 0x0D, 0x0F, 0x0F,
    0x0F, 0x0F, 0x0F, 0x0F, 0x0F, 0x0F, 0x0F, 0x0F, 0x0F, 0x0F, 0x0F, 0x0C, 0x02, 0x02, 0x0F, 0x0F,
    0x0F, 0x0F, 0x0F, 0x0F, 0x0F, 0x0F, 0x0F, 0x0F, 0x0F, 0x02, 0x02, 0x02, 0x22, 0x01, 0x05, 0x0F,
    0x0F, 0x0F, 0x0F, 0x0F, 0x0F, 0x0F, 0x0F, 0x0F, 0x0F, 0x0F, 0x02, 0x02, 0x02, 0x0F, 0x0F, 0x0F,
    0x0F, 0x0F, 0x0F, 0x0F, 0x0F, 0x0F, 0x0F, 0x0F, 0x0F, 0x0F, 0x0F, 0x0F, 0x0F, 0x0F, 0x0F, 0x0F,
    0x0F, 0x0F, 0x0F, 0x08, 0x02, 0x02, 0x02, 0x03, 0x03, 0x02, 0x03, 0x02, 0x0F, 0x0F, 0x0F, 0x0F,
    0x0F, 0x0F, 0x0F, 0x0F, 0x0F, 0x0F, 0x0F, 0x04, 0x03, 0x04, 0x04, 0x03, 0x04, 0x44, 0x04, 0x03,
    0x04, 0x05, 0x05, 0x06, 0x06, 0x07, 0x07, 0x07, 0x07, 0x07, 0x07, 0x48, 0x07, 0x06, 0x48, 0x08,
    0x07, 0x07, 0x07, 0x07, 0x07, 0x07, 0x07, 0x07, 0x48, 0x07, 0x07, 0x06, 0x06, 0x05, 0x06, 0x05,
    0x07, 0x07, 0x07, 0x07, 0x06, 0x06, 0x06, 0x05, 0x05, 0x05, 0x04, 0x05, 0x04, 0x04, 0x04, 0x04,
    0x04, 0x04, 0x04, 0x04, 0x04, 0x04, 0x04, 0x55, 0x05, 0x04, 0x04, 0x04, 0x04, 0x04, 0x03, 0x04,
    0x03, 0x54, 0x03, 0x53, 0x03, 0x0A, 0x09, 0x0A, 0x09, 0x0A, 0x09, 0x0A, 0x09, 0x0A, 0x09, 0x04,
    0x52, 0x02, 0x53, 0x02, 0x03, 0x03, 0x0A, 0x09, 0x0A, 0x0A, 0x0A, 0x0A, 0x0A, 0x0A, 0x0A, 0x0A,
    0x0A, 0x0A, 0x54, 0x04, 0x03, 0x02, 0x02, 0x02, 0x01, 0x01, 0x02, 0x02, 0x02, 0x03, 0x0F, 0x0F,
    0x0F, 0x0F, 0x0F, 0x0F, 0x0F, 0x0F, 0x0F, 0x03, 0x03, 0x03, 0x03, 0x03, 0x54, 0x04, 0x04, 0x03,
    0x03, 0x03, 0x03, 0x53, 0x03, 0x53, 0x02, 0x02, 0x03, 0x53, 0x03, 0x03, 0x02, 0x03, 0x53, 0x03,
    0x03, 0x0F, 0x0F, 0x0F, 0x0F, 0x0F, 0x0F, 0x0F, 0x0F, 0x0F, 0x0F, 0x06, 0x02, 0x02, 0x0A, 0x0A,
    0x0A, 0x0A, 0x0A, 0x0A, 0x0A, 0x0A, 0x0A, 0x0A, 0x0A, 0x02, 0x52, 0x02, 0x02, 0x02, 0x01, 0x0A,
    0x09, 0x0A, 0x0A, 0x09, 0x0A, 0x0A, 0x09, 0x0A, 0x09, 0x0A, 0x09, 0x02, 0x02, 0x0A, 0x0A, 0x09,
    0x0A, 0x09, 0x0A, 0x09, 0x0A, 0x09, 0x0A, 0x09, 0x0A, 0x09, 0x0A, 0x09, 0x0A, 0x0A, 0x09, 0x0A,
    0x0A, 0x09, 0x0A, 0x06, 0x02, 0x02, 0x03, 0x02, 0x03, 0x03, 0x03, 0x03, 0x0A, 0x0A, 0x0A, 0x0A,
    0x0A, 0x0A, 0x0A, 0x0A, 0x0A, 0x0A, 0x0A, 0x04, 0x04, 0x03, 0x04, 0x03, 0x04, 0x03, 0x04, 0x05,
    0x04, 0x46, 0x05, 0x05, 0x06, 0x07, 0x88, 0x08, 0x07, 0x48, 0x07, 0x06, 0x06, 0x07, 0x07, 0x07,
    0x07, 0x49, 0x07, 0x07, 0x48, 0x07, 0x07, 0x07, 0x07, 0x06, 0x06, 0x06, 0x06, 0x05, 0x05, 0x05,
    0x07, 0x07, 0x07, 0x07, 0x06, 0x06, 0x06, 0x06, 0x05, 0x05, 0x05, 0x45, 0x04, 0x04, 0x04, 0x04,
    0x04, 0x03, 0x04, 0x03, 0x55, 0x04, 0x04, 0x04, 0x04, 0x03, 0x04, 0x54, 0x03, 0x03, 0x03, 0x54,
    0x03, 0x03, 0x03, 0x02, 0x02, 0x02, 0x53, 0x02, 0x52, 0x02, 0x52, 0x02, 0x52, 0x02, 0x52, 0x02,
    0x02, 0x02, 0x03, 0x03, 0x54, 0x04, 0x03, 0x04, 0x04, 0x04, 0x04, 0x04, 0x55, 0x04, 0x04, 0x54,
    0x04, 0x03, 0x04, 0x03, 0x03, 0x03, 0x02, 0x52, 0x42, 0x02, 0x52, 0x01, 0x02, 0x52, 0x02, 0x02,
    0x02, 0x02, 0x03, 0x02, 0x03, 0x03, 0x03, 0x03, 0x03, 0x54, 0x04, 0x03, 0x04, 0x03, 0x54, 0x03,
    0x03, 0x03, 0x03, 0x03, 0x02, 0x02, 0x02, 0x02, 0x02, 0x02, 0x02, 0x03, 0x53, 0x03, 0x03, 0x02,
    0x53, 0x03, 0x02, 0x53, 0x03, 0x02, 0x53, 0x03, 0x02, 0x02, 0x53, 0x02, 0x52, 0x02, 0x02, 0x52,
    0x02, 0x52, 0x02, 0x52, 0x02, 0x02, 0x02, 0x02, 0x02, 0x02, 0x03, 0x02, 0x52, 0x01, 0x02, 0x02,
    0x53, 0x02, 0x02, 0x03, 0x52, 0x02, 0x02, 0x52, 0x02, 0x52, 0x02, 0x52, 0x02, 0x22, 0x02, 0x52,
    0x02, 0x23, 0x02, 0x52, 0x02, 0x02, 0x52, 0x02, 0x02, 0x02, 0x02, 0x02, 0x52, 0x02, 0x02, 0x52,
    0x02, 0x02, 0x52, 0x02, 0x02, 0x03, 0x53, 0x03, 0x03, 0x03, 0x03, 0x03, 0x03, 0x03, 0x03, 0x03,
    0x03, 0x03, 0x03, 0x03, 0x03, 0x03, 0x03, 0x03, 0x03, 0x03, 0x44, 0x03, 0x03, 0x04, 0x04, 0x05,
    0x05, 0x05, 0x04, 0x88, 0x06, 0x07, 0x07, 0x06, 0x06, 0x06, 0x06, 0x06, 0x07, 0x07, 0x08, 0x07,
    0x08, 0x07, 0x07, 0x07, 0x07, 0x07, 0x48, 0x07, 0x06, 0x06, 0x06, 0x47, 0x06, 0x05, 0x46, 0x05,
    0x07, 0x07, 0x07, 0x06, 0x06, 0x06, 0x06, 0x05, 0x05, 0x05, 0x05, 0x04, 0x04, 0x04, 0x04, 0x44,
    0x04, 0x03, 0x04, 0x04, 0x03, 0x04, 0x03, 0x03, 0x03, 0x04, 0x03, 0x03, 0x03, 0x54, 0x03, 0x03,
    0x02, 0x03, 0x02, 0x03, 0x53, 0x0F, 0x0F, 0x0F, 0x0F, 0x0F, 0x0F, 0x0F, 0x0F, 0x0F, 0x0F, 0x05,
    0x02, 0x03, 0x53, 0x04, 0x03, 0x04, 0x55, 0x04, 0x04, 0x55, 0x05, 0x04, 0x04, 0x04, 0x0F, 0x0F,
    0x0F, 0x0F, 0x0F, 0x0F, 0x0F, 0x0F, 0x0F, 0x0F, 0x0F, 0x0F, 0x0F, 0x0F, 0x0F, 0x0F, 0x0F, 0x0F,
    0x0F, 0x0F, 0x0F, 0x0F, 0x0F, 0x53, 0x03, 0x53, 0x03, 0x03, 0x03, 0x53, 0x03, 0x03, 0x03, 0x53,
    0x04, 0x0F, 0x0F, 0x0F, 0x0F, 0x0F, 0x0F, 0x0F, 0x0F, 0x0F, 0x0F, 0x0F, 0x03, 0x02, 0x02, 0x03,
    0x02, 0x03, 0x53, 0x03, 0x02, 0x03, 0x02, 0x02, 0x53, 0x03, 0x02, 0x02, 0x02, 0x02, 0x07, 0x0F,
    0x0F, 0x0F, 0x0F, 0x0F, 0x0F, 0x0F, 0x0F, 0x0F, 0x0F, 0x0F, 0x0F, 0x0F, 0x02, 0x01, 0x02, 0x02,
    0x02, 0x02, 0x02, 0x02, 0x02, 0x02, 0x0A, 0x0F, 0x0F, 0x0F, 0x0F, 0x0F, 0x0F, 0x0F, 0x0F, 0x0F,
    0x0F, 0x08, 0x02, 0x02, 0x02, 0x02, 0x03, 0x02, 0x53, 0x0F, 0x0F, 0x0F, 0x0F, 0x0F, 0x0F, 0x0F,
    0x0F, 0x0F, 0x0F, 0x09, 0x53, 0x03, 0x0F, 0x0F, 0x0F, 0x0F, 0x0F, 0x0F, 0x0F, 0x0F, 0x0F, 0x0F,
    0x0F, 0x0F, 0x0F, 0x0F, 0x0F, 0x0F, 0x0F, 0x0F, 0x0F, 0x0F, 0x0F, 0x0F, 0x0F, 0x04, 0x05, 0x88,
    0x05, 0x05, 0x05, 0x05, 0x06, 0x47, 0x06, 0x06, 0x47, 0x06, 0x06, 0x48, 0x08, 0x07, 0x49, 0x08,
    0x07, 0x08, 0x49, 0x08, 0x07, 0x07, 0x07, 0x07, 0x48, 0x07, 0x06, 0x06, 0x05, 0x05, 0x05, 0x05,
    0x07, 0x07, 0x07, 0x88, 0x07, 0x06, 0x88, 0x06, 0x05, 0x05, 0x05, 0x04, 0x04, 0x04, 0x03, 0x04,
    0x03, 0x04, 0x03, 0x03, 0x03, 0x03, 0x04, 0x54, 0x03, 0x26, 0x04, 0x03, 0x03, 0x03, 0x03, 0x03,
    0x03, 0x53, 0x03, 0x03, 0x03, 0x0F, 0x0F, 0x0F, 0x0F, 0x0F, 0x0F, 0x0F, 0x0F, 0x0F, 0x0F, 0x05,
    0x53, 0x03, 0x03, 0x03, 0x03, 0x04, 0x04, 0x05, 0x04, 0x05, 0x04, 0x55, 0x05, 0x04, 0x0F, 0x0F,
    0x0F, 0x0F, 0x0F, 0x0F, 0x0F, 0x0F, 0x0F, 0x0F, 0x0F, 0x0F, 0x0F, 0x0F, 0x0F, 0x0F, 0x0F, 0x0F,
    0x0F, 0x0F, 0x0F, 0x0F, 0x0F, 0x02, 0x03, 0x03, 0x03, 0x53, 0x03, 0x03, 0x53, 0x03, 0x03, 0x03,
    0x0F, 0x0F, 0x0F, 0x0F, 0x0F, 0x0F, 0x0F, 0x0F, 0x0F, 0x0F, 0x0F, 0x0F, 0x02, 0x53, 0x03, 0x53,
    0x03, 0x02, 0x03, 0x02, 0x03, 0x53, 0x03, 0x03, 0x02, 0x02, 0x02, 0x03, 0x0F, 0x0F, 0x0F, 0x0F,
    0x0F, 0x0F, 0x0F, 0x0F, 0x0F, 0x0F, 0x0F, 0x0F, 0x0F, 0x0F, 0x0F, 0x0F, 0x0F, 0x0F, 0x0F, 0x01,
    0x02, 0x02, 0x02, 0x02, 0x02, 0x23, 0x0B, 0x0F, 0x0F, 0x0F, 0x0F, 0x0F, 0x0F, 0x0F, 0x0F, 0x0F,
    0x0F, 0x08, 0x03, 0x03, 0x03, 0x53, 0x03, 0x02, 0x03, 0x0F, 0x0F, 0x0F, 0x0F, 0x0F, 0x0F, 0x0F,
    0x0F, 0x0F, 0x0F, 0x08, 0x02, 0x02, 0x0F, 0x0F, 0x0F, 0x0F, 0x0F, 0x0F, 0x0F, 0x0F, 0x0F, 0x0F,
    0x0F, 0x0F, 0x0F, 0x0F, 0x0F, 0x0F, 0x0F, 0x0F, 0x0F, 0x0F, 0x0F, 0x0F, 0x0F, 0x05, 0x05, 0x05,
    0x05, 0x46, 0x05, 0x05, 0x05, 0x06, 0x06, 0x06, 0x06, 0x06, 0x06, 0x07, 0x07, 0x07, 0x08, 0x08,
    0x49, 0x08, 0x08, 0x07, 0x07, 0x48, 0x07, 0x06, 0x06, 0x06, 0x05, 0x06, 0x05, 0x05, 0x05, 0x04,
    0x06, 0x07, 0x06, 0x07, 0x06, 0x06, 0x05, 0x05, 0x05, 0x45, 0x05, 0x04, 0x04, 0x45, 0x04, 0x03,
    0x03, 0x03, 0x03, 0x04, 0x03, 0x04, 0x03, 0x04, 0x04, 0x04, 0x03, 0x54, 0x04, 0x03, 0x03, 0x54,
    0x04, 0x03, 0x03, 0x53, 0x03, 0x0F, 0x0F, 0x0F, 0x0F, 0x0F, 0x0F, 0x0F, 0x0F, 0x0F, 0x0F, 0x05,
    0x02, 0x02, 0x03, 0x54, 0x04, 0x04, 0x55, 0x04, 0x05, 0x55, 0x05, 0x05, 0x04, 0x04, 0x0F, 0x0F,
    0x0F, 0x0F, 0x0F, 0x0F, 0x0F, 0x0F, 0x0F, 0x0F, 0x0F, 0x0F, 0x0F, 0x0F, 0x0F, 0x0F, 0x0F, 0x0F,
    0x0F, 0x0F, 0x0F, 0x0F, 0x0F, 0x53, 0x02, 0x53, 0x03, 0x03, 0x03, 0x03, 0x03, 0x03, 0x54, 0x08,
    0x0F, 0x0F, 0x0F, 0x0F, 0x0F, 0x0F, 0x0F, 0x0F, 0x0F, 0x0F, 0x0F, 0x0F, 0x0F, 0x03, 0x03, 0x03,
    0x03, 0x53, 0x03, 0x03, 0x53, 0x03, 0x02, 0x03, 0x53, 0x05, 0x0F, 0x0F, 0x0F, 0x0F, 0x0F, 0x0F,
    0x0F, 0x0F, 0x0F, 0x0F, 0x0F, 0x0F, 0x0F, 0x0F, 0x0F, 0x0F, 0x0F, 0x0F, 0x0F, 0x0F, 0x0F, 0x0F,
    0x0F, 0x03, 0x02, 0x53, 0x03, 0x02, 0x0B, 0x0F, 0x0F, 0x0F, 0x0F, 0x0F, 0x0F, 0x0F, 0x0F, 0x0F,
    0x0F, 0x08, 0x03, 0x53, 0x03, 0x03, 0x03, 0x03, 0x03, 0x0F, 0x0F, 0x0F, 0x0F, 0x0F, 0x0F, 0x0F,
    0x0F, 0x0F, 0x0F, 0x09, 0x02, 0x02, 0x0F, 0x0F, 0x0F, 0x0F, 0x0F, 0x0F, 0x0F, 0x0F, 0x0F, 0x0F,
    0x0F, 0x0F, 0x0F, 0x0F, 0x0F, 0x0F, 0x0F, 0x0F, 0x0F, 0x0F, 0x0F, 0x0F, 0x0F, 0x05, 0x05, 0x05,
    0x05, 0x05, 0x05, 0x46, 0x06, 0x05, 0x47, 0x06, 0x47, 0x07, 0x07, 0x48, 0x08, 0x07, 0x07, 0x08,
    0x08, 0x08, 0x08, 0x08, 0x07, 0x07, 0x06, 0x06, 0x06, 0x05, 0x05, 0x46, 0x05, 0x04, 0x04, 0x04,
    0x06, 0x06, 0x47, 0x06, 0x05, 0x05, 0x05, 0x05, 0x05, 0x04, 0x04, 0x04, 0x04, 0x04, 0x04, 0x03,
    0x04, 0x03, 0x03, 0x04, 0x26, 0x04, 0x04, 0x04, 0x03, 0x04, 0x04, 0x04, 0x03, 0x04, 0x04, 0x03,
    0x04, 0x03, 0x03, 0x03, 0x03, 0x0F, 0x0F, 0x0F, 0x0F, 0x0F, 0x0F, 0x0F, 0x0F, 0x0F, 0x0F, 0x05,
    0x02, 0x53, 0x03, 0x03, 0x03, 0x03, 0x04, 0x04, 0x04, 0x05, 0x04, 0x04, 0x54, 0x04, 0x0F, 0x0F,
    0x0F, 0x0F, 0x0F, 0x0F, 0x0F, 0x0F, 0x0F, 0x0F, 0x0F, 0x0F, 0x0F, 0x0F, 0x0F, 0x0F, 0x0F, 0x0F,
    0x0F, 0x0F, 0x0F, 0x0F, 0x0F, 0x02, 0x02, 0x03, 0x02, 0x03, 0x54, 0x03, 0x03, 0x03, 0x03, 0x0F,
    0x0F, 0x0F, 0x0F, 0x0F, 0x0F, 0x0F, 0x0F, 0x0F, 0x0F, 0x0F, 0x0F, 0x0F, 0x0F, 0x02, 0x53, 0x03,
    0x03, 0x03, 0x03, 0x03, 0x03, 0x03, 0x53, 0x02, 0x0F, 0x0F, 0x0F, 0x0F, 0x0F, 0x0F, 0x0F, 0x0F,
    0x0F, 0x0F, 0x0F, 0x0F, 0x0F, 0x0F, 0x0F, 0x0F, 0x0F, 0x0F, 0x0F, 0x0F, 0x0F, 0x0F, 0x0F, 0x0F,
    0x0F, 0x0F, 0x08, 0x03, 0x03, 0x02, 0x0A, 0x0F, 0x0F, 0x0F, 0x0F, 0x0F, 0x0F, 0x0F, 0x0F, 0x0F,
    0x0F, 0x09, 0x03, 0x03, 0x03, 0x03, 0x03, 0x53, 0x03, 0x0F, 0x0F, 0x0F, 0x0F, 0x0F, 0x0F, 0x0F,
    0x0F, 0x0F, 0x0F, 0x08, 0x02, 0x02, 0x0F, 0x0F, 0x0F, 0x0F, 0x0F, 0x0F, 0x0F, 0x0F, 0x0F, 0x0F,
    0x0F, 0x0F, 0x0F, 0x0F, 0x0F, 0x0F, 0x0F, 0x0F, 0x0F, 0x0F, 0x0F, 0x0F, 0x0F, 0x05, 0x88, 0x06,
    0x06, 0x05, 0x05, 0x05, 0x47, 0x06, 0x06, 0x06, 0x06, 0x07, 0x07, 0x07, 0x07, 0x48, 0x08, 0x07,
    0x08, 0x08, 0x08, 0x49, 0x07, 0x07, 0x06, 0x47, 0x06, 0x05, 0x05, 0x05, 0x05, 0x04, 0x45, 0x04,
    0x05, 0x05, 0x05, 0x05, 0x05, 0x05, 0x46, 0x05, 0x04, 0x05, 0x05, 0x04, 0x05, 0x04, 0x04, 0x04,
    0x04, 0x04, 0x26, 0x04, 0x04, 0x04, 0x04, 0x55, 0x04, 0x04, 0x55, 0x04, 0x04, 0x54, 0x04, 0x54,
    0x04, 0x54, 0x03, 0x03, 0x03, 0x0F, 0x0F, 0x0F, 0x0F, 0x0F, 0x0F, 0x0F, 0x0F, 0x0F, 0x0F, 0x05,
    0x03, 0x03, 0x02, 0x53, 0x03, 0x54, 0x04, 0x04, 0x55, 0x04, 0x54, 0x04, 0x03, 0x03, 0x0F, 0x0F,
    0x0F, 0x0F, 0x0F, 0x0F, 0x0F, 0x0F, 0x0F, 0x0F, 0x0F, 0x0F, 0x0F, 0x0F, 0x0F, 0x0F, 0x0F, 0x0F,
    0x0F, 0x0F, 0x0F, 0x0F, 0x0F, 0x03, 0x53, 0x02, 0x03, 0x03, 0x03, 0x03, 0x54, 0x03, 0x0E, 0x0F,
    0x0F, 0x0F, 0x0F, 0x0F, 0x0F, 0x0F, 0x0F, 0x0F, 0x0F, 0x0F, 0x0F, 0x0F, 0x0F, 0x0F, 0x03, 0x02,
    0x53, 0x03, 0x53, 0x03, 0x53, 0x02, 0x02, 0x0F, 0x0F, 0x0F, 0x0F, 0x0F, 0x0F, 0x0F, 0x0F, 0x0F,
    0x0F, 0x0F, 0x0F, 0x0F, 0x0F, 0x0F, 0x0F, 0x0F, 0x0F, 0x0F, 0x0F, 0x0F, 0x0F, 0x0F, 0x0F, 0x0F,
    0x0E, 0x03, 0x03, 0x03, 0x53, 0x03, 0x0A, 0x0F, 0x0F, 0x0F, 0x0F, 0x0F, 0x0F, 0x0F, 0x0F, 0x0F,
    0x0F, 0x08, 0x03, 0x03, 0x03, 0x53, 0x03, 0x02, 0x03, 0x0F, 0x0F, 0x0F, 0x0F, 0x0F, 0x0F, 0x0F,
    0x0F, 0x0F, 0x0F, 0x09, 0x02, 0x02, 0x0F, 0x0F, 0x0F, 0x0F, 0x0F, 0x0F, 0x0F, 0x0F, 0x0F, 0x0F,
    0x0F, 0x0F, 0x0F, 0x0F, 0x0F, 0x0F, 0x0F, 0x0F, 0x0F, 0x0F, 0x0F, 0x0F, 0x0F, 0x05, 0x06, 0x05,
    0x06, 0x47, 0x06, 0x05, 0x05, 0x05, 0x06, 0x06, 0x48, 0x07, 0x07, 0x48, 0x08, 0x07, 0x07, 0x07,
    0x49, 0x08, 0x07, 0x07, 0x07, 0x06, 0x06, 0x06, 0x05, 0x05, 0x46, 0x04, 0x04, 0x04, 0x04, 0x03,
    0x05, 0x05, 0x47, 0x05, 0x05, 0x05, 0x05, 0x05, 0x05, 0x05, 0x04, 0x88, 0x05, 0x04, 0x05, 0x04,
    0x04, 0x04, 0x04, 0x04, 0x04, 0x04, 0x04, 0x04, 0x04, 0x04, 0x04, 0x04, 0x04, 0x04, 0x04, 0x04,
    0x03, 0x03, 0x03, 0x53, 0x03, 0x0F, 0x0F, 0x0F, 0x0F, 0x0F, 0x0F, 0x0F, 0x0F, 0x0F, 0x0F, 0x05,
    0x53, 0x02, 0x03, 0x02, 0x03, 0x03, 0x03, 0x03, 0x03, 0x03, 0x04, 0x03, 0x54, 0x03, 0x0F, 0x0F,
    0x0F, 0x0F, 0x0F, 0x0F, 0x0F, 0x0F, 0x0F, 0x0F, 0x0F, 0x0F, 0x0F, 0x0F, 0x0F, 0x0F, 0x0F, 0x0F,
    0x0F, 0x0F, 0x0F, 0x0F, 0x0F, 0x53, 0x03, 0x02, 0x53, 0x03, 0x54, 0x03, 0x03, 0x03, 0x0F, 0x0F,
    0x0F, 0x0F, 0x0F, 0x0F, 0x0F, 0x0F, 0x0F, 0x0F, 0x0F, 0x0F, 0x0F, 0x0F, 0x0F, 0x0F, 0x03, 0x02,
    0x03, 0x02, 0x02, 0x02, 0x02, 0x02, 0x0F, 0x0F, 0x0F, 0x0F, 0x0F, 0x0F, 0x0F, 0x0F, 0x0F, 0x0F,
    0x0F, 0x0F, 0x0F, 0x0F, 0x0F, 0x0F, 0x0F, 0x0F, 0x0F, 0x0F, 0x0F, 0x0F, 0x0F, 0x0F, 0x0F, 0x02,
    0x03, 0x53, 0x03, 0x03, 0x02, 0x03, 0x0A, 0x0F, 0x0F, 0x0F, 0x0F, 0x0F, 0x0F, 0x0F, 0x0F, 0x0F,
    0x0F, 0x08, 0x53, 0x03, 0x02, 0x03, 0x02, 0x03, 0x02, 0x0F, 0x0F, 0x0F, 0x0F, 0x0F, 0x0F, 0x0F,
    0x0F, 0x0F, 0x0F, 0x08, 0x02, 0x02, 0x0F, 0x0F, 0x0F, 0x0F, 0x0F, 0x0F, 0x0F, 0x0F, 0x0F, 0x0F,
    0x0F, 0x0F, 0x0F, 0x0F, 0x0F, 0x0F, 0x0F, 0x0F, 0x0F, 0x0F, 0x0F, 0x0F, 0x0F, 0x06, 0x06, 0x06,
    0x06, 0x06, 0x46, 0x06, 0x46, 0x06, 0x48, 0x07, 0x07, 0x07, 0x07, 0x07, 0x07, 0x07, 0x07, 0x07,
    0x08, 0x07, 0x07, 0x07, 0x06, 0x06, 0x06, 0x05, 0x05, 0x05, 0x05, 0x04, 0x04, 0x04, 0x03, 0x03,
    0x06, 0x06, 0x06, 0x05, 0x05, 0x46, 0x05, 0x05, 0x05, 0x05, 0x05, 0x05, 0x04, 0x05, 0x04, 0x05,
    0x88, 0x04, 0x04, 0x04, 0x54, 0x04, 0x04, 0x04, 0x04, 0x55, 0x04, 0x04, 0x55, 0x04, 0x03, 0x04,
    0x54, 0x04, 0x03, 0x03, 0x03, 0x0F, 0x0F, 0x0F, 0x0F, 0x0F, 0x0F, 0x0F, 0x0F, 0x0F, 0x0F, 0x05,
    0x02, 0x02, 0x53, 0x03, 0x53, 0x03, 0x54, 0x03, 0x04, 0x54, 0x04, 0x04, 0x03, 0x03, 0x0F, 0x0F,
    0x0F, 0x0F, 0x0F, 0x0F, 0x0F, 0x0F, 0x0F, 0x0F, 0x0E, 0x52, 0x01, 0x01, 0x02, 0x02, 0x02, 0x03,
    0x53, 0x03, 0x03, 0x53, 0x03, 0x03, 0x02, 0x03, 0x02, 0x03, 0x03, 0x03, 0x03, 0x03, 0x0F, 0x0F,
    0x0F, 0x0F, 0x0F, 0x0F, 0x0F, 0x0F, 0x0F, 0x0F, 0x0F, 0x0F, 0x0F, 0x0F, 0x0F, 0x0F, 0x0F, 0x53,
    0x02, 0x03, 0x53, 0x03, 0x53, 0x0F, 0x0F, 0x0F, 0x0F, 0x0F, 0x0F, 0x0F, 0x0F, 0x0F, 0x0F, 0x0F,
    0x0F, 0x0F, 0x0F, 0x0F, 0x0F, 0x0D, 0x0E, 0x0F, 0x0F, 0x0F, 0x0F, 0x0F, 0x0F, 0x0F, 0x02, 0x53,
    0x03, 0x03, 0x03, 0x53, 0x03, 0x02, 0x0B, 0x0F, 0x0F, 0x0F, 0x0F, 0x0F, 0x0F, 0x0F, 0x0F, 0x0F,
    0x0F, 0x08, 0x03, 0x02, 0x03, 0x53, 0x02, 0x03, 0x03, 0x0F, 0x0F, 0x0F, 0x0F, 0x0F, 0x0F, 0x0F,
    0x0F, 0x0F, 0x0F, 0x09, 0x02, 0x53, 0x0F, 0x0F, 0x0F, 0x0F, 0x0F, 0x0F, 0x0F, 0x0F, 0x0F, 0x0F,
    0x0E, 0x53, 0x02, 0x02, 0x02, 0x43, 0x03, 0x03, 0x04, 0x04, 0x05, 0x05, 0x06, 0x88, 0x06, 0x06,
    0x47, 0x06, 0x06, 0x06, 0x06, 0x06, 0x07, 0x07, 0x06, 0x07, 0x48, 0x08, 0x07, 0x07, 0x49, 0x08,
    0x07, 0x06, 0x06, 0x88, 0x07, 0x06, 0x06, 0x47, 0x06, 0x05, 0x04, 0x04, 0x04, 0x04, 0x04, 0x04,
    0x06, 0x06, 0x05, 0x05, 0x05, 0x05, 0x05, 0x05, 0x05, 0x05, 0x05, 0x05, 0x05, 0x05, 0x05, 0x55,
    0x05, 0x04, 0x04, 0x04, 0x03, 0x03, 0x03, 0x55, 0x04, 0x04, 0x04, 0x04, 0x04, 0x03, 0x54, 0x03,
    0x03, 0x03, 0x53, 0x02, 0x53, 0x0F, 0x0F, 0x0F, 0x0F, 0x0F, 0x0F, 0x0F, 0x0F, 0x0F, 0x0F, 0x05,
    0x53, 0x03, 0x02, 0x03, 0x02, 0x03, 0x03, 0x03, 0x04, 0x04, 0x04, 0x04, 0x55, 0x04, 0x0F, 0x0F,
    0x0F, 0x0F, 0x0F, 0x0F, 0x0F, 0x0F, 0x0F, 0x0F, 0x0E, 0x01, 0x02, 0x22, 0x02, 0x52, 0x02, 0x02,
    0x03, 0x03, 0x03, 0x03, 0x03, 0x03, 0x53, 0x02, 0x03, 0x53, 0x02, 0x03, 0x53, 0x0F, 0x0F, 0x0F,
    0x0F, 0x0F, 0x0F, 0x0F, 0x0F, 0x0F, 0x0E, 0x0F, 0x0F, 0x0F, 0x0F, 0x0F, 0x0F, 0x0F, 0x0F, 0x03,
    0x02, 0x03, 0x02, 0x03, 0x03, 0x0F, 0x0F, 0x0F, 0x0F, 0x0F, 0x0F, 0x0F, 0x0F, 0x0F, 0x0F, 0x0F,
    0x0F, 0x52, 0x02, 0x02, 0x52, 0x02, 0x03, 0x02, 0x02, 0x52, 0x0F, 0x0F, 0x52, 0x02, 0x02, 0x03,
    0x02, 0x03, 0x02, 0x03, 0x02, 0x24, 0x0A, 0x0F, 0x0F, 0x0F, 0x0F, 0x0F, 0x0F, 0x0F, 0x0F, 0x0F,
    0x0F, 0x08, 0x03, 0x02, 0x03, 0x03, 0x02, 0x03, 0x53, 0x0F, 0x0F, 0x0F, 0x0F, 0x0F, 0x0F, 0x0F,
    0x0F, 0x0F, 0x0F, 0x09, 0x02, 0x03, 0x0F, 0x0F, 0x0F, 0x0F, 0x0F, 0x0F, 0x0F, 0x0F, 0x0F, 0x0F,
    0x0F, 0x42, 0x02, 0x42, 0x02, 0x03, 0x03, 0x04, 0x04, 0x05, 0x88, 0x06, 0x06, 0x06, 0x06, 0x06,
    0x06, 0x06, 0x47, 0x06, 0x07, 0x06, 0x07, 0x48, 0x07, 0x07, 0x07, 0x07, 0x07, 0x07, 0x07, 0x07,
    0x07, 0x48, 0x07, 0x07, 0x06, 0x46, 0x06, 0x05, 0x05, 0x05, 0x05, 0x04, 0x04, 0x04, 0x04, 0x04,
    0x06, 0x06, 0x06, 0x47, 0x05, 0x05, 0x45, 0x05, 0x04, 0x88, 0x05, 0x05, 0x05, 0x05, 0x05, 0x04,
    0x05, 0x04, 0x04, 0x04, 0x03, 0x04, 0x03, 0x03, 0x03, 0x03, 0x03, 0x54, 0x03, 0x03, 0x03, 0x03,
    0x03, 0x24, 0x03, 0x03, 0x02, 0x0F, 0x0F, 0x0F, 0x0F, 0x0F, 0x0F, 0x0F, 0x0F, 0x0F, 0x0F, 0x05,
    0x02, 0x03, 0x53, 0x03, 0x03, 0x53, 0x03, 0x03, 0x54, 0x04, 0x55, 0x04, 0x04, 0x04, 0x0F, 0x0F,
    0x0F, 0x0F, 0x0F, 0x0F, 0x0F, 0x0F, 0x0F, 0x0F, 0x0F, 0x0F, 0x0F, 0x0F, 0x0F, 0x0F, 0x0F, 0x0F,
    0x0F, 0x0F, 0x04, 0x53, 0x03, 0x02, 0x03, 0x02, 0x02, 0x03, 0x02, 0x03, 0x04, 0x0F, 0x0F, 0x0F,
    0x0F, 0x0F, 0x0F, 0x0F, 0x0F, 0x0F, 0x52, 0x0F, 0x0F, 0x0F, 0x0F, 0x0F, 0x0F, 0x0F, 0x0F, 0x0F,
    0x53, 0x03, 0x53, 0x02, 0x09, 0x0F, 0x0F, 0x0F, 0x0F, 0x0F, 0x0F, 0x0F, 0x0F, 0x0F, 0x0F, 0x0E,
    0x52, 0x02, 0x02, 0x02, 0x03, 0x02, 0x53, 0x02, 0x02, 0x02, 0x02, 0x02, 0x02, 0x02, 0x53, 0x03,
    0x53, 0x02, 0x53, 0x02, 0x02, 0x02, 0x0B, 0x0F, 0x0F, 0x0F, 0x0F, 0x0F, 0x0F, 0x0F, 0x0F, 0x0F,
    0x0F, 0x08, 0x03, 0x03, 0x53, 0x03, 0x03, 0x03, 0x03, 0x0F, 0x0F, 0x0F, 0x0F, 0x0F, 0x0F, 0x0F,
    0x0F, 0x0F, 0x0F, 0x09, 0x02, 0x02, 0x0F, 0x0F, 0x0F, 0x0F, 0x0F, 0x0F, 0x0F, 0x0F, 0x0F, 0x0F,
    0x0F, 0x0F, 0x0F, 0x0F, 0x0F, 0x0F, 0x0F, 0x0F, 0x0F, 0x0F, 0x06, 0x06, 0x06, 0x48, 0x07, 0x47,
    0x07, 0x06, 0x07, 0x07, 0x48, 0x07, 0x07, 0x07, 0x07, 0x07, 0x07, 0x49, 0x07, 0x07, 0x07, 0x48,
    0x07, 0x06, 0x06, 0x05, 0x06, 0x05, 0x05, 0x05, 0x05, 0x04, 0x05, 0x05, 0x05, 0x04, 0x88, 0x04,
    0x05, 0x05, 0x06, 0x05, 0x05, 0x05, 0x05, 0x04, 0x04, 0x04, 0x04, 0x05, 0x04, 0x05, 0x04, 0x04,
    0x04, 0x55, 0x04, 0x03, 0x54, 0x03, 0x03, 0x03, 0x25, 0x03, 0x03, 0x03, 0x03, 0x03, 0x54, 0x03,
    0x03, 0x03, 0x02, 0x02, 0x03, 0x0F, 0x0F, 0x0F, 0x0F, 0x0F, 0x0F, 0x0F, 0x0F, 0x0F, 0x0F, 0x05,
    0x53, 0x03, 0x03, 0x02, 0x03, 0x03, 0x03, 0x03, 0x03, 0x04, 0x04, 0x04, 0x03, 0x03, 0x0F, 0x0F,
    0x0F, 0x0F, 0x0F, 0x0F, 0x0F, 0x0F, 0x0F, 0x0F, 0x0F, 0x0F, 0x0F, 0x0F, 0x0F, 0x0F, 0x0F, 0x0F,
    0x0F, 0x0F, 0x04, 0x03, 0x03, 0x53, 0x03, 0x03, 0x53, 0x03, 0x03, 0x53, 0x0F, 0x0F, 0x0F, 0x0F,
    0x0F, 0x0F, 0x0F, 0x0F, 0x0F, 0x02, 0x02, 0x0F, 0x0F, 0x0F, 0x0F, 0x0F, 0x0F, 0x0F, 0x0F, 0x0F,
    0x04, 0x02, 0x02, 0x02, 0x0F, 0x0F, 0x0F, 0x0F, 0x0F, 0x0F, 0x0F, 0x0F, 0x0F, 0x0F, 0x0F, 0x02,
    0x02, 0x02, 0x02, 0x03, 0x53, 0x0F, 0x0F, 0x0F, 0x0F, 0x0F, 0x0F, 0x0F, 0x0F, 0x0F, 0x0F, 0x0F,
    0x0F, 0x0F, 0x0F, 0x0F, 0x07, 0x52, 0x0A, 0x0F, 0x0F, 0x0F, 0x0F, 0x0F, 0x0F, 0x0F, 0x0F, 0x0F,
    0x0F, 0x09, 0x53, 0x03, 0x03, 0x03, 0x53, 0x03, 0x03, 0x0F, 0x0F, 0x0F, 0x0F, 0x0F, 0x0F, 0x0F,
    0x0F, 0x0F, 0x0F, 0x09, 0x02, 0x02, 0x0F, 0x0F, 0x0F, 0x0F, 0x0F, 0x0F, 0x0F, 0x0F, 0x0F, 0x0F,
    0x0F, 0x0F, 0x0F, 0x0F, 0x0F, 0x0F, 0x0F, 0x0F, 0x0F, 0x0F, 0x06, 0x06, 0x06, 0x07, 0x06, 0x07,
    0x06, 0x48, 0x07, 0x07, 0x07, 0x07, 0x49, 0x07, 0x07, 0x49, 0x07, 0x07, 0x07, 0x48, 0x07, 0x07,
    0x07, 0x06, 0x07, 0x06, 0x05, 0x05, 0x05, 0x05, 0x05, 0x05, 0x05, 0x04, 0x88, 0x04, 0x04, 0x04,
    0x06, 0x05, 0x05, 0x05, 0x05, 0x05, 0x04, 0x05, 0x45, 0x04, 0x04, 0x04, 0x04, 0x04, 0x04, 0x55,
    0x04, 0x04, 0x03, 0x03, 0x03, 0x03, 0x03, 0x03, 0x03, 0x03, 0x53, 0x03, 0x25, 0x03, 0x03, 0x03,
    0x53, 0x02, 0x53, 0x03, 0x02, 0x0F, 0x0F, 0x0F, 0x0F, 0x0F, 0x0F, 0x0F, 0x0F, 0x0F, 0x0F, 0x05,
    0x03, 0x02, 0x03, 0x54, 0x03, 0x03, 0x54, 0x03, 0x03, 0x03, 0x03, 0x03, 0x54, 0x03, 0x0F, 0x0F,
    0x0F, 0x0F, 0x0F, 0x0F, 0x0F, 0x0F, 0x0F, 0x0F, 0x0F, 0x0F, 0x0F, 0x0F, 0x0F, 0x0F, 0x0F, 0x0F,
    0x0F, 0x0F, 0x04, 0x53, 0x03, 0x03, 0x03, 0x03, 0x03, 0x03, 0x03, 0x08, 0x0F, 0x0F, 0x0F, 0x0F,
    0x0F, 0x0F, 0x0F, 0x0F, 0x0F, 0x52, 0x42, 0x08, 0x0F, 0x0F, 0x0F, 0x0F, 0x0F, 0x0F, 0x0F, 0x0F,
    0x0F, 0x02, 0x03, 0x02, 0x0F, 0x0F, 0x0F, 0x0F, 0x0F, 0x0F, 0x0F, 0x0F, 0x0F, 0x0F, 0x03, 0x02,
    0x02, 0x02, 0x03, 0x02, 0x03, 0x0F, 0x0F, 0x0F, 0x0F, 0x0F, 0x0F, 0x0F, 0x0F, 0x0F, 0x0F, 0x0F,
    0x0F, 0x0F, 0x0F, 0x0F, 0x06, 0x02, 0x0B, 0x0F, 0x0F, 0x0F, 0x0F, 0x0F, 0x0F, 0x0F, 0x0F, 0x0F,
    0x0F, 0x08, 0x03, 0x03, 0x03, 0x03, 0x03, 0x43, 0x03, 0x0F, 0x0F, 0x0F, 0x0F, 0x0F, 0x0F, 0x0F,
    0x0F, 0x0F, 0x0F, 0x09, 0x02, 0x02, 0x0F, 0x0F, 0x0F, 0x0F, 0x0F, 0x0F, 0x0F, 0x0F, 0x0F, 0x0F,
    0x0F, 0x0F, 0x0F, 0x0F, 0x0F, 0x0F, 0x0F, 0x0F, 0x0F, 0x0F, 0x06, 0x48, 0x06, 0x06, 0x48, 0x07,
    0x07, 0x07, 0x07, 0x49, 0x08, 0x07, 0x08, 0x07, 0x07, 0x07, 0x07, 0x07, 0x07, 0x08, 0x07, 0x07,
    0x07, 0x07, 0x07, 0x88, 0x07, 0x06, 0x05, 0x05, 0x05, 0x05, 0x88, 0x04, 0x05, 0x04, 0x05, 0x04,
    0x06, 0x05, 0x47, 0x05, 0x05, 0x46, 0x05, 0x04, 0x04, 0x04, 0x04, 0x04, 0x04, 0x04, 0x44, 0x04,
    0x03, 0x03, 0x03, 0x03, 0x03, 0x03, 0x53, 0x03, 0x03, 0x02, 0x03, 0x02, 0x03, 0x03, 0x53, 0x03,
    0x03, 0x03, 0x02, 0x53, 0x03, 0x0F, 0x0F, 0x0F, 0x0F, 0x0F, 0x0F, 0x0F, 0x0F, 0x0F, 0x0F, 0x05,
    0x03, 0x53, 0x03, 0x03, 0x03, 0x03, 0x03, 0x03, 0x03, 0x53, 0x03, 0x03, 0x44, 0x03, 0x0F, 0x0F,
    0x0F, 0x0F, 0x0F, 0x0F, 0x0F, 0x0F, 0x0F, 0x0F, 0x0F, 0x0F, 0x0F, 0x0F, 0x0F, 0x0F, 0x0F, 0x0F,
    0x0F, 0x0F, 0x04, 0x03, 0x03, 0x03, 0x53, 0x03, 0x03, 0x53, 0x03, 0x0F, 0x0F, 0x0F, 0x0F, 0x0F,
    0x0F, 0x0F, 0x0F, 0x0F, 0x09, 0x02, 0x52, 0x01, 0x0F, 0x0F, 0x0F, 0x0F, 0x0F, 0x0F, 0x0F, 0x0F,
    0x0F, 0x02, 0x53, 0x02, 0x0F, 0x0F, 0x0F, 0x0F, 0x0F, 0x0F, 0x0F, 0x0F, 0x0F, 0x0F, 0x02, 0x02,
    0x02, 0x53, 0x43, 0x03, 0x02, 0x0F, 0x0F, 0x0F, 0x0F, 0x0F, 0x0F, 0x0F, 0x0F, 0x0F, 0x0F, 0x0F,
    0x0F, 0x0F, 0x0F, 0x0F, 0x07, 0x02, 0x0A, 0x0F, 0x0F, 0x0F, 0x0F, 0x0F, 0x0F, 0x0F, 0x0F, 0x0F,
    0x0F, 0x09, 0x02, 0x03, 0x02, 0x03, 0x03, 0x53, 0x03, 0x0F, 0x0F, 0x0F, 0x0F, 0x0F, 0x0F, 0x0F,
    0x0F, 0x0F, 0x0F, 0x08, 0x53, 0x02, 0x0F, 0x0F, 0x0F, 0x0F, 0x0F, 0x0F, 0x0F, 0x0F, 0x0F, 0x0F,
    0x0F, 0x0F, 0x0F, 0x0F, 0x0F, 0x0F, 0x0F, 0x0F, 0x0F, 0x0F, 0x06, 0x06, 0x06, 0x06, 0x07, 0x48,
    0x07, 0x6B, 0x08, 0x08, 0x07, 0x08, 0x6B, 0x08, 0x08, 0x08, 0x08, 0x49, 0x08, 0x08, 0x07, 0x08,
    0x07, 0x07, 0x07, 0x07, 0x06, 0x06, 0x06, 0x88, 0x06, 0x05, 0x05, 0x04, 0x05, 0x55, 0x05, 0x04,
    0x06, 0x05, 0x05, 0x05, 0x05, 0x05, 0x04, 0x04, 0x05, 0x04, 0x04, 0x04, 0x44, 0x04, 0x03, 0x04,
    0x03, 0x04, 0x25, 0x03, 0x03, 0x03, 0x03, 0x03, 0x54, 0x03, 0x03, 0x53, 0x03, 0x03, 0x03, 0x03,
    0x53, 0x03, 0x03, 0x03, 0x02, 0x0F, 0x0F, 0x0F, 0x0F, 0x0F, 0x0F, 0x0F, 0x0F, 0x0F, 0x0F, 0x05,
    0x02, 0x03, 0x03, 0x03, 0x03, 0x03, 0x03, 0x03, 0x03, 0x03, 0x03, 0x03, 0x03, 0x53, 0x0F, 0x0F,
    0x0F, 0x0F, 0x0F, 0x0F, 0x0F, 0x0F, 0x0F, 0x0F, 0x0F, 0x0F, 0x0F, 0x0F, 0x0F, 0x0F, 0x0F, 0x0F,
    0x0F, 0x0F, 0x04, 0x02, 0x53, 0x03, 0x03, 0x03, 0x03, 0x02, 0x0D, 0x0F, 0x0F, 0x0F, 0x0F, 0x0F,
    0x0F, 0x0F, 0x0F, 0x0F, 0x52, 0x02, 0x01, 0x02, 0x0F, 0x0F, 0x0F, 0x0F, 0x0F, 0x0F, 0x0F, 0x0F,
    0x0F, 0x0F, 0x02, 0x02, 0x0F, 0x0F, 0x0F, 0x0F, 0x0F, 0x0F, 0x0F, 0x0F, 0x0F, 0x0F, 0x05, 0x23,
    0x02, 0x02, 0x02, 0x52, 0x02, 0x0F, 0x0F, 0x0F, 0x0F, 0x0F, 0x0F, 0x0F, 0x0F, 0x0F, 0x0F, 0x0F,
    0x0F, 0x0F, 0x0F, 0x0F, 0x04, 0x02, 0x0A, 0x0F, 0x0F, 0x0F, 0x0F, 0x0F, 0x0F, 0x0F, 0x0F, 0x0F,
    0x0F, 0x08, 0x02, 0x53, 0x02, 0x02, 0x02, 0x02, 0x03, 0x0F, 0x0F, 0x0F, 0x0F, 0x0F, 0x0F, 0x0F,
    0x0F, 0x0F, 0x0F, 0x09, 0x02, 0x02, 0x0F, 0x0F, 0x0F, 0x0F, 0x0F, 0x0F, 0x0F, 0x0F, 0x0F, 0x0F,
    0x0F, 0x0F, 0x0F, 0x0F, 0x0F, 0x0F, 0x0F, 0x0F, 0x0F, 0x0F, 0x06, 0x46, 0x06, 0x48, 0x07, 0x07,
    0x08, 0x08, 0x08, 0x08, 0x08, 0x08, 0x09, 0x08, 0x08, 0x4A, 0x09, 0x08, 0x08, 0x08, 0x07, 0x08,
    0x49, 0x08, 0x08, 0x07, 0x07, 0x06, 0x06, 0x06, 0x05, 0x05, 0x05, 0x56, 0x05, 0x05, 0x04, 0x05,
    0x06, 0x05, 0x05, 0x05, 0x05, 0x04, 0x05, 0x04, 0x04, 0x05, 0x04, 0x04, 0x04, 0x03, 0x03, 0x03,
    0x03, 0x03, 0x03, 0x03, 0x03, 0x03, 0x54, 0x04, 0x03, 0x03, 0x03, 0x03, 0x02, 0x03, 0x53, 0x03,
    0x03, 0x03, 0x53, 0x03, 0x02, 0x0F, 0x0F, 0x0F, 0x0F, 0x0F, 0x0F, 0x0F, 0x0F, 0x0F, 0x0F, 0x05,
    0x03, 0x02, 0x03, 0x03, 0x03, 0x03, 0x03, 0x03, 0x53, 0x03, 0x02, 0x53, 0x03, 0x03, 0x0F, 0x0F,
    0x0F, 0x0F, 0x0F, 0x0F, 0x0F, 0x0F, 0x0F, 0x0F, 0x0F, 0x0F, 0x0F, 0x0F, 0x0F, 0x0F, 0x0F, 0x0F,
    0x0F, 0x0F, 0x04, 0x02, 0x02, 0x02, 0x02, 0x53, 0x02, 0x02, 0x0F, 0x0F, 0x0F, 0x0F, 0x0F, 0x0F,
    0x0F, 0x0F, 0x0F, 0x0F, 0x0F, 0x0F, 0x0F, 0x0F, 0x0F, 0x0F, 0x0F, 0x0F, 0x0F, 0x0F, 0x0F, 0x0F,
    0x0F, 0x0F, 0x02, 0x23, 0x07, 0x0F, 0x0F, 0x0F, 0x0F, 0x0F, 0x0F, 0x0F, 0x0F, 0x0F, 0x0F, 0x01,
    0x02, 0x01, 0x02, 0x02, 0x02, 0x0F, 0x0F, 0x0F, 0x0F, 0x0F, 0x0F, 0x0F, 0x0F, 0x0F, 0x0F, 0x0F,
    0x0F, 0x0F, 0x0F, 0x0F, 0x02, 0x02, 0x07, 0x0F, 0x0F, 0x0F, 0x0F, 0x0F, 0x0F, 0x0F, 0x0F, 0x0F,
    0x0F, 0x0F, 0x02, 0x03, 0x02, 0x53, 0x02, 0x02, 0x0D, 0x0F, 0x0F, 0x0F, 0x0F, 0x0F, 0x0F, 0x0F,
    0x0F, 0x0F, 0x0F, 0x05, 0x02, 0x02, 0x0F, 0x0F, 0x0F, 0x0F, 0x0F, 0x0F, 0x0F, 0x0F, 0x0F, 0x0F,
    0x0F, 0x0F, 0x0F, 0x0F, 0x0F, 0x0F, 0x0F, 0x0F, 0x0F, 0x0F, 0x06, 0x05, 0x06, 0x06, 0x07, 0x07,
    0x08, 0x08, 0x08, 0x4A, 0x09, 0x08, 0x09, 0x4A, 0x09, 0x09, 0x08, 0x08, 0x08, 0x08, 0x08, 0x08,
    0x09, 0x08, 0x07, 0x07, 0x07, 0x06, 0x06, 0x06, 0x05, 0x56, 0x05, 0x05, 0x05, 0x04, 0x05, 0x05,
    0x06, 0x06, 0x06, 0x05, 0x05, 0x05, 0x04, 0x05, 0x04, 0x04, 0x04, 0x04, 0x04, 0x03, 0x03, 0x03,
    0x25, 0x04, 0x03, 0x03, 0x03, 0x04, 0x04, 0x03, 0x04, 0x04, 0x03, 0x03, 0x03, 0x03, 0x03, 0x03,
    0x03, 0x03, 0x02, 0x03, 0x02, 0x0F, 0x0F, 0x0F, 0x0F, 0x0F, 0x0F, 0x0F, 0x0F, 0x0F, 0x0F, 0x05,
    0x02, 0x03, 0x53, 0x03, 0x03, 0x54, 0x04, 0x03, 0x03, 0x03, 0x03, 0x02, 0x03, 0x53, 0x0F, 0x0F,
    0x0F, 0x0F, 0x0F, 0x0F, 0x0F, 0x0F, 0x0F, 0x0F, 0x0E, 0x52, 0x02, 0x02, 0x02, 0x52, 0x02, 0x52,
    0x02, 0x52, 0x02, 0x52, 0x03, 0x53, 0x03, 0x02, 0x02, 0x05, 0x0F, 0x0F, 0x0F, 0x0F, 0x0F, 0x0F,
    0x0F, 0x0F, 0x0F, 0x0F, 0x0F, 0x0F, 0x0F, 0x0F, 0x0F, 0x0F, 0x0F, 0x0F, 0x0F, 0x0F, 0x0F, 0x0F,
    0x0F, 0x0F, 0x0F, 0x02, 0x01, 0x0F, 0x0F, 0x0F, 0x0F, 0x0F, 0x0F, 0x0F, 0x0F, 0x0F, 0x0F, 0x0F,
    0x52, 0x02, 0x52, 0x02, 0x52, 0x02, 0x02, 0x52, 0x42, 0x06, 0x0F, 0x0F, 0x0F, 0x0F, 0x0F, 0x0F,
    0x0F, 0x0F, 0x0F, 0x0F, 0x02, 0x02, 0x53, 0x0F, 0x0F, 0x0F, 0x0F, 0x0F, 0x0F, 0x0F, 0x0F, 0x0F,
    0x0F, 0x0F, 0x0F, 0x02, 0x02, 0x02, 0x02, 0x0F, 0x0F, 0x0F, 0x0F, 0x0F, 0x0F, 0x0F, 0x0F, 0x0F,
    0x0F, 0x0F, 0x0F, 0x02, 0x02, 0x02, 0x0F, 0x0F, 0x0F, 0x0F, 0x0F, 0x0F, 0x0F, 0x0F, 0x0F, 0x0F,
    0x0F, 0x23, 0x02, 0x03, 0x03, 0x03, 0x03, 0x04, 0x04, 0x45, 0x05, 0x05, 0x47, 0x06, 0x07, 0x48,
    0x08, 0x4A, 0x09, 0x09, 0x08, 0x09, 0x08, 0x09, 0x09, 0x08, 0x09, 0x08, 0x09, 0x4A, 0x09, 0x08,
    0x08, 0x08, 0x08, 0x08, 0x07, 0x86, 0x07, 0x05, 0x05, 0x05, 0x05, 0x05, 0x05, 0x05, 0x56, 0x05,
    0x06, 0x05, 0x88, 0x06, 0x05, 0x88, 0x05, 0x05, 0x05, 0x04, 0x88, 0x04, 0x04, 0x04, 0x03, 0x04,
    0x03, 0x03, 0x03, 0x03, 0x03, 0x03, 0x03, 0x04, 0x03, 0x03, 0x04, 0x54, 0x03, 0x03, 0x03, 0x03,
    0x02, 0x03, 0x02, 0x02, 0x03, 0x0F, 0x0F, 0x0F, 0x0F, 0x0F, 0x0F, 0x0F, 0x0F, 0x0F, 0x0F, 0x06,
    0x53, 0x03, 0x03, 0x03, 0x03, 0x03, 0x03, 0x54, 0x03, 0x54, 0x03, 0x53, 0x02, 0x03, 0x0F, 0x0F,
    0x0F, 0x0F, 0x0F, 0x0F, 0x0F, 0x0F, 0x0F, 0x0F, 0x0E, 0x02, 0x53, 0x02, 0x02, 0x02, 0x02, 0x01,
    0x01, 0x02, 0x02, 0x02, 0x02, 0x02, 0x02, 0x02, 0x53, 0x0F, 0x0F, 0x0F, 0x0F, 0x0F, 0x0F, 0x0F,
    0x0F, 0x0F, 0x0F, 0x0F, 0x0F, 0x0F, 0x0F, 0x0F, 0x0F, 0x0F, 0x0F, 0x0F, 0x0F, 0x0F, 0x0F, 0x0F,
    0x0F, 0x0F, 0x0F, 0x02, 0x52, 0x0F, 0x0F, 0x0F, 0x0F, 0x0F, 0x0F, 0x0F, 0x0F, 0x0F, 0x0F, 0x0F,
    0x0F, 0x07, 0x02, 0x02, 0x02, 0x02, 0x52, 0x42, 0x0F, 0x0F, 0x0F, 0x0F, 0x0F, 0x0F, 0x0F, 0x0F,
    0x0F, 0x0F, 0x0F, 0x07, 0x02, 0x03, 0x02, 0x0F, 0x0F, 0x0F, 0x0F, 0x0F, 0x0F, 0x0F, 0x0F, 0x0F,
    0x0F, 0x0F, 0x0F, 0x0F, 0x0F, 0x0F, 0x0F, 0x0F, 0x0F, 0x0F, 0x0F, 0x0F, 0x0F, 0x0F, 0x0F, 0x0F,
    0x0F, 0x0F, 0x0F, 0x02, 0x53, 0x02, 0x0F, 0x0F, 0x0F, 0x0F, 0x0F, 0x0F, 0x0F, 0x0F, 0x0F, 0x0F,
    0x0F, 0x02, 0x03, 0x02, 0x03, 0x03, 0x03, 0x44, 0x04, 0x04, 0x04, 0x05, 0x06, 0x06, 0x07, 0x07,
    0x08, 0x08, 0x08, 0x08, 0x09, 0x4B, 0x09, 0x09, 0x08, 0x09, 0x09, 0x4A, 0x0A, 0x09, 0x08, 0x08,
    0x08, 0x08, 0x87, 0x08, 0x08, 0x07, 0x07, 0x06, 0x05, 0x05, 0x05, 0x05, 0x05, 0x05, 0x05, 0x05,
    0x06, 0x06, 0x06, 0x05, 0x05, 0x05, 0x05, 0x05, 0x04, 0x05, 0x04, 0x04, 0x04, 0x04, 0x04, 0x03,
    0x03, 0x03, 0x03, 0x03, 0x03, 0x03, 0x04, 0x03, 0x04, 0x54, 0x44, 0x04, 0x03, 0x03, 0x03, 0x53,
    0x43, 0x53, 0x03, 0x02, 0x02, 0x0F, 0x0F, 0x0F, 0x0F, 0x0F, 0x0F, 0x0F, 0x0F, 0x0F, 0x0F, 0x0F,
    0x0F, 0x0F, 0x0F, 0x0F, 0x0F, 0x0F, 0x0F, 0x0F, 0x0F, 0x0F, 0x0F, 0x08, 0x02, 0x02, 0x0F, 0x0F,
    0x0F, 0x0F, 0x0F, 0x0F, 0x0F, 0x0F, 0x0F, 0x0F, 0x0F, 0x0F, 0x0F, 0x0F, 0x0F, 0x0F, 0x0F, 0x0F,
    0x0F, 0x0F, 0x0F, 0x0F, 0x0F, 0x52, 0x02, 0x02, 0x04, 0x0F, 0x0F, 0x0F, 0x0F, 0x0F, 0x0F, 0x0F,
    0x0F, 0x0F, 0x0F, 0x0F, 0x0F, 0x0F, 0x0F, 0x0F, 0x0F, 0x0F, 0x0F, 0x0F, 0x0F, 0x0F, 0x0F, 0x0F,
    0x0F, 0x0F, 0x0F, 0x0F, 0x02, 0x02, 0x0F, 0x0F, 0x0F, 0x0F, 0x0F, 0x0F, 0x0F, 0x0F, 0x0F, 0x0F,
    0x0F, 0x0F, 0x0F, 0x0F, 0x0F, 0x0F, 0x0F, 0x0F, 0x0F, 0x0F, 0x0F, 0x0F, 0x0F, 0x0F, 0x0F, 0x0F,
    0x0F, 0x0F, 0x0F, 0x02, 0x53, 0x03, 0x03, 0x03, 0x0F, 0x0F, 0x0F, 0x0F, 0x0F, 0x0F, 0x0F, 0x0F,
    0x0F, 0x0F, 0x0F, 0x0F, 0x0F, 0x0F, 0x0F, 0x0F, 0x0F, 0x0F, 0x0F, 0x0F, 0x0F, 0x0F, 0x0F, 0x0F,
    0x0F, 0x0F, 0x02, 0x02, 0x02, 0x02, 0x0F, 0x0F, 0x0F, 0x0F, 0x0F, 0x0F, 0x0F, 0x0F, 0x0F, 0x0F,
    0x0F, 0x0F, 0x0F, 0x0F, 0x0F, 0x0F, 0x0F, 0x0F, 0x0F, 0x0F, 0x0F, 0x0F, 0x0F, 0x06, 0x06, 0x07,
    0x07, 0x08, 0x08, 0x08, 0x09, 0x09, 0x09, 0x09, 0x09, 0x4B, 0x09, 0x09, 0x08, 0x08, 0x08, 0x08,
    0x08, 0x08, 0x08, 0x08, 0x07, 0x07, 0x06, 0x57, 0x06, 0x05, 0x57, 0x06, 0x05, 0x56, 0x06, 0x05,
    0x06, 0x47, 0x06, 0x06, 0x05, 0x06, 0x05, 0x05, 0x05, 0x05, 0x04, 0x04, 0x04, 0x03, 0x04, 0x04,
    0x03, 0x03, 0x03, 0x03, 0x03, 0x03, 0x25, 0x04, 0x03, 0x04, 0x04, 0x03, 0x04, 0x54, 0x03, 0x03,
    0x03, 0x02, 0x02, 0x53, 0x03, 0x0F, 0x0F, 0x0F, 0x0F, 0x0F, 0x0F, 0x0F, 0x0F, 0x0F, 0x0F, 0x0F,
    0x0F, 0x0F, 0x0F, 0x0F, 0x0F, 0x0F, 0x0F, 0x0F, 0x0F, 0x0F, 0x0F, 0x09, 0x02, 0x02, 0x0F, 0x0F,
    0x0F, 0x0F, 0x0F, 0x0F, 0x0F, 0x0F, 0x0F, 0x0F, 0x0F, 0x0F, 0x0F, 0x0F, 0x0F, 0x0F, 0x0F, 0x0F,
    0x0F, 0x0F, 0x0F, 0x0F, 0x0F, 0x02, 0x02, 0x02, 0x0F, 0x0F, 0x0F, 0x0F, 0x0F, 0x0F, 0x0F, 0x0F,
    0x0F, 0x0F, 0x0F, 0x0F, 0x0F, 0x0F, 0x0F, 0x0F, 0x0F, 0x0F, 0x0F, 0x0F, 0x0F, 0x0F, 0x0F, 0x0F,
    0x0F, 0x0F, 0x0F, 0x0F, 0x03, 0x02, 0x02, 0x0F, 0x0F, 0x0F, 0x0F, 0x0F, 0x0F, 0x0F, 0x0F, 0x0F,
    0x0F, 0x0F, 0x0F, 0x0F, 0x0F, 0x0F, 0x0F, 0x0F, 0x0F, 0x0F, 0x0F, 0x0F, 0x0F, 0x0F, 0x0F, 0x0F,
    0x0F, 0x0F, 0x02, 0x02, 0x03, 0x02, 0x53, 0x02, 0x02, 0x0F, 0x0F, 0x0F, 0x0F, 0x0F, 0x0F, 0x0F,
    0x0F, 0x0F, 0x0F, 0x0F, 0x0F, 0x0F, 0x0F, 0x0F, 0x0F, 0x0F, 0x0F, 0x0F, 0x0F, 0x0F, 0x0F, 0x0F,
    0x0F, 0x02, 0x02, 0x52, 0x02, 0x02, 0x0F, 0x0F, 0x0F, 0x0F, 0x0F, 0x0F, 0x0F, 0x0F, 0x0F, 0x0F,
    0x0F, 0x0F, 0x0F, 0x0F, 0x0F, 0x0F, 0x0F, 0x0F, 0x0F, 0x0F, 0x0F, 0x0F, 0x0F, 0x06, 0x48, 0x07,
    0x07, 0x49, 0x09, 0x08, 0x09, 0x09, 0x4A, 0x09, 0x09, 0x09, 0x08, 0x08, 0x08, 0x09, 0x08, 0x08,
    0x08, 0x08, 0x08, 0x07, 0x07, 0x07, 0x07, 0x06, 0x06, 0x06, 0x88, 0x05, 0x06, 0x05, 0x05, 0x06,
    0x07, 0x07, 0x06, 0x48, 0x06, 0x06, 0x06, 0x05, 0x05, 0x05, 0x04, 0x04, 0x04, 0x04, 0x55, 0x04,
    0x04, 0x04, 0x03, 0x03, 0x25, 0x04, 0x03, 0x04, 0x04, 0x04, 0x55, 0x04, 0x04, 0x04, 0x04, 0x03,
    0x54, 0x03, 0x03, 0x02, 0x03, 0x0F, 0x0F, 0x0F, 0x0F, 0x0F, 0x0F, 0x0F, 0x0F, 0x0F, 0x0F, 0x0F,
    0x0F, 0x0F, 0x0F, 0x0F, 0x0F, 0x0F, 0x0F, 0x0F, 0x0F, 0x0F, 0x0F, 0x08, 0x53, 0x02, 0x0F, 0x0F,
    0x0F, 0x0F, 0x0F, 0x0F, 0x0F, 0x0F, 0x0F, 0x0F, 0x0F, 0x0F, 0x0F, 0x0F, 0x0F, 0x0F, 0x0F, 0x0F,
    0x0F, 0x0F, 0x0F, 0x0F, 0x0F, 0x02, 0x52, 0x08, 0x0F, 0x0F, 0x0F, 0x0F, 0x0F, 0x0F, 0x0F, 0x0F,
    0x0F, 0x0F, 0x0E, 0x0E, 0x0E, 0x0E, 0x0E, 0x0E, 0x0E, 0x0E, 0x0F, 0x0F, 0x0F, 0x0F, 0x0F, 0x0F,
    0x0F, 0x0F, 0x0F, 0x0F, 0x0F, 0x02, 0x02, 0x53, 0x0F, 0x0F, 0x0F, 0x0F, 0x0F, 0x0F, 0x0F, 0x0F,
    0x0F, 0x0F, 0x0F, 0x0F, 0x0F, 0x0F, 0x0F, 0x0F, 0x0F, 0x0F, 0x0F, 0x0F, 0x0F, 0x0F, 0x0F, 0x0F,
    0x0F, 0x02, 0x02, 0x53, 0x02, 0x02, 0x02, 0x02, 0x02, 0x03, 0x0F, 0x0F, 0x0F, 0x0F, 0x0F, 0x0F,
    0x0F, 0x0F, 0x0F, 0x0F, 0x0F, 0x0F, 0x0F, 0x0F, 0x0F, 0x0F, 0x0F, 0x0F, 0x0F, 0x0F, 0x0F, 0x0F,
    0x07, 0x53, 0x02, 0x03, 0x02, 0x03, 0x0F, 0x0F, 0x0F, 0x0F, 0x0F, 0x0F, 0x0F, 0x0F, 0x0F, 0x0F,
    0x0F, 0x0F, 0x0F, 0x0F, 0x0F, 0x0F, 0x0F, 0x0F, 0x0F, 0x0F, 0x0F, 0x0F, 0x0F, 0x07, 0x07, 0x07,
    0x08, 0x08, 0x08, 0x4A, 0x09, 0x09, 0x09, 0x09, 0x08, 0x08, 0x09, 0x08, 0x08, 0x08, 0x08, 0x08,
    0x87, 0x09, 0x08, 0x07, 0x07, 0x07, 0x86, 0x07, 0x06, 0x05, 0x06, 0x05, 0x57, 0x06, 0x06, 0x56,
    0x08, 0x08, 0x07, 0x07, 0x07, 0x47, 0x07, 0x06, 0x88, 0x05, 0x05, 0x05, 0x05, 0x05, 0x04, 0x05,
    0x04, 0x04, 0x04, 0x03, 0x04, 0x03, 0x03, 0x03, 0x54, 0x04, 0x04, 0x04, 0x04, 0x55, 0x04, 0x04,
    0x04, 0x03, 0x53, 0x02, 0x53, 0x0F, 0x0F, 0x0F, 0x0F, 0x0F, 0x0F, 0x0F, 0x0F, 0x0F, 0x0F, 0x0F,
    0x0F, 0x0F, 0x0F, 0x0F, 0x0F, 0x0F, 0x0F, 0x0F, 0x0F, 0x0F, 0x0F, 0x08, 0x02, 0x02, 0x0F, 0x0F,
    0x0F, 0x0F, 0x0F, 0x0F, 0x0F, 0x0F, 0x0F, 0x0F, 0x0F, 0x0F, 0x0F, 0x0F, 0x0F, 0x0F, 0x0F, 0x0F,
    0x0F, 0x0F, 0x0F, 0x0F, 0x0F, 0x02, 0x03, 0x0F, 0x0F, 0x0F, 0x0F, 0x0F, 0x0F, 0x0F, 0x0F, 0x0F,
    0x0F, 0x0E, 0x03, 0x53, 0x02, 0x03, 0x02, 0x53, 0x02, 0x02, 0x02, 0x0F, 0x0F, 0x0F, 0x0F, 0x0F,
    0x0F, 0x0F, 0x0F, 0x0F, 0x0F, 0x03, 0x02, 0x03, 0x02, 0x02, 0x0F, 0x0F, 0x0F, 0x0F, 0x0F, 0x0F,
    0x0F, 0x0F, 0x0F, 0x0F, 0x0F, 0x0F, 0x0F, 0x0F, 0x0F, 0x0F, 0x0F, 0x0F, 0x0F, 0x0F, 0x0F, 0x08,
    0x02, 0x02, 0x02, 0x02, 0x02, 0x03, 0x53, 0x03, 0x02, 0x53, 0x02, 0x0F, 0x0F, 0x0F, 0x0F, 0x0F,
    0x0F, 0x0F, 0x0F, 0x0F, 0x0F, 0x0F, 0x0F, 0x0F, 0x0F, 0x0F, 0x0F, 0x0F, 0x0F, 0x0F, 0x0F, 0x02,
    0x02, 0x03, 0x02, 0x03, 0x53, 0x03, 0x0F, 0x0F, 0x0F, 0x0F, 0x0F, 0x0F, 0x0F, 0x0F, 0x0F, 0x0F,
    0x0F, 0x0F, 0x0F, 0x0F, 0x0F, 0x0F, 0x0F, 0x0F, 0x0F, 0x0F, 0x0F, 0x0F, 0x0F, 0x06, 0x06, 0x07,
    0x07, 0x07, 0x08, 0x09, 0x08, 0x08, 0x08, 0x09, 0x08, 0x08, 0x08, 0x08, 0x08, 0x08, 0x08, 0x08,
    0x08, 0x08, 0x07, 0x07, 0x85, 0x07, 0x07, 0x06, 0x57, 0x06, 0x06, 0x06, 0x06, 0x05, 0x06, 0x06,
    0x08, 0x08, 0x4A, 0x08, 0x07, 0x07, 0x06, 0x06, 0x06, 0x06, 0x06, 0x05, 0x05, 0x88, 0x05, 0x05,
    0x04, 0x04, 0x04, 0x04, 0x03, 0x03, 0x03, 0x04, 0x04, 0x04, 0x04, 0x55, 0x04, 0x04, 0x04, 0x54,
    0x04, 0x54, 0x03, 0x03, 0x03, 0x0F, 0x0F, 0x0F, 0x0F, 0x0F, 0x0F, 0x0F, 0x0F, 0x0F, 0x0F, 0x0F,
    0x0F, 0x0F, 0x0F, 0x0F, 0x0F, 0x0F, 0x0F, 0x0F, 0x0F, 0x0F, 0x0F, 0x08, 0x02, 0x02, 0x0F, 0x0F,
    0x0F, 0x0F, 0x0F, 0x0F, 0x0F, 0x0F, 0x0F, 0x0F, 0x0F, 0x0F, 0x0F, 0x0F, 0x0F, 0x0F, 0x0F, 0x0F,
    0x0F, 0x0F, 0x0F, 0x0F, 0x0F, 0x02, 0x03, 0x0F, 0x0F, 0x0F, 0x0F, 0x0F, 0x0F, 0x0F, 0x0F, 0x0F,
    0x0F, 0x03, 0x03, 0x03, 0x03, 0x53, 0x03, 0x03, 0x02, 0x02, 0x53, 0x0F, 0x0F, 0x0F, 0x0F, 0x0F,
    0x0F, 0x0F, 0x0F, 0x0F, 0x0F, 0x0F, 0x02, 0x02, 0x02, 0x53, 0x02, 0x02, 0x0F, 0x0F, 0x0F, 0x0F,
    0x0F, 0x0F, 0x0F, 0x0F, 0x0F, 0x0F, 0x0F, 0x0F, 0x0F, 0x0F, 0x0F, 0x0F, 0x0F, 0x0F, 0x02, 0x02,
    0x53, 0x03, 0x53, 0x03, 0x02, 0x03, 0x03, 0x03, 0x03, 0x03, 0x03, 0x03, 0x03, 0x0F, 0x0F, 0x0F,
    0x0F, 0x0F, 0x0F, 0x0F, 0x0F, 0x0F, 0x0F, 0x0F, 0x0F, 0x0F, 0x0F, 0x0F, 0x0F, 0x03, 0x53, 0x03,
    0x03, 0x03, 0x54, 0x03, 0x03, 0x03, 0x0F, 0x0F, 0x0F, 0x0F, 0x0F, 0x0F, 0x0F, 0x0F, 0x0F, 0x0F,
    0x0F, 0x0F, 0x0F, 0x0F, 0x0F, 0x0F, 0x0F, 0x0F, 0x0F, 0x0F, 0x0F, 0x0F, 0x0F, 0x06, 0x07, 0x48,
    0x07, 0x07, 0x07, 0x08, 0x08, 0x08, 0x08, 0x4A, 0x09, 0x08, 0x08, 0x08, 0x08, 0x87, 0x08, 0x08,
    0x08, 0x07, 0x07, 0x07, 0x07, 0x07, 0x06, 0x07, 0x06, 0x06, 0x57, 0x06, 0x05, 0x57, 0x06, 0x06,
    0x08, 0x09, 0x08, 0x08, 0x08, 0x49, 0x08, 0x07, 0x48, 0x07, 0x06, 0x06, 0x06, 0x06, 0x05, 0x05,
    0x05, 0x56, 0x04, 0x04, 0x04, 0x04, 0x55, 0x03, 0x03, 0x54, 0x03, 0x04, 0x04, 0x04, 0x54, 0x04,
    0x04, 0x03, 0x03, 0x53, 0x03, 0x0F, 0x0F, 0x0F, 0x0F, 0x0F, 0x0F, 0x0F, 0x0F, 0x0F, 0x0F, 0x0F,
    0x0F, 0x0F, 0x0F, 0x0F, 0x0F, 0x0F, 0x0F, 0x0F, 0x0F, 0x0F, 0x0F, 0x09, 0x53, 0x02, 0x0F, 0x0F,
    0x0F, 0x0F, 0x0F, 0x0F, 0x0F, 0x0F, 0x0F, 0x0F, 0x0F, 0x0F, 0x0F, 0x0F, 0x0F, 0x0F, 0x0F, 0x0F,
    0x0F, 0x0F, 0x0F, 0x0F, 0x0F, 0x53, 0x0F, 0x0F, 0x0F, 0x0F, 0x0F, 0x0F, 0x0F, 0x0F, 0x0F, 0x0F,
    0x0F, 0x03, 0x53, 0x03, 0x03, 0x03, 0x03, 0x03, 0x53, 0x03, 0x02, 0x0A, 0x0F, 0x0F, 0x0F, 0x0F,
    0x0F, 0x0F, 0x0F, 0x0F, 0x0F, 0x0F, 0x52, 0x02, 0x02, 0x42, 0x02, 0x22, 0x02, 0x02, 0x02, 0x0F,
    0x0F, 0x0F, 0x0F, 0x0F, 0x0F, 0x0F, 0x0F, 0x0F, 0x0F, 0x0F, 0x0F, 0x02, 0x02, 0x02, 0x03, 0x53,
    0x03, 0x03, 0x03, 0x03, 0x53, 0x03, 0x03, 0x54, 0x04, 0x04, 0x54, 0x04, 0x03, 0x54, 0x03, 0x08,
    0x0F, 0x0F, 0x0F, 0x0F, 0x0F, 0x0F, 0x0F, 0x0F, 0x0F, 0x0F, 0x07, 0x03, 0x54, 0x03, 0x04, 0x03,
    0x04, 0x03, 0x04, 0x03, 0x04, 0x03, 0x0F, 0x0F, 0x0F, 0x0F, 0x0F, 0x0F, 0x0F, 0x0F, 0x0F, 0x0F,
    0x0F, 0x0F, 0x0F, 0x0F, 0x0F, 0x0F, 0x0F, 0x0F, 0x0F, 0x0F, 0x0F, 0x0F, 0x0F, 0x06, 0x06, 0x07,
    0x07, 0x07, 0x49, 0x07, 0x08, 0x49, 0x09, 0x08, 0x08, 0x08, 0x08, 0x49, 0x09, 0x08, 0x08, 0x08,
    0x07, 0x08, 0x07, 0x07, 0x07, 0x07, 0x07, 0x06, 0x06, 0x06, 0x06, 0x06, 0x06, 0x06, 0x06, 0x06,
    0x09, 0x08, 0x08, 0x4A, 0x08, 0x08, 0x07, 0x07, 0x07, 0x07, 0x07, 0x06, 0x06, 0x06, 0x06, 0x05,
    0x05, 0x05, 0x05, 0x04, 0x04, 0x04, 0x04, 0x04, 0x03, 0x03, 0x03, 0x03, 0x54, 0x03, 0x04, 0x03,
    0x54, 0x03, 0x03, 0x03, 0x34, 0x03, 0x02, 0x03, 0x53, 0x03, 0x02, 0x02, 0x53, 0x02, 0x02, 0x02,
    0x02, 0x53, 0x02, 0x02, 0x53, 0x03, 0x53, 0x03, 0x02, 0x03, 0x53, 0x03, 0x02, 0x03, 0x53, 0x02,
    0x02, 0x53, 0x02, 0x02, 0x53, 0x02, 0x53, 0x03, 0x53, 0x02, 0x03, 0x53, 0x03, 0x53, 0x03, 0x02,
    0x03, 0x53, 0x03, 0x03, 0x53, 0x03, 0x02, 0x03, 0x53, 0x03, 0x03, 0x53, 0x03, 0x03, 0x03, 0x03,
    0x53, 0x03, 0x03, 0x03, 0x54, 0x03, 0x02, 0x03, 0x02, 0x02, 0x02, 0x02, 0x02, 0x02, 0x02, 0x02,
    0x02, 0x52, 0x02, 0x02, 0x02, 0x02, 0x02, 0x02, 0x52, 0x02, 0x02, 0x02, 0x02, 0x02, 0x02, 0x03,
    0x02, 0x03, 0x03, 0x02, 0x03, 0x02, 0x03, 0x02, 0x03, 0x03, 0x53, 0x03, 0x03, 0x53, 0x03, 0x03,
    0x03, 0x03, 0x54, 0x03, 0x03, 0x03, 0x03, 0x04, 0x54, 0x04, 0x03, 0x04, 0x03, 0x04, 0x03, 0x03,
    0x03, 0x53, 0x03, 0x02, 0x03, 0x03, 0x03, 0x03, 0x03, 0x04, 0x54, 0x04, 0x04, 0x04, 0x04, 0x54,
    0x04, 0x04, 0x04, 0x04, 0x55, 0x04, 0x04, 0x03, 0x04, 0x04, 0x04, 0x04, 0x04, 0x04, 0x03, 0x03,
    0x03, 0x03, 0x03, 0x04, 0x04, 0x05, 0x05, 0x05, 0x05, 0x06, 0x05, 0x06, 0x06, 0x06, 0x06, 0x06,
    0x06, 0x07, 0x07, 0x07, 0x08, 0x08, 0x08, 0x08, 0x08, 0x08, 0x08, 0x08, 0x08, 0x08, 0x08, 0x08,
    0x08, 0x07, 0x87, 0x08, 0x07, 0x07, 0x58, 0x07, 0x58, 0x07, 0x06, 0x57, 0x06, 0x06, 0x57, 0x06,
    0x08, 0x4A, 0x09, 0x08, 0x08, 0x08, 0x07, 0x08, 0x49, 0x07, 0x07, 0x49, 0x07, 0x06, 0x06, 0x06,
    0x05, 0x05, 0x88, 0x04, 0x04, 0x04, 0x04, 0x04, 0x55, 0x03, 0x03, 0x03, 0x03, 0x03, 0x35, 0x04,
    0x03, 0x03, 0x36, 0x03, 0x03, 0x03, 0x54, 0x03, 0x03, 0x03, 0x53, 0x03, 0x03, 0x03, 0x53, 0x03,
    0x03, 0x02, 0x53, 0x03, 0x02, 0x03, 0x02, 0x03, 0x53, 0x03, 0x02, 0x03, 0x53, 0x02, 0x02, 0x53,
    0x02, 0x02, 0x53, 0x02, 0x02, 0x03, 0x02, 0x02, 0x03, 0x53, 0x03, 0x02, 0x03, 0x03, 0x53, 0x03,
    0x53, 0x03, 0x03, 0x53, 0x03, 0x02, 0x53, 0x03, 0x02, 0x03, 0x53, 0x03, 0x03, 0x53, 0x03, 0x53,
    0x03, 0x03, 0x53, 0x03, 0x02, 0x02, 0x53, 0x02, 0x02, 0x02, 0x02, 0x02, 0x52, 0x02, 0x02, 0x52,
    0x02, 0x02, 0x02, 0x02, 0x02, 0x02, 0x02, 0x02, 0x02, 0x02, 0x03, 0x03, 0x03, 0x03, 0x03, 0x03,
    0x03, 0x53, 0x03, 0x03, 0x53, 0x03, 0x03, 0x53, 0x03, 0x02, 0x03, 0x02, 0x03, 0x02, 0x03, 0x53,
    0x03, 0x03, 0x03, 0x03, 0x53, 0x03, 0x54, 0x03, 0x04, 0x03, 0x04, 0x54, 0x04, 0x54, 0x03, 0x54,
    0x03, 0x03, 0x02, 0x03, 0x53, 0x03, 0x54, 0x04, 0x54, 0x04, 0x04, 0x03, 0x04, 0x04, 0x04, 0x04,
    0x04, 0x55, 0x04, 0x04, 0x04, 0x04, 0x04, 0x04, 0x04, 0x54, 0x04, 0x04, 0x04, 0x04, 0x03, 0x03,
    0x03, 0x04, 0x04, 0x05, 0x05, 0x05, 0x05, 0x05, 0x05, 0x05, 0x06, 0x06, 0x06, 0x06, 0x07, 0x07,
    0x07, 0x07, 0x07, 0x08, 0x07, 0x08, 0x08, 0x08, 0x08, 0x08, 0x08, 0x08, 0x08, 0x08, 0x08, 0x08,
    0x07, 0x08, 0x08, 0x07, 0x07, 0x07, 0x07, 0x07, 0x07, 0x06, 0x06, 0x06, 0x06, 0x06, 0x06, 0x06,
    0x08, 0x08, 0x08, 0x08, 0x07, 0x08, 0x49, 0x08, 0x08, 0x07, 0x07, 0x08, 0x07, 0x07, 0x07, 0x06,
    0x06, 0x06, 0x06, 0x05, 0x05, 0x05, 0x05, 0x04, 0x04, 0x04, 0x55, 0x04, 0x35, 0x03, 0x03, 0x03,
    0x04, 0x04, 0x04, 0x03, 0x54, 0x04, 0x04, 0x04, 0x04, 0x54, 0x04, 0x03, 0x53, 0x03, 0x03, 0x54,
    0x03, 0x03, 0x03, 0x53, 0x03, 0x53, 0x03, 0x53, 0x07, 0x0F, 0x0F, 0x0F, 0x0F, 0x0F, 0x0F, 0x0F,
    0x0F, 0x0F, 0x0F, 0x0F, 0x0F, 0x0F, 0x0F, 0x05, 0x53, 0x03, 0x02, 0x03, 0x53, 0x03, 0x02, 0x03,
    0x02, 0x53, 0x03, 0x02, 0x03, 0x02, 0x02, 0x02, 0x53, 0x02, 0x03, 0x02, 0x02, 0x02, 0x02, 0x02,
    0x02, 0x02, 0x02, 0x02, 0x02, 0x02, 0x02, 0x02, 0x53, 0x03, 0x53, 0x03, 0x02, 0x03, 0x03, 0x03,
    0x03, 0x03, 0x03, 0x03, 0x03, 0x03, 0x03, 0x03, 0x03, 0x02, 0x53, 0x03, 0x03, 0x53, 0x03, 0x03,
    0x03, 0x03, 0x02, 0x03, 0x03, 0x02, 0x03, 0x03, 0x53, 0x03, 0x03, 0x53, 0x03, 0x53, 0x03, 0x03,
    0x03, 0x53, 0x03, 0x03, 0x03, 0x03, 0x03, 0x03, 0x03, 0x54, 0x04, 0x03, 0x03, 0x04, 0x03, 0x03,
    0x03, 0x03, 0x54, 0x03, 0x03, 0x03, 0x03, 0x03, 0x04, 0x03, 0x04, 0x04, 0x04, 0x55, 0x04, 0x04,
    0x05, 0x05, 0x04, 0x05, 0x05, 0x04, 0x05, 0x55, 0x05, 0x04, 0x05, 0x04, 0x05, 0x55, 0x04, 0x04,
    0x04, 0x04, 0x05, 0x05, 0x05, 0x05, 0x05, 0x06, 0x06, 0x06, 0x06, 0x06, 0x07, 0x07, 0x07, 0x07,
    0x07, 0x07, 0x07, 0x07, 0x07, 0x07, 0x08, 0x08, 0x08, 0x08, 0x87, 0x08, 0x07, 0x08, 0x07, 0x08,
    0x87, 0x08, 0x08, 0x08, 0x59, 0x08, 0x07, 0x07, 0x07, 0x58, 0x07, 0x06, 0x58, 0x07, 0x06, 0x58,
    0x08, 0x08, 0x07, 0x49, 0x08, 0x08, 0x08, 0x07, 0x08, 0x07, 0x08, 0x07, 0x49, 0x08, 0x07, 0x48,
    0x07, 0x07, 0x06, 0x06, 0x06, 0x05, 0x05, 0x05, 0x05, 0x05, 0x04, 0x04, 0x04, 0x03, 0x54, 0x04,
    0x36, 0x04, 0x55, 0x05, 0x04, 0x36, 0x04, 0x55, 0x04, 0x04, 0x36, 0x04, 0x03, 0x36, 0x03, 0x03,
    0x35, 0x03, 0x53, 0x03, 0x03, 0x0F, 0x0F, 0x0F, 0x0F, 0x0F, 0x0F, 0x0F, 0x0F, 0x0F, 0x0F, 0x0F,
    0x0F, 0x0F, 0x0F, 0x0F, 0x0F, 0x0F, 0x0F, 0x0F, 0x0F, 0x0F, 0x0C, 0x53, 0x03, 0x33, 0x03, 0x33,
    0x02, 0x02, 0x34, 0x02, 0x53, 0x02, 0x34, 0x03, 0x02, 0x02, 0x02, 0x53, 0x03, 0x53, 0x03, 0x03,
    0x53, 0x03, 0x05, 0x0A, 0x0E, 0x0F, 0x0F, 0x0F, 0x0F, 0x0F, 0x0F, 0x0F, 0x0F, 0x0F, 0x0F, 0x0F,
    0x0F, 0x0F, 0x0F, 0x0F, 0x0F, 0x0F, 0x0F, 0x0F, 0x0F, 0x0F, 0x0F, 0x0F, 0x0F, 0x0F, 0x0F, 0x0F,
    0x0F, 0x0F, 0x0F, 0x0F, 0x0F, 0x0F, 0x0F, 0x0F, 0x0F, 0x0F, 0x0E, 0x0A, 0x04, 0x03, 0x02, 0x53,
    0x03, 0x03, 0x53, 0x03, 0x53, 0x02, 0x03, 0x53, 0x03, 0x03, 0x03, 0x03, 0x54, 0x03, 0x03, 0x03,
    0x54, 0x03, 0x03, 0x02, 0x03, 0x54, 0x04, 0x03, 0x04, 0x54, 0x04, 0x04, 0x04, 0x04, 0x04, 0x04,
    0x04, 0x04, 0x05, 0x55, 0x05, 0x04, 0x05, 0x04, 0x04, 0x04, 0x05, 0x04, 0x05, 0x05, 0x04, 0x04,
    0x55, 0x05, 0x05, 0x05, 0x06, 0x57, 0x06, 0x06, 0x86, 0x07, 0x07, 0x07, 0x86, 0x08, 0x07, 0x07,
    0x87, 0x08, 0x07, 0x07, 0x07, 0x07, 0x07, 0x87, 0x08, 0x08, 0x08, 0x08, 0x08, 0x08, 0x87, 0x09,
    0x08, 0x08, 0x08, 0x08, 0x09, 0x08, 0x08, 0x59, 0x08, 0x07, 0x07, 0x07, 0x06, 0x06, 0x07, 0x06,
    0x08, 0x07, 0x08, 0x08, 0x08, 0x08, 0x08, 0x08, 0x49, 0x08, 0x08, 0x08, 0x08, 0x08, 0x08, 0x08,
    0x07, 0x07, 0x06, 0x07, 0x06, 0x06, 0x06, 0x06, 0x56, 0x05, 0x05, 0x05, 0x55, 0x04, 0x04, 0x04,
    0x04, 0x05, 0x04, 0x38, 0x05, 0x04, 0x05, 0x04, 0x38, 0x05, 0x04, 0x04, 0x36, 0x04, 0x03, 0x03,
    0x03, 0x54, 0x04, 0x0F, 0x0F, 0x0F, 0x0F, 0x0F, 0x0F, 0x0F, 0x0F, 0x0F, 0x0F, 0x0F, 0x0F, 0x0F,
    0x0F, 0x0F, 0x0F, 0x0F, 0x0F, 0x0F, 0x0F, 0x0F, 0x0F, 0x0F, 0x0F, 0x0F, 0x0F, 0x02, 0x02, 0x53,
    0x02, 0x02, 0x02, 0x03, 0x02, 0x03, 0x03, 0x03, 0x0C, 0x0F, 0x0F, 0x0F, 0x0F, 0x0F, 0x0F, 0x0F,
    0x0F, 0x0F, 0x0F, 0x0F, 0x0F, 0x0F, 0x0F, 0x0F, 0x0F, 0x0F, 0x0F, 0x0F, 0x0F, 0x0F, 0x0F, 0x0F,
    0x0F, 0x0F, 0x0F, 0x0F, 0x0F, 0x0F, 0x0F, 0x0F, 0x0F, 0x0F, 0x0F, 0x0F, 0x0F, 0x0F, 0x0F, 0x0F,
    0x0F, 0x0F, 0x0F, 0x0F, 0x0F, 0x0F, 0x0F, 0x0F, 0x0F, 0x0F, 0x0F, 0x0F, 0x0F, 0x0F, 0x0F, 0x0F,
    0x0F, 0x0F, 0x0F, 0x0F, 0x0F, 0x0F, 0x0A, 0x04, 0x03, 0x03, 0x54, 0x03, 0x03, 0x03, 0x03, 0x03,
    0x03, 0x03, 0x03, 0x53, 0x03, 0x03, 0x03, 0x03, 0x03, 0x04, 0x03, 0x54, 0x04, 0x04, 0x55, 0x04,
    0x04, 0x56, 0x04, 0x05, 0x04, 0x55, 0x05, 0x88, 0x04, 0x04, 0x55, 0x05, 0x88, 0x05, 0x05, 0x05,
    0x05, 0x04, 0x05, 0x06, 0x06, 0x07, 0x06, 0x07, 0x07, 0x07, 0x07, 0x07, 0x07, 0x07, 0x07, 0x07,
    0x07, 0x07, 0x07, 0x07, 0x87, 0x08, 0x08, 0x08, 0x08, 0x07, 0x08, 0x08, 0x08, 0x08, 0x08, 0x08,
    0x08, 0x08, 0x08, 0x5A, 0x09, 0x08, 0x08, 0x07, 0x07, 0x06, 0x86, 0x06, 0x57, 0x06, 0x57, 0x06,
    0x08, 0x08, 0x4A, 0x08, 0x08, 0x49, 0x08, 0x08, 0x08, 0x08, 0x08, 0x08, 0x09, 0x08, 0x08, 0x08,
    0x07, 0x49, 0x07, 0x07, 0x07, 0x06, 0x07, 0x06, 0x06, 0x06, 0x05, 0x05, 0x05, 0x05, 0x38, 0x04,
    0x36, 0x04, 0x04, 0x04, 0x04, 0x55, 0x05, 0x38, 0x05, 0x04, 0x55, 0x04, 0x04, 0x54, 0x03, 0x35,
    0x04, 0x0F, 0x0F, 0x0F, 0x0F, 0x0F, 0x0F, 0x0F, 0x0F, 0x0F, 0x0F, 0x0F, 0x0F, 0x0F, 0x0F, 0x0F,
    0x0F, 0x0F, 0x0F, 0x0F, 0x0F, 0x0F, 0x0F, 0x0F, 0x0F, 0x0F, 0x0F, 0x0F, 0x0F, 0x0F, 0x0F, 0x08,
    0x0F, 0x0F, 0x0F, 0x0F, 0x0F, 0x0F, 0x0F, 0x0F, 0x0F, 0x0F, 0x0F, 0x0F, 0x0F, 0x0F, 0x0F, 0x0F,
    0x0F, 0x0F, 0x0F, 0x0F, 0x0F, 0x0F, 0x0F, 0x0F, 0x0F, 0x0F, 0x0F, 0x0F, 0x0F, 0x0F, 0x0F, 0x0F,
    0x0F, 0x0F, 0x0F, 0x0F, 0x0F, 0x0F, 0x0F, 0x0F, 0x0F, 0x0F, 0x0F, 0x0F, 0x0F, 0x0F, 0x0F, 0x0F,
    0x0F, 0x0F, 0x0F, 0x0F, 0x0F, 0x0F, 0x0F, 0x0F, 0x0F, 0x0F, 0x0F, 0x0F, 0x0F, 0x0F, 0x0F, 0x0F,
    0x0F, 0x0F, 0x0F, 0x0F, 0x0F, 0x0F, 0x0F, 0x0F, 0x0F, 0x0F, 0x0F, 0x0F, 0x0F, 0x0F, 0x0F, 0x06,
    0x03, 0x53, 0x02, 0x02, 0x02, 0x02, 0x53, 0x03, 0x53, 0x03, 0x03, 0x03, 0x03, 0x03, 0x04, 0x04,
    0x04, 0x04, 0x03, 0x04, 0x04, 0x04, 0x04, 0x54, 0x04, 0x04, 0x05, 0x04, 0x05, 0x57, 0x06, 0x05,
    0x05, 0x05, 0x56, 0x06, 0x06, 0x86, 0x07, 0x07, 0x06, 0x07, 0x58, 0x07, 0x07, 0x07, 0x07, 0x07,
    0x07, 0x07, 0x07, 0x07, 0x07, 0x07, 0x07, 0x07, 0x08, 0x08, 0x08, 0x08, 0x08, 0x08, 0x08, 0x08,
    0x08, 0x5A, 0x09, 0x08, 0x07, 0x58, 0x07, 0x06, 0x58, 0x06, 0x05, 0x05, 0x05, 0x04, 0x04, 0x04,
    0x08, 0x08, 0x08, 0x08, 0x08, 0x08, 0x08, 0x08, 0x08, 0x08, 0x08, 0x08, 0x08, 0x08, 0x08, 0x49,
    0x09, 0x08, 0x07, 0x07, 0x06, 0x07, 0x06, 0x07, 0x06, 0x06, 0x06, 0x06, 0x56, 0x06, 0x05, 0x04,
    0x04, 0x55, 0x04, 0x36, 0x04, 0x04, 0x04, 0x04, 0x04, 0x04, 0x36, 0x04, 0x35, 0x03, 0x03, 0x0F,
    0x0F, 0x0F, 0x0F, 0x0F, 0x0F, 0x0F, 0x0F, 0x0F, 0x0F, 0x0F, 0x0F, 0x0F, 0x0A, 0x0A, 0x0A, 0x0A,
    0x0A, 0x09, 0x09, 0x0B, 0x0F, 0x0F, 0x0F, 0x0F, 0x0F, 0x0F, 0x0F, 0x0F, 0x0F, 0x0F, 0x0F, 0x0F,
    0x0F, 0x0F, 0x0F, 0x0F, 0x0F, 0x0F, 0x0F, 0x0F, 0x0F, 0x0F, 0x0F, 0x0F, 0x0F, 0x0F, 0x0F, 0x0F,
    0x0F, 0x0F, 0x0F, 0x0F, 0x0F, 0x0F, 0x0F, 0x0F, 0x0F, 0x0F, 0x0F, 0x0F, 0x0F, 0x0F, 0x0F, 0x0F,
    0x0F, 0x0F, 0x0F, 0x0F, 0x0F, 0x0F, 0x0F, 0x0F, 0x0F, 0x0F, 0x0F, 0x0F, 0x0F, 0x0F, 0x0F, 0x0F,
    0x0F, 0x0F, 0x0F, 0x0F, 0x0F, 0x0F, 0x0F, 0x0F, 0x0F, 0x0F, 0x0F, 0x0F, 0x0F, 0x0F, 0x0F, 0x0F,
    0x0F, 0x0F, 0x0F, 0x0F, 0x0F, 0x0F, 0x0F, 0x0F, 0x0F, 0x0F, 0x0F, 0x0F, 0x0F, 0x0F, 0x0F, 0x0F,
    0x0F, 0x0F, 0x0F, 0x0F, 0x0F, 0x03, 0x03, 0x02, 0x03, 0x03, 0x53, 0x03, 0x03, 0x25, 0x04, 0x53,
    0x03, 0x03, 0x26, 0x04, 0x54, 0x04, 0x03, 0x04, 0x04, 0x55, 0x05, 0x56, 0x06, 0x05, 0x06, 0x56,
    0x05, 0x05, 0x06, 0x06, 0x07, 0x07, 0x06, 0x07, 0x58, 0x07, 0x07, 0x07, 0x07, 0x59, 0x08, 0x07,
    0x07, 0x85, 0x08, 0x07, 0x07, 0x07, 0x07, 0x08, 0x07, 0x08, 0x08, 0x87, 0x08, 0x08, 0x08, 0x5A,
    0x09, 0x08, 0x08, 0x07, 0x07, 0x06, 0x05, 0x05, 0x04, 0x04, 0x54, 0x03, 0x03, 0x03, 0x25, 0x03,
    0x07, 0x08, 0x07, 0x08, 0x07, 0x08, 0x49, 0x08, 0x07, 0x49, 0x08, 0x07, 0x4A, 0x08, 0x08, 0x08,
    0x08, 0x07, 0x07, 0x07, 0x48, 0x07, 0x06, 0x06, 0x06, 0x06, 0x06, 0x05, 0x06, 0x05, 0x05, 0x04,
    0x05, 0x04, 0x36, 0x04, 0x36, 0x04, 0x36, 0x04, 0x36, 0x04, 0x03, 0x03, 0x03, 0x09, 0x0F, 0x0F,
    0x0F, 0x0F, 0x0F, 0x0F, 0x0F, 0x0F, 0x0F, 0x0F, 0x0B, 0x0B, 0x0B, 0x0B, 0x0B, 0x0B, 0x0B, 0x0B,
    0x0A, 0x0A, 0x0A, 0x0A, 0x09, 0x09, 0x08, 0x08, 0x0F, 0x0F, 0x0F, 0x0F, 0x0F, 0x0F, 0x0F, 0x0F,
    0x0F, 0x0F, 0x0F, 0x0F, 0x0F, 0x0F, 0x0F, 0x0F, 0x0F, 0x0F, 0x0F, 0x0F, 0x0F, 0x0F, 0x0F, 0x0F,
    0x0F, 0x0F, 0x0F, 0x0F, 0x0F, 0x0F, 0x0F, 0x0F, 0x0E, 0x0D, 0x0C, 0x5E, 0x0B, 0x5D, 0x0A, 0x5D,
    0x0A, 0x5D, 0x0A, 0x5D, 0x5C, 0x0A, 0x5D, 0x5C, 0x0A, 0x5D, 0x0A, 0x5C, 0x5C, 0x0A, 0x5C, 0x5B,
    0x09, 0x5C, 0x5B, 0x0B, 0x5D, 0x0D, 0x0E, 0x0F, 0x0F, 0x0F, 0x0F, 0x0F, 0x0F, 0x0F, 0x0F, 0x0F,
    0x0F, 0x0F, 0x0F, 0x0F, 0x0F, 0x0F, 0x0F, 0x0F, 0x0F, 0x0F, 0x0F, 0x0F, 0x0F, 0x0F, 0x0F, 0x0F,
    0x0F, 0x0F, 0x0F, 0x0F, 0x0F, 0x0F, 0x0F, 0x0F, 0x0F, 0x0F, 0x0A, 0x03, 0x03, 0x03, 0x03, 0x04,
    0x03, 0x04, 0x03, 0x04, 0x03, 0x04, 0x04, 0x55, 0x05, 0x04, 0x04, 0x05, 0x05, 0x05, 0x05, 0x05,
    0x05, 0x55, 0x05, 0x06, 0x57, 0x07, 0x06, 0x07, 0x07, 0x07, 0x07, 0x07, 0x07, 0x07, 0x07, 0x85,
    0x08, 0x07, 0x07, 0x07, 0x07, 0x07, 0x07, 0x08, 0x87, 0x08, 0x08, 0x08, 0x08, 0x08, 0x08, 0x09,
    0x08, 0x08, 0x08, 0x07, 0x06, 0x55, 0x03, 0x03, 0x54, 0x03, 0x03, 0x03, 0x02, 0x03, 0x03, 0x02,
    0x07, 0x07, 0x49, 0x08, 0x49, 0x08, 0x07, 0x07, 0x07, 0x07, 0x07, 0x08, 0x08, 0x07, 0x08, 0x07,
    0x08, 0x07, 0x07, 0x07, 0x07, 0x06, 0x06, 0x06, 0x06, 0x06, 0x06, 0x05, 0x05, 0x05, 0x05, 0x38,
    0x05, 0x04, 0x04, 0x03, 0x03, 0x04, 0x04, 0x04, 0x04, 0x54, 0x04, 0x35, 0x05, 0x0F, 0x0F, 0x0F,
    0x0F, 0x0F, 0x0F, 0x0F, 0x0F, 0x0D, 0x0B, 0x0B, 0x0C, 0x0C, 0x0C, 0x0C, 0x0C, 0x0C, 0x0C, 0x0B,
    0x0B, 0x0B, 0x0A, 0x0A, 0x09, 0x09, 0x09, 0x08, 0x08, 0x07, 0x0F, 0x0F, 0x0F, 0x0F, 0x0F, 0x0F,
    0x0F, 0x0F, 0x0F, 0x0F, 0x0F, 0x0F, 0x0F, 0x0F, 0x0F, 0x0F, 0x0F, 0x0E, 0x0C, 0x5E, 0x0B, 0x5E,
    0x0B, 0x5E, 0x0B, 0x5E, 0x0B, 0x5E, 0x0B, 0x5E, 0x5E, 0x5E, 0x0B, 0x3F, 0x5F, 0x0B, 0x3F, 0x5E,
    0x0B, 0x3F, 0x5E, 0x0B, 0x3F, 0x0C, 0x3F, 0x0C, 0x3F, 0x5D, 0x3F, 0x0C, 0x3F, 0x5D, 0x0B, 0x3F,
    0x5D, 0x0A, 0x3F, 0x0A, 0x3F, 0x5D, 0x09, 0x5C, 0x3F, 0x5B, 0x09, 0x5B, 0x3E, 0x09, 0x5B, 0x3E,
    0x5A, 0x08, 0x5C, 0x0F, 0x0F, 0x0F, 0x0F, 0x0F, 0x0F, 0x0F, 0x0F, 0x0F, 0x0F, 0x0F, 0x0F, 0x0F,
    0x0F, 0x0F, 0x0F, 0x0F, 0x0F, 0x0F, 0x0F, 0x0F, 0x0F, 0x0F, 0x0F, 0x0F, 0x0F, 0x0F, 0x0C, 0x03,
    0x03, 0x54, 0x03, 0x03, 0x03, 0x55, 0x04, 0x04, 0x04, 0x04, 0x05, 0x55, 0x05, 0x05, 0x56, 0x05,
    0x05, 0x05, 0x05, 0x05, 0x06, 0x06, 0x58, 0x07, 0x06, 0x07, 0x58, 0x07, 0x07, 0x07, 0x07, 0x07,
    0x07, 0x07, 0x07, 0x07, 0x58, 0x08, 0x07, 0x07, 0x08, 0x08, 0x08, 0x08, 0x08, 0x08, 0x08, 0x08,
    0x08, 0x08, 0x08, 0x59, 0x07, 0x04, 0x03, 0x43, 0x02, 0x02, 0x02, 0x03, 0x02, 0x03, 0x02, 0x03,
    0x07, 0x07, 0x08, 0x07, 0x07, 0x07, 0x07, 0x07, 0x6B, 0x08, 0x07, 0x07, 0x08, 0x07, 0x08, 0x07,
    0x08, 0x49, 0x08, 0x07, 0x07, 0x07, 0x06, 0x06, 0x06, 0x06, 0x05, 0x06, 0x06, 0x05, 0x06, 0x05,
    0x05, 0x05, 0x04, 0x36, 0x04, 0x36, 0x04, 0x55, 0x04, 0x04, 0x36, 0x04, 0x0F, 0x0F, 0x0F, 0x0F,
    0x0F, 0x0F, 0x0F, 0x0F, 0x0B, 0x0B, 0x0C, 0x0C, 0x0C, 0x0D, 0x0D, 0x0D, 0x0D, 0x0C, 0x0C, 0x0C,
    0x0C, 0x0B, 0x0B, 0x0B, 0x0A, 0x09, 0x09, 0x09, 0x08, 0x07, 0x07, 0x07, 0x0F, 0x0F, 0x0F, 0x0F,
    0x0F, 0x0F, 0x0F, 0x0F, 0x5E, 0x0C, 0x5E, 0x0B, 0x5E, 0x0C, 0x5E, 0x5E, 0x0C, 0x3F, 0x0D, 0x5F,
    0x0C, 0x3F, 0x0D, 0x3F, 0x0D, 0x5E, 0x3F, 0x0D, 0x0B, 0x3F, 0x0D, 0x5F, 0x0C, 0x3F, 0x0D, 0x3F,
    0x0D, 0x5F, 0x0B, 0x3F, 0x0D, 0x5E, 0x3F, 0x0C, 0x5E, 0x0C, 0x3F, 0x0B, 0x5D, 0x0B, 0x3F, 0x0B,
    0x3F, 0x0B, 0x3F, 0x5E, 0x0B, 0x3F, 0x3F, 0x0B, 0x5C, 0x0A, 0x3F, 0x0A, 0x5C, 0x3F, 0x09, 0x5B,
    0x3F, 0x09, 0x3F, 0x08, 0x3E, 0x5A, 0x08, 0x3E, 0x5A, 0x59, 0x09, 0x0E, 0x0F, 0x0F, 0x0F, 0x0F,
    0x0F, 0x0F, 0x0F, 0x0F, 0x0F, 0x0F, 0x0F, 0x0F, 0x0F, 0x0F, 0x0F, 0x0F, 0x0F, 0x0F, 0x0F, 0x0F,
    0x0F, 0x0F, 0x05, 0x03, 0x03, 0x03, 0x04, 0x04, 0x55, 0x04, 0x04, 0x05, 0x04, 0x05, 0x05, 0x05,
    0x56, 0x04, 0x05, 0x57, 0x06, 0x07, 0x07, 0x06, 0x58, 0x07, 0x07, 0x07, 0x85, 0x07, 0x07, 0x07,
    0x07, 0x07, 0x07, 0x07, 0x08, 0x07, 0x85, 0x07, 0x07, 0x08, 0x59, 0x08, 0x08, 0x5A, 0x09, 0x08,
    0x85, 0x09, 0x08, 0x07, 0x07, 0x05, 0x03, 0x03, 0x02, 0x02, 0x02, 0x02, 0x02, 0x03, 0x03, 0x03,
    0x07, 0x07, 0x48, 0x08, 0x07, 0x07, 0x6B, 0x08, 0x08, 0x07, 0x08, 0x49, 0x08, 0x08, 0x08, 0x49,
    0x08, 0x08, 0x07, 0x07, 0x07, 0x07, 0x06, 0x06, 0x06, 0x06, 0x05, 0x06, 0x06, 0x06, 0x06, 0x05,
    0x06, 0x56, 0x05, 0x04, 0x04, 0x04, 0x04, 0x04, 0x36, 0x03, 0x04, 0x0F, 0x0F, 0x0F, 0x0F, 0x0F,
    0x0F, 0x0F, 0x0C, 0x0B, 0x0B, 0x0C, 0x0D, 0x0D, 0x0D, 0x0D, 0x0E, 0x0D, 0x0E, 0x0D, 0x0D, 0x0D,
    0x0C, 0x0C, 0x0B, 0x0B, 0x0A, 0x0A, 0x09, 0x09, 0x08, 0x08, 0x08, 0x07, 0x06, 0x0F, 0x0F, 0x0F,
    0x0F, 0x0F, 0x0F, 0x0F, 0x0F, 0x0C, 0x5F, 0x0C, 0x3F, 0x0D, 0x3F, 0x0E, 0x5F, 0x0D, 0x5F, 0x3F,
    0x0D, 0x5F, 0x0C, 0x5F, 0x3F, 0x0E, 0x5F, 0x3F, 0x0D, 0x5F, 0x3F, 0x0D, 0x3F, 0x0D, 0x5F, 0x0C,
    0x3F, 0x0C, 0x3F, 0x5F, 0x0B, 0x3F, 0x0D, 0x5E, 0x3F, 0x0B, 0x5E, 0x3F, 0x0C, 0x3F, 0x5E, 0x0B,
    0x3F, 0x5E, 0x0B, 0x3F, 0x0A, 0x5D, 0x0A, 0x3F, 0x0A, 0x3F, 0x5C, 0x3F, 0x0A, 0x3F, 0x5C, 0x09,
    0x3F, 0x5B, 0x3E, 0x5B, 0x09, 0x3F, 0x5A, 0x08, 0x3E, 0x3E, 0x5A, 0x3E, 0x5A, 0x3C, 0x59, 0x59,
    0x3C, 0x59, 0x0E, 0x0F, 0x0F, 0x0F, 0x0F, 0x0F, 0x0F, 0x0F, 0x0F, 0x0F, 0x0F, 0x0F, 0x0F, 0x0F,
    0x0F, 0x0F, 0x0F, 0x0F, 0x0F, 0x0F, 0x03, 0x04, 0x04, 0x04, 0x55, 0x05, 0x55, 0x05, 0x55, 0x05,
    0x05, 0x04, 0x05, 0x05, 0x06, 0x06, 0x06, 0x07, 0x07, 0x07, 0x07, 0x07, 0x07, 0x07, 0x07, 0x59,
    0x08, 0x07, 0x59, 0x08, 0x07, 0x07, 0x07, 0x07, 0x07, 0x08, 0x08, 0x08, 0x08, 0x08, 0x08, 0x08,
    0x08, 0x07, 0x07, 0x07, 0x06, 0x88, 0x04, 0x02, 0x02, 0x42, 0x02, 0x02, 0x02, 0x02, 0x03, 0x03,
    0x06, 0x07, 0x07, 0x06, 0x07, 0x07, 0x07, 0x07, 0x07, 0x07, 0x08, 0x08, 0x07, 0x08, 0x08, 0x08,
    0x07, 0x08, 0x07, 0x07, 0x07, 0x07, 0x07, 0x06, 0x06, 0x06, 0x05, 0x05, 0x05, 0x05, 0x05, 0x56,
    0x05, 0x05, 0x04, 0x04, 0x36, 0x03, 0x35, 0x03, 0x03, 0x03, 0x0F, 0x0F, 0x0F, 0x0F, 0x0F, 0x0F,
    0x0F, 0x0B, 0x0B, 0x0B, 0x0C, 0x0C, 0x0D, 0x0D, 0x0E, 0x0E, 0x0E, 0x0E, 0x0E, 0x0E, 0x0D, 0x0D,
    0x0D, 0x0C, 0x0B, 0x0B, 0x0A, 0x0A, 0x0A, 0x09, 0x08, 0x08, 0x07, 0x07, 0x07, 0x06, 0x0F, 0x0F,
    0x0F, 0x0F, 0x0F, 0x0F, 0x0F, 0x0F, 0x3F, 0x0E, 0x5F, 0x0D, 0x5F, 0x0C, 0x3F, 0x5F, 0x0D, 0x3F,
    0x0E, 0x3F, 0x5F, 0x0D, 0x5F, 0x0C, 0x3F, 0x0E, 0x5F, 0x0C, 0x3F, 0x0D, 0x5F, 0x3F, 0x0C, 0x5F,
    0x3F, 0x5F, 0x0D, 0x3F, 0x0C, 0x5F, 0x3F, 0x0C, 0x5E, 0x3F, 0x0C, 0x5D, 0x3F, 0x0C, 0x3F, 0x5E,
    0x0B, 0x3F, 0x0B, 0x5D, 0x3F, 0x0A, 0x3F, 0x5D, 0x3F, 0x0A, 0x5C, 0x0A, 0x3F, 0x0A, 0x3F, 0x09,
    0x3F, 0x0A, 0x09, 0x3F, 0x5A, 0x09, 0x3F, 0x3E, 0x09, 0x5A, 0x08, 0x3E, 0x08, 0x3E, 0x08, 0x3E,
    0x08, 0x3C, 0x59, 0x3C, 0x59, 0x3C, 0x58, 0x0E, 0x0F, 0x0F, 0x0F, 0x0F, 0x0F, 0x0F, 0x0F, 0x0F,
    0x0F, 0x0F, 0x0F, 0x0F, 0x0F, 0x0F, 0x0F, 0x0F, 0x0F, 0x04, 0x04, 0x05, 0x04, 0x05, 0x05, 0x05,
    0x05, 0x55, 0x05, 0x05, 0x86, 0x07, 0x06, 0x07, 0x07, 0x07, 0x86, 0x08, 0x07, 0x07, 0x08, 0x07,
    0x07, 0x08, 0x07, 0x07, 0x07, 0x06, 0x07, 0x07, 0x58, 0x07, 0x07, 0x58, 0x07, 0x07, 0x86, 0x07,
    0x07, 0x58, 0x07, 0x57, 0x06, 0x04, 0x03, 0x03, 0x02, 0x02, 0x02, 0x42, 0x02, 0x02, 0x02, 0x03,
    0x06, 0x06, 0x07, 0x06, 0x07, 0x06, 0x07, 0x07, 0x07, 0x07, 0x07, 0x07, 0x07, 0x07, 0x07, 0x07,
    0x07, 0x07, 0x07, 0x07, 0x06, 0x06, 0x06, 0x07, 0x06, 0x05, 0x05, 0x05, 0x05, 0x05, 0x05, 0x05,
    0x04, 0x04, 0x36, 0x04, 0x03, 0x03, 0x03, 0x02, 0x34, 0x05, 0x0F, 0x0F, 0x0F, 0x0F, 0x0F, 0x0F,
    0x0F, 0x0A, 0x0B, 0x0C, 0x0C, 0x0D, 0x0D, 0x0D, 0x0E, 0x0E, 0x0F, 0x0F, 0x0E, 0x0E, 0x0E, 0x0D,
    0x0D, 0x0C, 0x0C, 0x0B, 0x0B, 0x0A, 0x09, 0x09, 0x09, 0x08, 0x08, 0x07, 0x06, 0x06, 0x06, 0x0F,
    0x0F, 0x0F, 0x0F, 0x0F, 0x0F, 0x0F, 0x5F, 0x0D, 0x3F, 0x5F, 0x0D, 0x3F, 0x0F, 0x3F, 0x0E, 0x5F,
    0x0D, 0x5F, 0x0D, 0x3F, 0x0D, 0x3F, 0x0E, 0x5F, 0x3F, 0x0D, 0x5F, 0x3F, 0x0D, 0x5F, 0x3F, 0x0D,
    0x0C, 0x3F, 0x0C, 0x5F, 0x3F, 0x0C, 0x5E, 0x3F, 0x0C, 0x5D, 0x0B, 0x3F, 0x0C, 0x5E, 0x0B, 0x3F,
    0x0B, 0x5D, 0x3F, 0x0B, 0x3F, 0x5D, 0x0B, 0x3F, 0x0B, 0x3F, 0x5C, 0x3F, 0x5C, 0x09, 0x3F, 0x5C,
    0x09, 0x3F, 0x5B, 0x3E, 0x09, 0x3F, 0x5A, 0x09, 0x3E, 0x3E, 0x3E, 0x08, 0x3E, 0x5A, 0x3E, 0x59,
    0x3E, 0x08, 0x3D, 0x07, 0x3C, 0x07, 0x3C, 0x3C, 0x58, 0x3B, 0x58, 0x39, 0x0F, 0x0F, 0x0F, 0x0F,
    0x0F, 0x0F, 0x0F, 0x0F, 0x0F, 0x0F, 0x0F, 0x0F, 0x0F, 0x0F, 0x0F, 0x0F, 0x04, 0x04, 0x05, 0x04,
    0x05, 0x05, 0x05, 0x05, 0x06, 0x06, 0x07, 0x58, 0x07, 0x07, 0x07, 0x07, 0x07, 0x07, 0x07, 0x07,
    0x06, 0x06, 0x06, 0x86, 0x06, 0x57, 0x06, 0x05, 0x06, 0x05, 0x06, 0x05, 0x05, 0x05, 0x05, 0x05,
    0x05, 0x04, 0x05, 0x04, 0x04, 0x03, 0x03, 0x03, 0x43, 0x02, 0x02, 0x02, 0x01, 0x02, 0x02, 0x03,
    0x06, 0x07, 0x06, 0x48, 0x07, 0x07, 0x07, 0x07, 0x07, 0x07, 0x08, 0x08, 0x08, 0x07, 0x08, 0x07,
    0x08, 0x07, 0x07, 0x07, 0x07, 0x07, 0x06, 0x06, 0x06, 0x06, 0x05, 0x05, 0x05, 0x05, 0x04, 0x04,
    0x04, 0x04, 0x04, 0x03, 0x03, 0x03, 0x35, 0x03, 0x03, 0x0F, 0x0F, 0x0F, 0x0F, 0x0F, 0x0F, 0x0F,
    0x0A, 0x0A, 0x0B, 0x0B, 0x0C, 0x0C, 0x0D, 0x0E, 0x0E, 0x0E, 0x0F, 0x0F, 0x0E, 0x0F, 0x0E, 0x0D,
    0x0D, 0x0C, 0x0C, 0x0B, 0x0B, 0x0A, 0x0A, 0x09, 0x08, 0x08, 0x08, 0x07, 0x07, 0x06, 0x06, 0x05,
    0x0F, 0x0F, 0x0F, 0x0F, 0x0F, 0x0F, 0x0F, 0x5F, 0x0E, 0x3F, 0x0E, 0x5F, 0x0D, 0x5F, 0x0C, 0x3F,
    0x5F, 0x0D, 0x3F, 0x0E, 0x5F, 0x0D, 0x3F, 0x0D, 0x5F, 0x0C, 0x3F, 0x0E, 0x5E, 0x0C, 0x5E, 0x3F,
    0x5F, 0x0C, 0x3F, 0x0C, 0x5E, 0x0B, 0x3F, 0x0D, 0x3F, 0x0C, 0x3F, 0x0C, 0x3F, 0x5D, 0x0B, 0x3F,
    0x5D, 0x0B, 0x3F, 0x5D, 0x0B, 0x3F, 0x0A, 0x5D, 0x5C, 0x0A, 0x3F, 0x0A, 0x3F, 0x5C, 0x09, 0x3F,
    0x5C, 0x3E, 0x0A, 0x3F, 0x5B, 0x09, 0x3F, 0x5A, 0x3E, 0x09, 0x5B, 0x3E, 0x08, 0x3E, 0x08, 0x3C,
    0x08, 0x3E, 0x59, 0x3D, 0x3C, 0x59, 0x3C, 0x07, 0x3C, 0x58, 0x3B, 0x3B, 0x57, 0x3B, 0x57, 0x3C,
    0x0F, 0x0F, 0x0F, 0x0F, 0x0F, 0x0F, 0x0F, 0x0F, 0x0F, 0x0F, 0x0F, 0x0F, 0x0F, 0x0F, 0x05, 0x05,
    0x05, 0x05, 0x05, 0x05, 0x05, 0x57, 0x06, 0x06, 0x06, 0x06, 0x06, 0x57, 0x06, 0x56, 0x06, 0x56,
    0x06, 0x88, 0x05, 0x05, 0x04, 0x04, 0x04, 0x04, 0x54, 0x04, 0x04, 0x03, 0x04, 0x03, 0x04, 0x54,
    0x03, 0x03, 0x44, 0x03, 0x03, 0x03, 0x43, 0x02, 0x02, 0x02, 0x02, 0x42, 0x02, 0x02, 0x02, 0x03,
    0x07, 0x06, 0x07, 0x07, 0x07, 0x07, 0x48, 0x08, 0x07, 0x08, 0x49, 0x08, 0x08, 0x08, 0x49, 0x08,
    0x07, 0x08, 0x07, 0x07, 0x07, 0x07, 0x07, 0x07, 0x06, 0x06, 0x06, 0x05, 0x05, 0x05, 0x04, 0x05,
    0x04, 0x04, 0x04, 0x75, 0x03, 0x03, 0x03, 0x74, 0x02, 0x0F, 0x0F, 0x0F, 0x0F, 0x0F, 0x0F, 0x0C,
    0x0A, 0x0A, 0x0B, 0x0B, 0x0C, 0x0C, 0x0D, 0x0D, 0x0E, 0x0E, 0x0E, 0x0E, 0x0E, 0x0E, 0x0D, 0x0D,
    0x0C, 0x0C, 0x0B, 0x0B, 0x0A, 0x0A, 0x0A, 0x09, 0x09, 0x08, 0x07, 0x07, 0x06, 0x06, 0x05, 0x05,
    0x0F, 0x0F, 0x0F, 0x0F, 0x0F, 0x0F, 0x0F, 0x0C, 0x3F, 0x0F, 0x5F, 0x3F, 0x0E, 0x3F, 0x5F, 0x0E,
    0x3F, 0x0E, 0x5F, 0x3F, 0x0D, 0x5F, 0x5F, 0x0C, 0x3F, 0x0D, 0x5F, 0x3F, 0x0D, 0x3F, 0x0D, 0x0C,
    0x3F, 0x0D, 0x5F, 0x3F, 0x0C, 0x3F, 0x0D, 0x5E, 0x0B, 0x5E, 0x3F, 0x5F, 0x0B, 0x3F, 0x5E, 0x0B,
    0x3F, 0x0B, 0x3F, 0x0B, 0x3F, 0x5D, 0x3F, 0x0A, 0x3F, 0x0A, 0x3F, 0x0A, 0x5C, 0x09, 0x3F, 0x09,
    0x3F, 0x09, 0x5B, 0x09, 0x3F, 0x5A, 0x3E, 0x09, 0x5A, 0x3E, 0x08, 0x3E, 0x5A, 0x3C, 0x5A, 0x3E,
    0x59, 0x3C, 0x08, 0x3C, 0x08, 0x3C, 0x59, 0x3C, 0x07, 0x3C, 0x07, 0x3C, 0x3B, 0x06, 0x3B, 0x57,
    0x3A, 0x57, 0x39, 0x0F, 0x0F, 0x0F, 0x0F, 0x0F, 0x0F, 0x0F, 0x0F, 0x0F, 0x0F, 0x0F, 0x0F, 0x0F,
    0x05, 0x88, 0x55, 0x04, 0x04, 0x05, 0x04, 0x04, 0x88, 0x04, 0x04, 0x04, 0x04, 0x04, 0x44, 0x04,
    0x03, 0x03, 0x54, 0x03, 0x03, 0x03, 0x03, 0x24, 0x03, 0x43, 0x03, 0x25, 0x03, 0x03, 0x43, 0x03,
    0x43, 0x03, 0x03, 0x02, 0x43, 0x03, 0x03, 0x03, 0x02, 0x03, 0x02, 0x02, 0x02, 0x02, 0x53, 0x02,
    0x06, 0x06, 0x06, 0x07, 0x06, 0x07, 0x08, 0x07, 0x08, 0x08, 0x08, 0x08, 0x07, 0x08, 0x08, 0x08,
    0x07, 0x08, 0x07, 0x07, 0x07, 0x07, 0x07, 0x06, 0x06, 0x06, 0x05, 0x05, 0x05, 0x05, 0x04, 0x04,
    0x04, 0x04, 0x36, 0x04, 0x03, 0x36, 0x03, 0x03, 0x08, 0x0F, 0x0F, 0x0F, 0x0F, 0x0F, 0x0F, 0x09,
    0x0A, 0x0A, 0x0B, 0x0B, 0x0B, 0x0C, 0x0D, 0x0D, 0x0D, 0x0D, 0x0E, 0x0E, 0x0D, 0x0D, 0x0D, 0x0D,
    0x0C, 0x0C, 0x0B, 0x0B, 0x0A, 0x0A, 0x09, 0x09, 0x08, 0x08, 0x07, 0x07, 0x06, 0x06, 0x06, 0x05,
    0x09, 0x0F, 0x0F, 0x0F, 0x0F, 0x0F, 0x0F, 0x5F, 0x0E, 0x5F, 0x0D, 0x5F, 0x0D, 0x5F, 0x0E, 0x3F,
    0x5F, 0x3F, 0x3F, 0x5F, 0x3F, 0x3F, 0x3F, 0x3F, 0x5E, 0x3F, 0x3F, 0x5E, 0x3F, 0x5D, 0x3F, 0x3F,
    0x5E, 0x3F, 0x3F, 0x5D, 0x3F, 0x5D, 0x3F, 0x3F, 0x3F, 0x3F, 0x5C, 0x3F, 0x3F, 0x5B, 0x3F, 0x3F,
    0x5B, 0x3F, 0x5C, 0x3F, 0x5B, 0x3E, 0x5A, 0x3F, 0x5A, 0x3F, 0x5A, 0x3E, 0x3E, 0x3F, 0x5C, 0x09,
    0x5C, 0x3F, 0x3E, 0x5B, 0x09, 0x3F, 0x09, 0x3E, 0x08, 0x3F, 0x5A, 0x08, 0x3E, 0x09, 0x3E, 0x08,
    0x3E, 0x07, 0x3E, 0x59, 0x3C, 0x3C, 0x07, 0x3C, 0x3C, 0x3C, 0x3B, 0x58, 0x3B, 0x3B, 0x3B, 0x06,
    0x3B, 0x3A, 0x39, 0x57, 0x39, 0x39, 0x0F, 0x0F, 0x0F, 0x0F, 0x0F, 0x0F, 0x0F, 0x0F, 0x0F, 0x0F,
    0x0F, 0x0F, 0x0F, 0x03, 0x02, 0x02, 0x43, 0x03, 0x02, 0x53, 0x03, 0x02, 0x43, 0x02, 0x03, 0x02,
    0x02, 0x03, 0x02, 0x02, 0x02, 0x02, 0x02, 0x03, 0x02, 0x03, 0x02, 0x03, 0x43, 0x03, 0x02, 0x03,
    0x02, 0x02, 0x03, 0x02, 0x03, 0x02, 0x02, 0x03, 0x43, 0x03, 0x02, 0x03, 0x02, 0x03, 0x03, 0x02,
    0x06, 0x06, 0x06, 0x06, 0x07, 0x07, 0x07, 0x07, 0x07, 0x08, 0x07, 0x08, 0x07, 0x07, 0x07, 0x08,
    0x07, 0x07, 0x07, 0x07, 0x07, 0x07, 0x06, 0x07, 0x06, 0x06, 0x06, 0x05, 0x05, 0x05, 0x05, 0x05,
    0x04, 0x04, 0x04, 0x04, 0x03, 0x03, 0x03, 0x35, 0x0F, 0x0F, 0x0F, 0x0F, 0x0F, 0x0F, 0x0F, 0x09,
    0x09, 0x0A, 0x0A, 0x0B, 0x0B, 0x0C, 0x0B, 0x0C, 0x0C, 0x0D, 0x0D, 0x0C, 0x0D, 0x0D, 0x0C, 0x0C,
    0x0B, 0x0B, 0x0B, 0x0B, 0x0A, 0x09, 0x09, 0x08, 0x08, 0x08, 0x07, 0x07, 0x06, 0x06, 0x05, 0x05,
    0x04, 0x0F, 0x0F, 0x0F, 0x0F, 0x0F, 0x0F, 0x3F, 0x3F, 0x3F, 0x3F, 0x3F, 0x3F, 0x3F, 0x3F, 0x5F,
    0x3F, 0x5E, 0x3F, 0x3F, 0x5E, 0x3F, 0x5E, 0x3F, 0x5D, 0x3F, 0x5D, 0x3F, 0x5C, 0x3F, 0x5D, 0x3F,
    0x5C, 0x3F, 0x5C, 0x3F, 0x5C, 0x3F, 0x5B, 0x3F, 0x5C, 0x5B, 0x3E, 0x5B, 0x3E, 0x5B, 0x3E, 0x5B,
    0x3E, 0x5B, 0x3E, 0x5A, 0x3E, 0x5A, 0x3E, 0x5A, 0x3E, 0x3C, 0x5A, 0x3E, 0x59, 0x3C, 0x3E, 0x3E,
    0x3C, 0x5A, 0x3C, 0x3C, 0x3C, 0x59, 0x3E, 0x5B, 0x3E, 0x09, 0x3E, 0x5A, 0x3E, 0x5A, 0x3C, 0x5A,
    0x3C, 0x5A, 0x3C, 0x08, 0x3C, 0x59, 0x3C, 0x59, 0x07, 0x3C, 0x58, 0x3B, 0x07, 0x3B, 0x58, 0x3B,
    0x3B, 0x57, 0x3B, 0x39, 0x39, 0x39, 0x39, 0x56, 0x3A, 0x0F, 0x0F, 0x0F, 0x0F, 0x0F, 0x0F, 0x0F,
    0x0F, 0x0F, 0x0F, 0x02, 0x02, 0x02, 0x02, 0x02, 0x02, 0x02, 0x02, 0x02, 0x02, 0x02, 0x02, 0x02,
    0x02, 0x02, 0x02, 0x02, 0x03, 0x02, 0x43, 0x02, 0x02, 0x43, 0x02, 0x03, 0x02, 0x03, 0x02, 0x03,
    0x03, 0x02, 0x03, 0x43, 0x03, 0x02, 0x03, 0x02, 0x03, 0x02, 0x03, 0x03, 0x03, 0x02, 0x02, 0x02,
    0x06, 0x06, 0x06, 0x06, 0x06, 0x06, 0x07, 0x07, 0x07, 0x07, 0x07, 0x07, 0x07, 0x07, 0x07, 0x07,
    0x07, 0x07, 0x07, 0x07, 0x06, 0x07, 0x06, 0x88, 0x07, 0x05, 0x06, 0x05, 0x05, 0x05, 0x04, 0x04,
    0x04, 0x04, 0x37, 0x04, 0x04, 0x35, 0x03, 0x03, 0x0F, 0x0F, 0x0F, 0x0F, 0x0F, 0x0F, 0x0F, 0x08,
    0x09, 0x09, 0x0A, 0x0A, 0x0A, 0x0B, 0x0B, 0x0C, 0x0B, 0x0C, 0x0C, 0x0C, 0x0C, 0x0B, 0x0C, 0x0B,
    0x0B, 0x0B, 0x0A, 0x0A, 0x09, 0x09, 0x09, 0x08, 0x08, 0x07, 0x07, 0x06, 0x06, 0x05, 0x05, 0x04,
    0x03, 0x0F, 0x0F, 0x0F, 0x0F, 0x0F, 0x0F, 0x5E, 0x5E, 0x3F, 0x5F, 0x5F, 0x3F, 0x5F, 0x3F, 0x5E,
    0x3F, 0x5E, 0x3F, 0x5E, 0x3F, 0x5D, 0x3F, 0x5D, 0x3F, 0x5D, 0x3F, 0x5C, 0x3F, 0x5C, 0x3F, 0x5C,
    0x3F, 0x5C, 0x3F, 0x5B, 0x3F, 0x5B, 0x3F, 0x5B, 0x3E, 0x3E, 0x5B, 0x3E, 0x5B, 0x3E, 0x5B, 0x3E,
    0x5A, 0x3E, 0x3E, 0x5A, 0x3E, 0x3C, 0x5A, 0x3E, 0x5A, 0x3E, 0x59, 0x3E, 0x59, 0x3E, 0x59, 0x59,
    0x3C, 0x3C, 0x5A, 0x3C, 0x59, 0x3D, 0x3C, 0x59, 0x3C, 0x3C, 0x59, 0x3C, 0x3B, 0x07, 0x3E, 0x08,
    0x3E, 0x08, 0x3D, 0x3C, 0x59, 0x3C, 0x08, 0x3D, 0x3C, 0x3B, 0x07, 0x3C, 0x3B, 0x58, 0x3B, 0x06,
    0x3B, 0x39, 0x06, 0x3B, 0x39, 0x57, 0x39, 0x39, 0x39, 0x38, 0x38, 0x08, 0x0F, 0x0F, 0x0F, 0x0F,
    0x0F, 0x0F, 0x0F, 0x22, 0x01, 0x42, 0x52, 0x02, 0x02, 0x02, 0x42, 0x02, 0x02, 0x02, 0x02, 0x43,
    0x02, 0x02, 0x43, 0x02, 0x02, 0x02, 0x03, 0x02, 0x03, 0x02, 0x03, 0x02, 0x02, 0x03, 0x43, 0x02,
    0x03, 0x43, 0x03, 0x02, 0x03, 0x03, 0x43, 0x03, 0x03, 0x03, 0x03, 0x03, 0x03, 0x03, 0x02, 0x02,
    0x05, 0x06, 0x06, 0x06, 0x06, 0x07, 0x06, 0x07, 0x07, 0x08, 0x07, 0x08, 0x07, 0x07, 0x07, 0x07,
    0x07, 0x07, 0x07, 0x07, 0x07, 0x06, 0x07, 0x07, 0x06, 0x06, 0x05, 0x05, 0x05, 0x05, 0x04, 0x05,
    0x04, 0x05, 0x04, 0x04, 0x03, 0x04, 0x03, 0x34, 0x0F, 0x0F, 0x0F, 0x0F, 0x0F, 0x0F, 0x0F, 0x08,
    0x08, 0x09, 0x09, 0x0A, 0x0A, 0x0A, 0x0A, 0x0B, 0x0B, 0x0B, 0x0B, 0x0B, 0x0B, 0x0B, 0x0B, 0x0B,
    0x0A, 0x0A, 0x0A, 0x09, 0x09, 0x09, 0x08, 0x08, 0x07, 0x07, 0x06, 0x06, 0x06, 0x05, 0x05, 0x04,
    0x04, 0x0F, 0x0F, 0x0F, 0x0F, 0x0F, 0x0F, 0x3F, 0x5E, 0x3F, 0x5E, 0x3F, 0x5E, 0x3F, 0x5E, 0x3F,
    0x5E, 0x3F, 0x5D, 0x3F, 0x5D, 0x3F, 0x5D, 0x3F, 0x5C, 0x3F, 0x5C, 0x3F, 0x5C, 0x3F, 0x5C, 0x3F,
    0x5C, 0x3F, 0x5B, 0x3F, 0x5B, 0x3F, 0x5B, 0x3F, 0x5B, 0x5B, 0x3F, 0x5B, 0x3E, 0x5B, 0x3E, 0x5B,
    0x3E, 0x5A, 0x3E, 0x5A, 0x3E, 0x5A, 0x3E, 0x3C, 0x5A, 0x3E, 0x3C, 0x5A, 0x3D, 0x59, 0x3E, 0x3C,
    0x5A, 0x3C, 0x59, 0x3D, 0x3C, 0x59, 0x3C, 0x3C, 0x59, 0x3C, 0x3B, 0x3C, 0x58, 0x3C, 0x3C, 0x3B,
    0x58, 0x3C, 0x3B, 0x08, 0x3C, 0x07, 0x3D, 0x3B, 0x07, 0x3C, 0x3B, 0x58, 0x3B, 0x06, 0x3C, 0x3B,
    0x39, 0x3B, 0x3A, 0x39, 0x39, 0x39, 0x39, 0x39, 0x39, 0x56, 0x39, 0x37, 0x57, 0x0F, 0x0F, 0x0F,
    0x0F, 0x0F, 0x0F, 0x01, 0x01, 0x02, 0x42, 0x02, 0x42, 0x02, 0x02, 0x02, 0x02, 0x43, 0x02, 0x02,
    0x02, 0x02, 0x03, 0x02, 0x02, 0x43, 0x02, 0x02, 0x02, 0x03, 0x02, 0x43, 0x03, 0x02, 0x03, 0x02,
    0x03, 0x02, 0x03, 0x02, 0x03, 0x02, 0x03, 0x02, 0x03, 0x03, 0x03, 0x03, 0x03, 0x03, 0x02, 0x02,
    0x06, 0x05, 0x06, 0x06, 0x06, 0x07, 0x07, 0x07, 0x08, 0x07, 0x08, 0x08, 0x08, 0x08, 0x08, 0x08,
    0x07, 0x08, 0x07, 0x07, 0x07, 0x07, 0x07, 0x06, 0x06, 0x06, 0x06, 0x05, 0x05, 0x05, 0x04, 0x05,
    0x37, 0x04, 0x04, 0x36, 0x04, 0x35, 0x03, 0x03, 0x08, 0x0F, 0x0F, 0x0F, 0x0F, 0x0F, 0x0F, 0x07,
    0x08, 0x08, 0x09, 0x09, 0x09, 0x0A, 0x0A, 0x0A, 0x0A, 0x0A, 0x0A, 0x0B, 0x0A, 0x0A, 0x0A, 0x0A,
    0x0A, 0x09, 0x09, 0x09, 0x08, 0x08, 0x08, 0x07, 0x07, 0x07, 0x06, 0x06, 0x05, 0x05, 0x04, 0x04,
    0x09, 0x0F, 0x0F, 0x0F, 0x0F, 0x0F, 0x0F, 0x3F, 0x5E, 0x3F, 0x5E, 0x3F, 0x5E, 0x3F, 0x5E, 0x3F,
    0x5D, 0x3F, 0x5D, 0x3F, 0x5D, 0x3F, 0x5D, 0x3F, 0x5D, 0x3F, 0x5C, 0x3F, 0x5C, 0x3F, 0x5C, 0x3F,
    0x5B, 0x3F, 0x5B, 0x3F, 0x5B, 0x3F, 0x5B, 0x3E, 0x5B, 0x3F, 0x5A, 0x3F, 0x5B, 0x3E, 0x3E, 0x5B,
    0x3E, 0x5A, 0x3E, 0x5A, 0x3E, 0x5A, 0x3E, 0x5A, 0x3E, 0x5A, 0x3C, 0x5A, 0x3E, 0x3C, 0x5A, 0x3C,
    0x3C, 0x5A, 0x3D, 0x59, 0x3C, 0x3C, 0x59, 0x3C, 0x3C, 0x58, 0x3C, 0x58, 0x3C, 0x3C, 0x58, 0x3C,
    0x3B, 0x58, 0x3C, 0x3B, 0x3C, 0x3C, 0x57, 0x3C, 0x59, 0x3B, 0x07, 0x3C, 0x3B, 0x3B, 0x39, 0x58,
    0x3A, 0x06, 0x3B, 0x57, 0x3A, 0x06, 0x3A, 0x39, 0x38, 0x35, 0x35, 0x35, 0x36, 0x0F, 0x0F, 0x0F,
    0x0F, 0x0F, 0x0F, 0x01, 0x01, 0x01, 0x02, 0x02, 0x02, 0x02, 0x02, 0x02, 0x02, 0x03, 0x02, 0x03,
    0x02, 0x02, 0x02, 0x43, 0x03, 0x02, 0x03, 0x02, 0x43, 0x02, 0x03, 0x02, 0x03, 0x02, 0x03, 0x03,
    0x43, 0x03, 0x02, 0x03, 0x43, 0x03, 0x03, 0x03, 0x03, 0x03, 0x04, 0x03, 0x03, 0x03, 0x02, 0x02,
    0x06, 0x06, 0x06, 0x06, 0x07, 0x07, 0x07, 0x08, 0x07, 0x08, 0x08, 0x08, 0x08, 0x08, 0x08, 0x08,
    0x08, 0x07, 0x08, 0x08, 0x07, 0x07, 0x07, 0x07, 0x07, 0x06, 0x06, 0x05, 0x05, 0x04, 0x05, 0x04,
    0x04, 0x04, 0x04, 0x04, 0x75, 0x04, 0x03, 0x34, 0x03, 0x0F, 0x0F, 0x0F, 0x0F, 0x0F, 0x0F, 0x0B,
    0x08, 0x08, 0x08, 0x08, 0x09, 0x09, 0x09, 0x09, 0x0A, 0x0A, 0x09, 0x0A, 0x09, 0x0A, 0x09, 0x09,
    0x09, 0x09, 0x08, 0x08, 0x08, 0x08, 0x07, 0x07, 0x06, 0x06, 0x06, 0x05, 0x05, 0x04, 0x04, 0x04,
    0x0F, 0x0F, 0x0F, 0x0F, 0x0F, 0x0F, 0x0F, 0x5E, 0x3F, 0x5E, 0x3F, 0x5E, 0x3F, 0x5E, 0x3F, 0x5D,
    0x3F, 0x5D, 0x3F, 0x5D, 0x3F, 0x5D, 0x3F, 0x5C, 0x3F, 0x5C, 0x3F, 0x5C, 0x3F, 0x5C, 0x3F, 0x5C,
    0x3F, 0x5B, 0x3F, 0x5B, 0x3F, 0x5B, 0x3F, 0x5B, 0x3F, 0x5B, 0x3E, 0x5B, 0x3E, 0x5B, 0x3E, 0x5A,
    0x3E, 0x3E, 0x5B, 0x3E, 0x5A, 0x3E, 0x5A, 0x3E, 0x59, 0x3E, 0x3C, 0x5A, 0x3C, 0x5A, 0x3D, 0x5A,
    0x3C, 0x3C, 0x3C, 0x3C, 0x59, 0x3C, 0x3C, 0x59, 0x3C, 0x3C, 0x58, 0x3C, 0x3B, 0x58, 0x3C, 0x58,
    0x3B, 0x3B, 0x3B, 0x58, 0x3A, 0x58, 0x3B, 0x3A, 0x3A, 0x3B, 0x39, 0x58, 0x3B, 0x07, 0x3B, 0x3A,
    0x3B, 0x39, 0x39, 0x39, 0x3B, 0x39, 0x03, 0x36, 0x03, 0x36, 0x35, 0x35, 0x34, 0x0F, 0x0F, 0x0F,
    0x0F, 0x0F, 0x0F, 0x52, 0x42, 0x01, 0x01, 0x02, 0x02, 0x02, 0x02, 0x43, 0x02, 0x02, 0x02, 0x02,
    0x43, 0x03, 0x03, 0x02, 0x02, 0x02, 0x02, 0x03, 0x02, 0x03, 0x02, 0x03, 0x64, 0x03, 0x02, 0x03,
    0x03, 0x03, 0x03, 0x64, 0x03, 0x03, 0x02, 0x03, 0x03, 0x04, 0x03, 0x03, 0x03, 0x03, 0x03, 0x03,
    0x06, 0x06, 0x06, 0x06, 0x07, 0x07, 0x07, 0x08, 0x08, 0x08, 0x08, 0x08, 0x08, 0x08, 0x08, 0x08,
    0x08, 0x08, 0x08, 0x08, 0x08, 0x08, 0x07, 0x07, 0x07, 0x06, 0x06, 0x05, 0x05, 0x05, 0x04, 0x04,
    0x04, 0x04, 0x36, 0x04, 0x03, 0x35, 0x03, 0x03, 0x34, 0x0F, 0x0F, 0x0F, 0x0F, 0x0F, 0x0F, 0x0F,
    0x07, 0x07, 0x07, 0x08, 0x08, 0x08, 0x08, 0x09, 0x08, 0x09, 0x09, 0x09, 0x09, 0x09, 0x08, 0x09,
    0x08, 0x08, 0x08, 0x08, 0x07, 0x07, 0x06, 0x06, 0x06, 0x06, 0x05, 0x05, 0x04, 0x05, 0x04, 0x04,
    0x0F, 0x0F, 0x0F, 0x0F, 0x0F, 0x0F, 0x0F, 0x3F, 0x5E, 0x3F, 0x5E, 0x3F, 0x5E, 0x3F, 0x5D, 0x3F,
    0x5E, 0x3F, 0x5D, 0x3F, 0x5D, 0x3F, 0x5D, 0x3F, 0x5C, 0x3F, 0x5D, 0x3F, 0x5C, 0x3F, 0x5C, 0x3F,
    0x5B, 0x3F, 0x5C, 0x3F, 0x5B, 0x3E, 0x5B, 0x3F, 0x5B, 0x3E, 0x5B, 0x3E, 0x5B, 0x3E, 0x5B, 0x3E,
    0x5B, 0x3E, 0x5A, 0x3E, 0x3E, 0x5A, 0x3E, 0x3C, 0x5A, 0x3E, 0x5A, 0x3E, 0x3C, 0x5A, 0x3C, 0x3C,
    0x5A, 0x3C, 0x5A, 0x3C, 0x59, 0x3C, 0x59, 0x3C, 0x58, 0x3C, 0x3C, 0x58, 0x3C, 0x3B, 0x3B, 0x3B,
    0x58, 0x3B, 0x58, 0x3B, 0x3B, 0x3A, 0x3B, 0x57, 0x3B, 0x57, 0x3B, 0x39, 0x3A, 0x39, 0x58, 0x3A,
    0x06, 0x3B, 0x58, 0x38, 0x04, 0x36, 0x35, 0x35, 0x36, 0x35, 0x35, 0x35, 0x34, 0x0F, 0x0F, 0x0F,
    0x0F, 0x0F, 0x0F, 0x02, 0x01, 0x01, 0x02, 0x42, 0x02, 0x02, 0x02, 0x02, 0x02, 0x02, 0x43, 0x03,
    0x02, 0x02, 0x02, 0x03, 0x02, 0x03, 0x43, 0x03, 0x02, 0x03, 0x64, 0x03, 0x02, 0x03, 0x43, 0x03,
    0x02, 0x64, 0x03, 0x03, 0x03, 0x03, 0x03, 0x04, 0x03, 0x03, 0x04, 0x03, 0x03, 0x03, 0x64, 0x03,
    0x06, 0x06, 0x06, 0x07, 0x07, 0x07, 0x08, 0x07, 0x08, 0x08, 0x08, 0x08, 0x08, 0x08, 0x08, 0x08,
    0x08, 0x08, 0x08, 0x08, 0x87, 0x08, 0x08, 0x07, 0x07, 0x07, 0x06, 0x05, 0x05, 0x04, 0x05, 0x37,
    0x05, 0x04, 0x04, 0x03, 0x04, 0x03, 0x35, 0x03, 0x02, 0x03, 0x0F, 0x0F, 0x0F, 0x0F, 0x0F, 0x0F,
    0x0F, 0x07, 0x07, 0x07, 0x07, 0x07, 0x08, 0x08, 0x08, 0x08, 0x08, 0x08, 0x08, 0x08, 0x08, 0x07,
    0x08, 0x07, 0x07, 0x07, 0x07, 0x06, 0x06, 0x06, 0x05, 0x05, 0x05, 0x04, 0x04, 0x04, 0x04, 0x0F,
    0x0F, 0x0F, 0x0F, 0x0F, 0x0F, 0x0F, 0x5D, 0x3F, 0x5E, 0x3F, 0x5E, 0x3F, 0x5D, 0x3F, 0x5E, 0x3F,
    0x5D, 0x3F, 0x5D, 0x3F, 0x5D, 0x3F, 0x5C, 0x5C, 0x3F, 0x5C, 0x3F, 0x5C, 0x3F, 0x5C, 0x3F, 0x5B,
    0x3F, 0x5C, 0x3E, 0x5B, 0x3F, 0x5B, 0x3F, 0x5B, 0x3E, 0x5B, 0x3F, 0x5A, 0x3F, 0x5A, 0x3E, 0x5B,
    0x3E, 0x5A, 0x3E, 0x5A, 0x3E, 0x5A, 0x3E, 0x5A, 0x3E, 0x59, 0x3E, 0x59, 0x3E, 0x3C, 0x5A, 0x3C,
    0x3C, 0x5A, 0x3C, 0x3C, 0x3C, 0x59, 0x3C, 0x3C, 0x3C, 0x58, 0x3C, 0x3C, 0x58, 0x3C, 0x58, 0x3B,
    0x3B, 0x3B, 0x3B, 0x39, 0x58, 0x3B, 0x39, 0x3B, 0x39, 0x3B, 0x39, 0x39, 0x58, 0x3A, 0x3A, 0x39,
    0x3B, 0x36, 0x35, 0x35, 0x36, 0x35, 0x35, 0x35, 0x35, 0x35, 0x35, 0x35, 0x35, 0x0F, 0x0F, 0x0F,
    0x0F, 0x0F, 0x0F, 0x02, 0x01, 0x01, 0x01, 0x02, 0x02, 0x42, 0x02, 0x02, 0x03, 0x02, 0x03, 0x02,
    0x03, 0x02, 0x03, 0x63, 0x03, 0x02, 0x03, 0x02, 0x03, 0x02, 0x03, 0x02, 0x03, 0x03, 0x02, 0x03,
    0x03, 0x02, 0x03, 0x02, 0x03, 0x03, 0x03, 0x03, 0x04, 0x03, 0x03, 0x03, 0x03, 0x03, 0x03, 0x03,
    0x06, 0x06, 0x07, 0x07, 0x07, 0x08, 0x87, 0x08, 0x08, 0x08, 0x87, 0x09, 0x09, 0x09, 0x09, 0x87,
    0x09, 0x09, 0x08, 0x09, 0x08, 0x08, 0x08, 0x08, 0x07, 0x58, 0x06, 0x05, 0x05, 0x04, 0x04, 0x05,
    0x04, 0x36, 0x04, 0x36, 0x03, 0x03, 0x03, 0x35, 0x03, 0x80, 0x0F, 0x0F, 0x0F, 0x0F, 0x0F, 0x0F,
    0x0F, 0x06, 0x06, 0x06, 0x07, 0x07, 0x07, 0x07, 0x07, 0x07, 0x07, 0x07, 0x07, 0x07, 0x07, 0x07,
    0x07, 0x07, 0x06, 0x06, 0x06, 0x06, 0x06, 0x05, 0x05, 0x05, 0x04, 0x04, 0x04, 0x04, 0x0F, 0x0F,
    0x0F, 0x0F, 0x0F, 0x0F, 0x0F, 0x0F, 0x3F, 0x5E, 0x3F, 0x5E, 0x3F, 0x5E, 0x3F, 0x5E, 0x3F, 0x5D,
    0x3F, 0x5D, 0x3F, 0x5D, 0x3F, 0x5D, 0x3F, 0x5C, 0x3F, 0x5C, 0x3F, 0x5C, 0x3F, 0x5C, 0x3F, 0x5C,
    0x3F, 0x5B, 0x3F, 0x5B, 0x3F, 0x5B, 0x3E, 0x5B, 0x3F, 0x5B, 0x3E, 0x5B, 0x3E, 0x3E, 0x5B, 0x3E,
    0x5A, 0x3E, 0x5A, 0x3E, 0x5A, 0x3E, 0x5A, 0x3E, 0x59, 0x3E, 0x3C, 0x5A, 0x3C, 0x5A, 0x3D, 0x5A,
    0x3C, 0x3C, 0x59, 0x3C, 0x59, 0x3C, 0x3C, 0x59, 0x3C, 0x3C, 0x58, 0x3C, 0x3B, 0x58, 0x3C, 0x3B,
    0x58, 0x3B, 0x58, 0x3B, 0x3B, 0x57, 0x3B, 0x58, 0x3A, 0x57, 0x3B, 0x39, 0x3A, 0x39, 0x39, 0x39,
    0x39, 0x54, 0x36, 0x35, 0x35, 0x35, 0x36, 0x35, 0x35, 0x35, 0x53, 0x35, 0x35, 0x0F, 0x0F, 0x0F,
    0x0F, 0x0F, 0x0F, 0x02, 0x42, 0x01, 0x02, 0x01, 0x02, 0x02, 0x02, 0x02, 0x43, 0x02, 0x03, 0x02,
    0x02, 0x43, 0x03, 0x02, 0x03, 0x02, 0x02, 0x64, 0x03, 0x02, 0x03, 0x02, 0x03, 0x63, 0x03, 0x02,
    0x03, 0x03, 0x02, 0x03, 0x03, 0x03, 0x03, 0x03, 0x03, 0x03, 0x02, 0x03, 0x64, 0x03, 0x03, 0x43,
    0x06, 0x07, 0x58, 0x07, 0x08, 0x08, 0x08, 0x08, 0x09, 0x09, 0x09, 0x09, 0x08, 0x09, 0x09, 0x09,
    0x09, 0x09, 0x08, 0x09, 0x08, 0x08, 0x08, 0x08, 0x07, 0x07, 0x06, 0x05, 0x05, 0x55, 0x05, 0x36,
    0x04, 0x04, 0x04, 0x03, 0x04, 0x36, 0x03, 0x74, 0x03, 0x34, 0x03, 0x0F, 0x0F, 0x0F, 0x0F, 0x0F,
    0x0F, 0x0F, 0x07, 0x06, 0x06, 0x06, 0x06, 0x06, 0x07, 0x06, 0x07, 0x06, 0x07, 0x06, 0x07, 0x06,
    0x06, 0x06, 0x06, 0x06, 0x05, 0x05, 0x05, 0x05, 0x04, 0x04, 0x04, 0x04, 0x04, 0x0F, 0x0F, 0x0F,
    0x0F, 0x0F, 0x0F, 0x0F, 0x0F, 0x5D, 0x3F, 0x5E, 0x3F, 0x5E, 0x3F, 0x5D, 0x3F, 0x5D, 0x3F, 0x5D,
    0x3F, 0x5D, 0x3F, 0x5D, 0x3F, 0x5C, 0x3F, 0x5D, 0x3F, 0x5C, 0x3F, 0x5C, 0x5B, 0x3F, 0x5C, 0x3E,
    0x5C, 0x3F, 0x5B, 0x3F, 0x5B, 0x3F, 0x5B, 0x3F, 0x5B, 0x3E, 0x5B, 0x3E, 0x5B, 0x3E, 0x5B, 0x3E,
    0x3E, 0x5B, 0x3E, 0x5A, 0x3E, 0x5A, 0x3E, 0x3C, 0x5A, 0x3E, 0x5A, 0x3D, 0x5A, 0x3D, 0x3C, 0x3C,
    0x5A, 0x3C, 0x59, 0x3D, 0x3C, 0x59, 0x3C, 0x3C, 0x58, 0x3C, 0x3C, 0x58, 0x3C, 0x3B, 0x58, 0x3B,
    0x3B, 0x58, 0x3B, 0x3B, 0x58, 0x3B, 0x3A, 0x3A, 0x3B, 0x39, 0x3B, 0x57, 0x3A, 0x39, 0x57, 0x3A,
    0x39, 0x36, 0x35, 0x36, 0x35, 0x54, 0x35, 0x35, 0x54, 0x35, 0x35, 0x35, 0x35, 0x0F, 0x0F, 0x0F,
    0x0F, 0x0F, 0x0F, 0x03, 0x01, 0x01, 0x02, 0x42, 0x02, 0x02, 0x02, 0x03, 0x02, 0x02, 0x02, 0x64,
    0x03, 0x02, 0x03, 0x02, 0x02, 0x64, 0x03, 0x02, 0x03, 0x02, 0x64, 0x02, 0x02, 0x03, 0x02, 0x02,
    0x64, 0x02, 0x03, 0x03, 0x03, 0x03, 0x03, 0x03, 0x03, 0x02, 0x64, 0x03, 0x02, 0x03, 0x02, 0x03,
    0x07, 0x07, 0x07, 0x07, 0x08, 0x08, 0x08, 0x09, 0x08, 0x09, 0x09, 0x09, 0x09, 0x09, 0x09, 0x09,
    0x09, 0x09, 0x09, 0x08, 0x09, 0x08, 0x5A, 0x09, 0x08, 0x07, 0x06, 0x05, 0x04, 0x05, 0x04, 0x04,
    0x04, 0x03, 0x36, 0x75, 0x03, 0x03, 0x35, 0x03, 0x34, 0x02, 0x80, 0x0F, 0x0F, 0x0F, 0x0F, 0x0F,
    0x0F, 0x0F, 0x0F, 0x0F, 0x05, 0x05, 0x06, 0x05, 0x06, 0x06, 0x06, 0x06, 0x06, 0x06, 0x05, 0x06,
    0x05, 0x05, 0x05, 0x05, 0x05, 0x04, 0x04, 0x04, 0x04, 0x04, 0x04, 0x04, 0x0F, 0x0F, 0x0F, 0x0F,
    0x0F, 0x0F, 0x0F, 0x0F, 0x3F, 0x5D, 0x3F, 0x5E, 0x5D, 0x3F, 0x5E, 0x3F, 0x5E, 0x3F, 0x5D, 0x3F,
    0x5D, 0x3F, 0x5D, 0x3F, 0x5D, 0x3F, 0x5D, 0x3F, 0x5C, 0x3F, 0x5C, 0x3F, 0x5C, 0x3F, 0x5B, 0x3F,
    0x5B, 0x3F, 0x5B, 0x5B, 0x3F, 0x5B, 0x3F, 0x5B, 0x3E, 0x5B, 0x3E, 0x5B, 0x3E, 0x5B, 0x3E, 0x5A,
    0x3E, 0x5A, 0x3E, 0x3E, 0x5A, 0x3E, 0x5A, 0x3E, 0x59, 0x3E, 0x3C, 0x5A, 0x3D, 0x59, 0x3C, 0x5A,
    0x3C, 0x3C, 0x3C, 0x59, 0x3C, 0x3C, 0x59, 0x3C, 0x3C, 0x58, 0x3C, 0x3B, 0x58, 0x3C, 0x3B, 0x58,
    0x3C, 0x3B, 0x3B, 0x57, 0x3B, 0x3A, 0x58, 0x3A, 0x57, 0x3B, 0x39, 0x3A, 0x39, 0x3B, 0x39, 0x39,
    0x39, 0x54, 0x36, 0x54, 0x36, 0x35, 0x35, 0x35, 0x35, 0x35, 0x35, 0x35, 0x34, 0x0F, 0x0F, 0x0F,
    0x0F, 0x0F, 0x0F, 0x02, 0x02, 0x01, 0x01, 0x02, 0x02, 0x02, 0x63, 0x02, 0x02, 0x02, 0x03, 0x02,
    0x02, 0x02, 0x02, 0x02, 0x02, 0x03, 0x02, 0x02, 0x02, 0x02, 0x03, 0x02, 0x02, 0x02, 0x03, 0x02,
    0x03, 0x03, 0x03, 0x03, 0x03, 0x03, 0x03, 0x03, 0x03, 0x03, 0x03, 0x03, 0x03, 0x03, 0x03, 0x03,
    0x06, 0x07, 0x07, 0x08, 0x5A, 0x09, 0x08, 0x09, 0x09, 0x09, 0x09, 0x09, 0x09, 0x09, 0x09, 0x09,
    0x09, 0x09, 0x81, 0x0A, 0x08, 0x09, 0x09, 0x08, 0x08, 0x58, 0x07, 0x05, 0x55, 0x04, 0x04, 0x36,
    0x04, 0x75, 0x04, 0x54, 0x03, 0x35, 0x03, 0x34, 0x03, 0x02, 0x33, 0x0E, 0x0F, 0x0F, 0x0F, 0x0F,
    0x0F, 0x0F, 0x0F, 0x0F, 0x0F, 0x07, 0x05, 0x05, 0x05, 0x05, 0x05, 0x05, 0x05, 0x05, 0x05, 0x05,
    0x05, 0x05, 0x05, 0x04, 0x04, 0x04, 0x04, 0x04, 0x04, 0x04, 0x0F, 0x0F, 0x0F, 0x0F, 0x0F, 0x0F,
    0x0F, 0x0F, 0x0F, 0x5D, 0x3F, 0x5E, 0x3F, 0x5D, 0x3F, 0x5D, 0x3F, 0x5D, 0x3F, 0x5D, 0x5D, 0x3F,
    0x5D, 0x5C, 0x3F, 0x5D, 0x3F, 0x5C, 0x3F, 0x5C, 0x3F, 0x5C, 0x3F, 0x5C, 0x3F, 0x5C, 0x3F, 0x5C,
    0x3F, 0x5B, 0x3F, 0x5B, 0x3F, 0x5B, 0x3E, 0x5B, 0x3E, 0x5B, 0x3F, 0x3E, 0x5B, 0x3E, 0x5A, 0x3E,
    0x5A, 0x3E, 0x5A, 0x3E, 0x5A, 0x3E, 0x3C, 0x5A, 0x3E, 0x5A, 0x3C, 0x3C, 0x5A, 0x3E, 0x3C, 0x59,
    0x3C, 0x5A, 0x3C, 0x59, 0x3C, 0x59, 0x3C, 0x58, 0x3C, 0x3C, 0x58, 0x3C, 0x3C, 0x58, 0x3C, 0x3B,
    0x3B, 0x58, 0x3B, 0x3B, 0x3B, 0x39, 0x3B, 0x3B, 0x39, 0x39, 0x58, 0x3A, 0x57, 0x39, 0x39, 0x57,
    0x3A, 0x36, 0x35, 0x36, 0x35, 0x35, 0x35, 0x36, 0x35, 0x35, 0x35, 0x35, 0x34, 0x0F, 0x0F, 0x0F,
    0x0F, 0x0F, 0x0F, 0x02, 0x01, 0x02, 0x02, 0x01, 0x02, 0x02, 0x02, 0x02, 0x02, 0x64, 0x02, 0x02,
    0x02, 0x02, 0x03, 0x02, 0x03, 0x02, 0x03, 0x03, 0x03, 0x03, 0x02, 0x03, 0x03, 0x03, 0x03, 0x03,
    0x03, 0x03, 0x03, 0x04, 0x03, 0x04, 0x04, 0x03, 0x03, 0x03, 0x03, 0x04, 0x03, 0x03, 0x04, 0x03,
    0x07, 0x07, 0x5A, 0x08, 0x09, 0x08, 0x09, 0x08, 0x81, 0x09, 0x09, 0x09, 0x09, 0x81, 0x0A, 0x0A,
    0x09, 0x0A, 0x09, 0x09, 0x09, 0x09, 0x08, 0x5A, 0x09, 0x07, 0x06, 0x04, 0x04, 0x04, 0x03, 0x04,
    0x03, 0x36, 0x03, 0x03, 0x35, 0x03, 0x74, 0x03, 0x34, 0x02, 0x80, 0x09, 0x0F, 0x0F, 0x0F, 0x0F,
    0x0F, 0x0F, 0x0F, 0x0F, 0x0F, 0x0F, 0x0F, 0x0F, 0x04, 0x04, 0x04, 0x04, 0x04, 0x04, 0x04, 0x04,
    0x04, 0x04, 0x04, 0x04, 0x04, 0x04, 0x04, 0x05, 0x0F, 0x0F, 0x0F, 0x0F, 0x0F, 0x0F, 0x0F, 0x0D,
    0x0F, 0x0F, 0x5C, 0x3F, 0x5E, 0x3F, 0x0F, 0x5D, 0x0F, 0x0F, 0x0F, 0x5C, 0x3F, 0x5D, 0x3F, 0x5D,
    0x3F, 0x5D, 0x3F, 0x5D, 0x5C, 0x3F, 0x5C, 0x5C, 0x3F, 0x5C, 0x3F, 0x5C, 0x0E, 0x0F, 0x0F, 0x0F,
    0x0F, 0x0D, 0x5D, 0x3F, 0x5B, 0x3E, 0x5B, 0x3F, 0x5B, 0x3E, 0x5B, 0x3E, 0x5B, 0x3E, 0x3E, 0x5B,
    0x3F, 0x0F, 0x0F, 0x0B, 0x3E, 0x5A, 0x3E, 0x5A, 0x3D, 0x3C, 0x5A, 0x3E, 0x3C, 0x5A, 0x3C, 0x3C,
    0x5A, 0x3C, 0x3C, 0x3C, 0x59, 0x3C, 0x3C, 0x3C, 0x59, 0x3C, 0x3B, 0x58, 0x3C, 0x3B, 0x58, 0x3B,
    0x58, 0x3B, 0x39, 0x58, 0x3B, 0x58, 0x3A, 0x57, 0x3B, 0x3B, 0x39, 0x3A, 0x3A, 0x39, 0x39, 0x3A,
    0x39, 0x54, 0x36, 0x35, 0x35, 0x36, 0x35, 0x54, 0x35, 0x35, 0x35, 0x35, 0x35, 0x0F, 0x0F, 0x0F,
    0x0F, 0x0F, 0x0F, 0x02, 0x02, 0x02, 0x02, 0x02, 0x02, 0x02, 0x02, 0x03, 0x02, 0x03, 0x03, 0x03,
    0x03, 0x03, 0x03, 0x03, 0x03, 0x03, 0x03, 0x03, 0x03, 0x03, 0x03, 0x03, 0x03, 0x03, 0x03, 0x04,
    0x03, 0x04, 0x03, 0x03, 0x04, 0x03, 0x04, 0x03, 0x04, 0x03, 0x03, 0x03, 0x04, 0x65, 0x04, 0x03,
    0x07, 0x08, 0x08, 0x08, 0x08, 0x09, 0x08, 0x09, 0x0A, 0x09, 0x09, 0x09, 0x0A, 0x0A, 0x09, 0x0A,
    0x81, 0x0A, 0x0A, 0x09, 0x5B, 0x09, 0x09, 0x09, 0x07, 0x07, 0x05, 0x04, 0x04, 0x36, 0x03, 0x35,
    0x03, 0x03, 0x35, 0x03, 0x74, 0x53, 0x34, 0x02, 0x33, 0x02, 0x33, 0x03, 0x0F, 0x0F, 0x0F, 0x0F,
    0x0F, 0x0F, 0x0F, 0x0F, 0x0F, 0x0F, 0x0F, 0x0F, 0x0F, 0x0F, 0x0F, 0x0E, 0x04, 0x04, 0x04, 0x04,
    0x04, 0x03, 0x03, 0x06, 0x0F, 0x0F, 0x0F, 0x0F, 0x0F, 0x0F, 0x0F, 0x0F, 0x0F, 0x0F, 0x5C, 0x0F,
    0x0F, 0x0F, 0x0F, 0x0F, 0x0D, 0x0F, 0x0F, 0x3F, 0x5D, 0x3F, 0x5D, 0x3F, 0x0F, 0x0F, 0x5C, 0x3F,
    0x5D, 0x3F, 0x5D, 0x3F, 0x5C, 0x3F, 0x5C, 0x3F, 0x0F, 0x5B, 0x3F, 0x5C, 0x3F, 0x5C, 0x3F, 0x5B,
    0x0E, 0x0F, 0x0F, 0x0F, 0x0F, 0x0F, 0x0F, 0x0F, 0x0F, 0x0F, 0x0F, 0x0E, 0x3E, 0x5B, 0x3E, 0x5A,
    0x0F, 0x0F, 0x0F, 0x0F, 0x0F, 0x0F, 0x5B, 0x3E, 0x5A, 0x3E, 0x59, 0x3C, 0x5A, 0x3C, 0x5A, 0x3C,
    0x3C, 0x5A, 0x3C, 0x59, 0x3D, 0x3C, 0x59, 0x3C, 0x3B, 0x59, 0x3C, 0x3B, 0x58, 0x3C, 0x3B, 0x3B,
    0x3B, 0x58, 0x3B, 0x3B, 0x39, 0x3B, 0x3A, 0x3B, 0x57, 0x3A, 0x57, 0x3A, 0x39, 0x57, 0x3A, 0x39,
    0x39, 0x36, 0x35, 0x36, 0x54, 0x35, 0x35, 0x35, 0x35, 0x35, 0x35, 0x35, 0x05, 0x0F, 0x0F, 0x0F,
    0x0F, 0x0F, 0x0F, 0x02, 0x01, 0x02, 0x02, 0x02, 0x02, 0x03, 0x02, 0x03, 0x03, 0x03, 0x02, 0x03,
    0x03, 0x02, 0x03, 0x03, 0x03, 0x03, 0x03, 0x03, 0x03, 0x03, 0x03, 0x03, 0x03, 0x03, 0x03, 0x03,
    0x03, 0x03, 0x03, 0x03, 0x03, 0x03, 0x03, 0x03, 0x03, 0x03, 0x03, 0x03, 0x03, 0x03, 0x03, 0x03,
    0x07, 0x08, 0x08, 0x08, 0x08, 0x5A, 0x09, 0x09, 0x08, 0x09, 0x09, 0x85, 0x0A, 0x09, 0x09, 0x0A,
    0x0A, 0x09, 0x09, 0x0A, 0x09, 0x09, 0x08, 0x08, 0x08, 0x58, 0x06, 0x55, 0x04, 0x03, 0x03, 0x03,
    0x75, 0x03, 0x34, 0x03, 0x34, 0x02, 0x02, 0x34, 0x02, 0x34, 0x02, 0x34, 0x0F, 0x0F, 0x0F, 0x0F,
    0x0F, 0x0F, 0x0F, 0x0F, 0x0F, 0x0F, 0x0F, 0x0F, 0x0F, 0x0F, 0x0F, 0x0F, 0x0F, 0x0F, 0x0F, 0x0F,
    0x0F, 0x0F, 0x0F, 0x0F, 0x0F, 0x0F, 0x0F, 0x0F, 0x0F, 0x0F, 0x0F, 0x0F, 0x0F, 0x0B, 0x0F, 0x0F,
    0x0F, 0x3F, 0x5D, 0x3F, 0x5E, 0x5E, 0x0C, 0x3F, 0x5E, 0x0D, 0x0F, 0x0E, 0x5F, 0x0E, 0x0F, 0x0F,
    0x0F, 0x0F, 0x0F, 0x0F, 0x0F, 0x0B, 0x3F, 0x5D, 0x3F, 0x5C, 0x3F, 0x5C, 0x3F, 0x5B, 0x3F, 0x5B,
    0x3F, 0x5B, 0x3F, 0x5B, 0x0F, 0x0F, 0x0F, 0x0F, 0x0F, 0x0F, 0x0F, 0x0F, 0x0F, 0x0F, 0x0F, 0x0F,
    0x3E, 0x5A, 0x3E, 0x0F, 0x0F, 0x0F, 0x0F, 0x0F, 0x3E, 0x59, 0x3E, 0x59, 0x3E, 0x3C, 0x3C, 0x5A,
    0x3C, 0x3C, 0x59, 0x3D, 0x59, 0x3C, 0x3C, 0x58, 0x3C, 0x3B, 0x58, 0x3C, 0x3B, 0x58, 0x3B, 0x58,
    0x3B, 0x3B, 0x3B, 0x58, 0x3B, 0x57, 0x3B, 0x39, 0x3B, 0x39, 0x3B, 0x39, 0x39, 0x3B, 0x39, 0x57,
    0x39, 0x36, 0x35, 0x35, 0x35, 0x35, 0x35, 0x35, 0x35, 0x35, 0x35, 0x35, 0x0A, 0x0F, 0x0F, 0x0F,
    0x0F, 0x0F, 0x0F, 0x02, 0x02, 0x02, 0x01, 0x02, 0x02, 0x02, 0x03, 0x02, 0x02, 0x03, 0x02, 0x03,
    0x02, 0x03, 0x02, 0x64, 0x03, 0x02, 0x02, 0x64, 0x02, 0x02, 0x02, 0x03, 0x02, 0x03, 0x02, 0x03,
    0x02, 0x03, 0x03, 0x03, 0x03, 0x03, 0x03, 0x04, 0x04, 0x04, 0x04, 0x04, 0x04, 0x04, 0x66, 0x05,
    0x07, 0x58, 0x07, 0x07, 0x07, 0x08, 0x07, 0x08, 0x07, 0x07, 0x08, 0x08, 0x08, 0x08, 0x09, 0x09,
    0x0A, 0x0A, 0x09, 0x0A, 0x09, 0x5B, 0x09, 0x09, 0x08, 0x07, 0x06, 0x04, 0x03, 0x36, 0x03, 0x35,
    0x03, 0x35, 0x03, 0x03, 0x34, 0x03, 0x35, 0x03, 0x03, 0x34, 0x03, 0x02, 0x0F, 0x0F, 0x0F, 0x0F,
    0x0F, 0x0F, 0x5D, 0x0F, 0x0F, 0x0F, 0x0F, 0x0F, 0x0F, 0x0F, 0x0F, 0x0F, 0x0F, 0x0F, 0x0F, 0x0F,
    0x0F, 0x0F, 0x0F, 0x0F, 0x0F, 0x0F, 0x0F, 0x0F, 0x0F, 0x0F, 0x0F, 0x0F, 0x0F, 0x5D, 0x5E, 0x0F,
    0x3F, 0x5E, 0x3F, 0x0F, 0x0F, 0x0F, 0x0F, 0x0F, 0x0F, 0x0F, 0x0F, 0x0F, 0x0F, 0x0F, 0x0F, 0x0F,
    0x0F, 0x0F, 0x0F, 0x0F, 0x0F, 0x0F, 0x0F, 0x0F, 0x0F, 0x5B, 0x3F, 0x5C, 0x3F, 0x5B, 0x3F, 0x5B,
    0x3F, 0x0B, 0x0F, 0x0F, 0x0F, 0x3F, 0x5B, 0x3E, 0x5B, 0x3E, 0x5B, 0x3E, 0x5A, 0x3E, 0x5B, 0x0D,
    0x0F, 0x0F, 0x0F, 0x0F, 0x0F, 0x0F, 0x0F, 0x0D, 0x3C, 0x5A, 0x3D, 0x3C, 0x5A, 0x3C, 0x5A, 0x3C,
    0x59, 0x3C, 0x3C, 0x3C, 0x3C, 0x59, 0x3C, 0x3C, 0x58, 0x3C, 0x3C, 0x58, 0x3C, 0x3B, 0x3B, 0x3B,
    0x58, 0x3B, 0x39, 0x3B, 0x39, 0x3B, 0x57, 0x3B, 0x57, 0x3A, 0x39, 0x58, 0x39, 0x39, 0x39, 0x39,
    0x39, 0x54, 0x36, 0x35, 0x36, 0x35, 0x35, 0x54, 0x35, 0x35, 0x35, 0x35, 0x0F, 0x0F, 0x0F, 0x0F,
    0x0F, 0x0F, 0x0F, 0x01, 0x02, 0x01, 0x02, 0x02, 0x63, 0x02, 0x02, 0x02, 0x02, 0x02, 0x02, 0x02,
    0x02, 0x64, 0x02, 0x03, 0x02, 0x02, 0x03, 0x02, 0x03, 0x02, 0x03, 0x02, 0x02, 0x03, 0x02, 0x03,
    0x03, 0x04, 0x05, 0x05, 0x06, 0x06, 0x07, 0x07, 0x07, 0x08, 0x08, 0x08, 0x08, 0x09, 0x09, 0x09,
    0x06, 0x06, 0x06, 0x06, 0x06, 0x07, 0x06, 0x06, 0x07, 0x06, 0x07, 0x06, 0x07, 0x08, 0x09, 0x09,
    0x5C, 0x0A, 0x0A, 0x5C, 0x0A, 0x09, 0x09, 0x5A, 0x08, 0x07, 0x57, 0x05, 0x05, 0x05, 0x04, 0x05,
    0x05, 0x04, 0x55, 0x05, 0x04, 0x05, 0x04, 0x56, 0x04, 0x04, 0x55, 0x04, 0x0F, 0x0F, 0x0F, 0x0F,
    0x0F, 0x0F, 0x0F, 0x3F, 0x5D, 0x0F, 0x0F, 0x0F, 0x0F, 0x0F, 0x0F, 0x0F, 0x0F, 0x0F, 0x0F, 0x0F,
    0x0F, 0x0F, 0x0F, 0x0F, 0x0F, 0x0F, 0x0F, 0x0F, 0x0F, 0x0F, 0x0E, 0x5E, 0x0F, 0x3F, 0x3F, 0x0F,
    0x5E, 0x3F, 0x0F, 0x0F, 0x0F, 0x0F, 0x0F, 0x0F, 0x0F, 0x0F, 0x0F, 0x0F, 0x0F, 0x0F, 0x0F, 0x0F,
    0x0F, 0x0F, 0x0F, 0x0F, 0x0F, 0x0F, 0x0F, 0x0F, 0x0F, 0x0F, 0x0F, 0x0F, 0x0F, 0x0B, 0x5D, 0x0F,
    0x0F, 0x0F, 0x0F, 0x3F, 0x5B, 0x3E, 0x5B, 0x3E, 0x5B, 0x3E, 0x5B, 0x3E, 0x5B, 0x3E, 0x5A, 0x3E,
    0x3E, 0x0F, 0x0F, 0x0F, 0x0F, 0x0F, 0x0F, 0x0F, 0x0F, 0x0F, 0x3C, 0x5A, 0x3D, 0x59, 0x3D, 0x3C,
    0x3C, 0x5A, 0x3C, 0x59, 0x3C, 0x3C, 0x58, 0x3C, 0x3C, 0x58, 0x3C, 0x3B, 0x58, 0x3B, 0x58, 0x3B,
    0x3B, 0x58, 0x3B, 0x58, 0x3B, 0x39, 0x3B, 0x39, 0x3B, 0x39, 0x39, 0x3A, 0x39, 0x57, 0x3A, 0x39,
    0x39, 0x36, 0x35, 0x54, 0x35, 0x35, 0x35, 0x35, 0x35, 0x35, 0x35, 0x35, 0x0F, 0x0F, 0x0F, 0x0F,
    0x0F, 0x0F, 0x0F, 0x02, 0x02, 0x02, 0x02, 0x02, 0x03, 0x02, 0x03, 0x03, 0x03, 0x03, 0x04, 0x03,
    0x03, 0x03, 0x03, 0x03, 0x03, 0x04, 0x04, 0x04, 0x04, 0x04, 0x05, 0x05, 0x05, 0x05, 0x05, 0x04,
    0x06, 0x07, 0x09, 0x0A, 0x0B, 0x0A, 0x0A, 0x0A, 0x0B, 0x0B, 0x0B, 0x0B, 0x0C, 0x0B, 0x0C, 0x0B,
    0x05, 0x06, 0x05, 0x06, 0x05, 0x06, 0x88, 0x06, 0x06, 0x06, 0x06, 0x07, 0x07, 0x08, 0x09, 0x0A,
    0x0A, 0x0A, 0x09, 0x0A, 0x09, 0x08, 0x09, 0x08, 0x08, 0x08, 0x08, 0x07, 0x07, 0x58, 0x08, 0x07,
    0x58, 0x08, 0x07, 0x06, 0x58, 0x07, 0x07, 0x07, 0x06, 0x06, 0x06, 0x05, 0x0F, 0x0F, 0x0F, 0x0F,
    0x0F, 0x0F, 0x0F, 0x5D, 0x3F, 0x5D, 0x3F, 0x5D, 0x3F, 0x0F, 0x0F, 0x0F, 0x0F, 0x0F, 0x0F, 0x0F,
    0x0F, 0x0F, 0x0F, 0x0F, 0x0F, 0x0F, 0x0C, 0x3F, 0x5E, 0x3F, 0x5D, 0x3F, 0x0F, 0x5E, 0x5D, 0x0F,
    0x3F, 0x5E, 0x5D, 0x3F, 0x5E, 0x0F, 0x0F, 0x0F, 0x0F, 0x0F, 0x0F, 0x0F, 0x0F, 0x0F, 0x0F, 0x0F,
    0x0F, 0x0F, 0x0F, 0x0F, 0x0F, 0x0F, 0x0F, 0x0F, 0x3F, 0x0F, 0x0C, 0x3F, 0x5E, 0x0F, 0x0F, 0x0F,
    0x0F, 0x3F, 0x5C, 0x3E, 0x5B, 0x3F, 0x5B, 0x3E, 0x5B, 0x3E, 0x3E, 0x5B, 0x3E, 0x5A, 0x3E, 0x5A,
    0x3E, 0x5A, 0x0F, 0x0F, 0x0F, 0x0F, 0x0F, 0x0F, 0x0F, 0x0F, 0x0F, 0x09, 0x3E, 0x3C, 0x5A, 0x3C,
    0x59, 0x3C, 0x59, 0x3C, 0x59, 0x3C, 0x3C, 0x58, 0x3C, 0x3B, 0x58, 0x3C, 0x3B, 0x58, 0x3B, 0x3B,
    0x58, 0x3B, 0x3B, 0x39, 0x58, 0x3B, 0x57, 0x3B, 0x57, 0x3B, 0x57, 0x3A, 0x39, 0x3A, 0x39, 0x57,
    0x37, 0x35, 0x36, 0x35, 0x35, 0x36, 0x35, 0x35, 0x35, 0x35, 0x53, 0x35, 0x0F, 0x0F, 0x0F, 0x0F,
    0x0F, 0x0F, 0x0F, 0x03, 0x04, 0x04, 0x05, 0x05, 0x05, 0x06, 0x06, 0x06, 0x07, 0x07, 0x07, 0x07,
    0x07, 0x06, 0x05, 0x06, 0x06, 0x08, 0x08, 0x09, 0x09, 0x09, 0x09, 0x09, 0x09, 0x09, 0x08, 0x08,
    0x09, 0x0A, 0x0C, 0x0C, 0x0D, 0x0C, 0x83, 0x0D, 0x0C, 0x0C, 0x83, 0x0D, 0x0C, 0x0C, 0x0B, 0x0C,
    0x05, 0x05, 0x05, 0x06, 0x05, 0x06, 0x05, 0x06, 0x05, 0x06, 0x06, 0x07, 0x07, 0x08, 0x09, 0x09,
    0x0A, 0x09, 0x5C, 0x09, 0x09, 0x5A, 0x09, 0x08, 0x5B, 0x09, 0x08, 0x5A, 0x09, 0x08, 0x08, 0x08,
    0x08, 0x08, 0x5A, 0x08, 0x08, 0x07, 0x59, 0x07, 0x59, 0x07, 0x39, 0x07, 0x0D, 0x0F, 0x0F, 0x0F,
    0x0F, 0x0F, 0x0F, 0x3F, 0x5E, 0x3F, 0x5E, 0x3F, 0x5E, 0x5D, 0x3F, 0x5D, 0x3F, 0x5D, 0x3F, 0x5D,
    0x3F, 0x5D, 0x3F, 0x5D, 0x3F, 0x5E, 0x3F, 0x5E, 0x3F, 0x5E, 0x3F, 0x5E, 0x0F, 0x0C, 0x3F, 0x0F,
    0x5E, 0x3F, 0x5D, 0x3F, 0x0C, 0x0F, 0x0F, 0x0F, 0x0F, 0x0F, 0x0F, 0x0F, 0x0F, 0x0F, 0x0F, 0x0F,
    0x0F, 0x0F, 0x0B, 0x0F, 0x0F, 0x0F, 0x0F, 0x0F, 0x0F, 0x0F, 0x0F, 0x5C, 0x3F, 0x3F, 0x5B, 0x3F,
    0x0F, 0x5A, 0x3F, 0x5B, 0x3F, 0x5B, 0x3E, 0x5B, 0x3E, 0x5B, 0x3E, 0x5A, 0x3E, 0x3E, 0x5A, 0x3E,
    0x5A, 0x3E, 0x5B, 0x0F, 0x3C, 0x5A, 0x3E, 0x0F, 0x0F, 0x0F, 0x0F, 0x0F, 0x0D, 0x3E, 0x59, 0x3C,
    0x3C, 0x3C, 0x3C, 0x3C, 0x3C, 0x58, 0x3C, 0x58, 0x3C, 0x58, 0x3C, 0x58, 0x3B, 0x3B, 0x3B, 0x58,
    0x3B, 0x3A, 0x58, 0x3B, 0x3B, 0x39, 0x3B, 0x39, 0x3A, 0x39, 0x3A, 0x39, 0x57, 0x3A, 0x39, 0x39,
    0x36, 0x54, 0x35, 0x36, 0x35, 0x54, 0x35, 0x35, 0x35, 0x35, 0x35, 0x35, 0x0F, 0x0F, 0x0F, 0x0F,
    0x0F, 0x0F, 0x0C, 0x06, 0x07, 0x07, 0x08, 0x08, 0x08, 0x09, 0x09, 0x0A, 0x0A, 0x0A, 0x0A, 0x09,
    0x5B, 0x09, 0x3E, 0x09, 0x09, 0x0A, 0x0B, 0x0B, 0x0B, 0x0B, 0x0B, 0x0B, 0x0B, 0x0A, 0x3F, 0x0A,
    0x7D, 0x0B, 0x0B, 0x0C, 0x0B, 0x0B, 0x0B, 0x0A, 0x0A, 0x0A, 0x0B, 0x0A, 0x09, 0x6E, 0x0A, 0x09,
    0x05, 0x05, 0x05, 0x05, 0x05, 0x05, 0x05, 0x05, 0x06, 0x47, 0x07, 0x07, 0x07, 0x08, 0x09, 0x09,
    0x81, 0x0A, 0x0A, 0x09, 0x08, 0x09, 0x08, 0x08, 0x09, 0x08, 0x08, 0x09, 0x08, 0x5A, 0x09, 0x5A,
    0x09, 0x08, 0x08, 0x08, 0x3C, 0x09, 0x08, 0x07, 0x07, 0x06, 0x06, 0x57, 0x06, 0x0F, 0x0F, 0x0F,
    0x0F, 0x0F, 0x0F, 0x5D, 0x3F, 0x5E, 0x3F, 0x5E, 0x3F, 0x5D, 0x3F, 0x5E, 0x5D, 0x3F, 0x5E, 0x3F,
    0x5E, 0x3F, 0x5E, 0x3F, 0x5E, 0x3F, 0x5E, 0x5D, 0x3F, 0x5E, 0x3F, 0x5D, 0x0F, 0x3F, 0x5E, 0x0F,
    0x3F, 0x5D, 0x5E, 0x3F, 0x0F, 0x0F, 0x0F, 0x3F, 0x0F, 0x0F, 0x0F, 0x0F, 0x0F, 0x3F, 0x0F, 0x0F,
    0x0F, 0x0F, 0x0F, 0x0F, 0x0F, 0x0F, 0x0F, 0x0C, 0x5C, 0x0F, 0x0F, 0x0F, 0x0F, 0x0F, 0x0F, 0x0F,
    0x0F, 0x0F, 0x0B, 0x3F, 0x5B, 0x3E, 0x5B, 0x3E, 0x5B, 0x3E, 0x5B, 0x3E, 0x5B, 0x3E, 0x5A, 0x3E,
    0x5A, 0x3E, 0x3E, 0x0F, 0x0B, 0x3E, 0x59, 0x3C, 0x5A, 0x0F, 0x0F, 0x0F, 0x0F, 0x0C, 0x3E, 0x59,
    0x3C, 0x5A, 0x3C, 0x59, 0x3C, 0x59, 0x3C, 0x3C, 0x3B, 0x3C, 0x3B, 0x3B, 0x58, 0x3C, 0x58, 0x3B,
    0x3B, 0x3B, 0x3A, 0x39, 0x58, 0x3A, 0x39, 0x58, 0x3A, 0x39, 0x57, 0x3B, 0x39, 0x39, 0x39, 0x39,
    0x36, 0x35, 0x35, 0x35, 0x35, 0x35, 0x35, 0x35, 0x35, 0x35, 0x35, 0x34, 0x0F, 0x0F, 0x0F, 0x0F,
    0x0F, 0x0F, 0x07, 0x07, 0x08, 0x5A, 0x09, 0x09, 0x5C, 0x0A, 0x0A, 0x5C, 0x0A, 0x5C, 0x0A, 0x09,
    0x09, 0x08, 0x09, 0x3E, 0x09, 0x3F, 0x0A, 0x09, 0x3F, 0x0A, 0x7D, 0x3F, 0x09, 0x08, 0x7D, 0x08,
    0x3C, 0x08, 0x07, 0x07, 0x08, 0x6B, 0x08, 0x07, 0x6A, 0x07, 0x69, 0x06, 0x06, 0x06, 0x05, 0x05,
    0x05, 0x05, 0x46, 0x05, 0x05, 0x46, 0x05, 0x06, 0x06, 0x06, 0x06, 0x06, 0x07, 0x08, 0x08, 0x09,
    0x09, 0x08, 0x08, 0x08, 0x08, 0x59, 0x08, 0x08, 0x59, 0x08, 0x59, 0x08, 0x07, 0x08, 0x07, 0x07,
    0x07, 0x3C, 0x08, 0x59, 0x08, 0x07, 0x59, 0x07, 0x3B, 0x06, 0x39, 0x06, 0x39, 0x0F, 0x0F, 0x0F,
    0x0F, 0x0F, 0x0F, 0x0F, 0x3F, 0x5D, 0x3F, 0x5E, 0x3F, 0x5E, 0x3F, 0x5D, 0x3F, 0x5E, 0x3F, 0x5E,
    0x3F, 0x5E, 0x3F, 0x5E, 0x3F, 0x5E, 0x3F, 0x5D, 0x3F, 0x5E, 0x3F, 0x5D, 0x0F, 0x0F, 0x0F, 0x0F,
    0x3F, 0x5D, 0x0B, 0x0F, 0x0F, 0x3F, 0x0F, 0x5E, 0x3F, 0x0F, 0x0F, 0x0F, 0x0E, 0x0F, 0x0F, 0x0F,
    0x0F, 0x3F, 0x5D, 0x3F, 0x3F, 0x5C, 0x3F, 0x5C, 0x3F, 0x3F, 0x5B, 0x0F, 0x0F, 0x0F, 0x0F, 0x0F,
    0x0F, 0x0F, 0x0F, 0x0F, 0x5B, 0x3F, 0x3E, 0x5B, 0x3E, 0x0B, 0x0C, 0x0E, 0x0E, 0x0F, 0x0F, 0x0F,
    0x0F, 0x0F, 0x0F, 0x0F, 0x0F, 0x0F, 0x0D, 0x3E, 0x3C, 0x3E, 0x0F, 0x0F, 0x0F, 0x0F, 0x0F, 0x3C,
    0x59, 0x3C, 0x59, 0x3C, 0x3B, 0x3C, 0x58, 0x3C, 0x58, 0x3B, 0x58, 0x3C, 0x3B, 0x3B, 0x3B, 0x3B,
    0x57, 0x3B, 0x58, 0x3B, 0x3A, 0x3B, 0x39, 0x3B, 0x39, 0x3B, 0x39, 0x39, 0x39, 0x39, 0x57, 0x39,
    0x35, 0x36, 0x54, 0x35, 0x35, 0x35, 0x35, 0x54, 0x35, 0x35, 0x53, 0x0D, 0x0F, 0x0F, 0x0F, 0x0F,
    0x0F, 0x0F, 0x05, 0x57, 0x07, 0x07, 0x06, 0x07, 0x07, 0x06, 0x07, 0x06, 0x07, 0x06, 0x06, 0x39,
    0x05, 0x3A, 0x78, 0x06, 0x78, 0x06, 0x78, 0x39, 0x78, 0x05, 0x05, 0x04, 0x37, 0x04, 0x36, 0x04,
    0x03, 0x03, 0x75, 0x03, 0x03, 0x04, 0x03, 0x03, 0x03, 0x03, 0x74, 0x03, 0x63, 0x03, 0x02, 0x03,
    0x04, 0x05, 0x04, 0x04, 0x05, 0x05, 0x05, 0x05, 0x06, 0x06, 0x06, 0x06, 0x48, 0x07, 0x07, 0x07,
    0x08, 0x07, 0x08, 0x58, 0x08, 0x07, 0x07, 0x06, 0x07, 0x06, 0x07, 0x06, 0x06, 0x06, 0x39, 0x07,
    0x06, 0x06, 0x06, 0x07, 0x07, 0x3C, 0x07, 0x06, 0x06, 0x06, 0x06, 0x39, 0x06, 0x0F, 0x0F, 0x0F,
    0x0F, 0x0F, 0x0F, 0x0F, 0x5D, 0x3F, 0x5E, 0x3F, 0x5D, 0x3F, 0x5E, 0x3F, 0x5E, 0x3F, 0x5E, 0x3F,
    0x5E, 0x3F, 0x5E, 0x3F, 0x5E, 0x3F, 0x5D, 0x3F, 0x5E, 0x3F, 0x5D, 0x3F, 0x0F, 0x0F, 0x0F, 0x0F,
    0x5D, 0x3F, 0x0F, 0x3F, 0x5F, 0x5D, 0x0F, 0x0F, 0x5D, 0x3F, 0x5D, 0x5E, 0x0F, 0x0F, 0x0F, 0x0F,
    0x0F, 0x5C, 0x3F, 0x5C, 0x5C, 0x3F, 0x5C, 0x3F, 0x5C, 0x3E, 0x5B, 0x3F, 0x0F, 0x0F, 0x0F, 0x0F,
    0x0F, 0x0F, 0x0F, 0x0F, 0x0F, 0x0B, 0x5D, 0x3F, 0x5B, 0x3F, 0x3F, 0x5B, 0x3F, 0x5C, 0x0A, 0x0C,
    0x0E, 0x0F, 0x0F, 0x0F, 0x0F, 0x0F, 0x0F, 0x0F, 0x0F, 0x0F, 0x0E, 0x0F, 0x0F, 0x0F, 0x0F, 0x0F,
    0x3C, 0x3C, 0x3C, 0x59, 0x3C, 0x58, 0x3C, 0x3B, 0x58, 0x3C, 0x3B, 0x58, 0x3B, 0x58, 0x3B, 0x58,
    0x3B, 0x3B, 0x39, 0x3B, 0x57, 0x3B, 0x57, 0x3A, 0x57, 0x3A, 0x39, 0x57, 0x3A, 0x39, 0x39, 0x39,
    0x54, 0x35, 0x36, 0x35, 0x35, 0x35, 0x35, 0x35, 0x35, 0x35, 0x35, 0x0F, 0x0F, 0x0F, 0x0F, 0x0F,
    0x0F, 0x0F, 0x03, 0x03, 0x03, 0x54, 0x03, 0x36, 0x03, 0x55, 0x35, 0x03, 0x53, 0x03, 0x53, 0x03,
    0x03, 0x03, 0x53, 0x03, 0x35, 0x03, 0x02, 0x03, 0x03, 0x02, 0x33, 0x02, 0x02, 0x74, 0x02, 0x02,
    0x33, 0x02, 0x02, 0x02, 0x02, 0x02, 0x73, 0x02, 0x02, 0x02, 0x02, 0x02, 0x02, 0x02, 0x03, 0x02,
    0x05, 0x05, 0x04, 0x05, 0x04, 0x05, 0x06, 0x06, 0x06, 0x06, 0x06, 0x06, 0x07, 0x06, 0x07, 0x06,
    0x06, 0x06, 0x06, 0x07, 0x06, 0x06, 0x05, 0x06, 0x06, 0x05, 0x06, 0x05, 0x05, 0x06, 0x05, 0x05,
    0x38, 0x06, 0x39, 0x06, 0x3B, 0x07, 0x3A, 0x07, 0x3B, 0x3A, 0x06, 0x39, 0x06, 0x0F, 0x0F, 0x0F,
    0x0F, 0x0F, 0x0F, 0x0F, 0x3F, 0x5E, 0x3F, 0x5D, 0x3F, 0x5E, 0x3F, 0x5E, 0x3F, 0x5D, 0x3F, 0x5E,
    0x3F, 0x5D, 0x5C, 0x3F, 0x5D, 0x5D, 0x3F, 0x5E, 0x3F, 0x5D, 0x3F, 0x5E, 0x0F, 0x0F, 0x0F, 0x0F,
    0x0F, 0x0F, 0x5D, 0x0E, 0x0F, 0x0F, 0x0F, 0x0F, 0x3F, 0x5D, 0x3F, 0x3F, 0x0F, 0x0F, 0x0F, 0x0F,
    0x3F, 0x5C, 0x3F, 0x0D, 0x0F, 0x0F, 0x0F, 0x0F, 0x0F, 0x0F, 0x0F, 0x0F, 0x0F, 0x0F, 0x5B, 0x3E,
    0x0F, 0x0E, 0x0F, 0x0F, 0x0F, 0x0F, 0x3F, 0x5B, 0x3E, 0x5B, 0x3E, 0x5B, 0x3E, 0x3E, 0x3E, 0x5C,
    0x0E, 0x0F, 0x0F, 0x0F, 0x0F, 0x0F, 0x0F, 0x0F, 0x0F, 0x0F, 0x0F, 0x0F, 0x0F, 0x0F, 0x0F, 0x0F,
    0x0F, 0x0F, 0x59, 0x3C, 0x3B, 0x3C, 0x58, 0x3C, 0x3C, 0x58, 0x3C, 0x3B, 0x58, 0x3B, 0x3B, 0x3A,
    0x39, 0x58, 0x3B, 0x39, 0x3B, 0x39, 0x3B, 0x39, 0x3A, 0x39, 0x39, 0x3A, 0x39, 0x39, 0x39, 0x54,
    0x36, 0x35, 0x35, 0x35, 0x36, 0x54, 0x35, 0x35, 0x35, 0x35, 0x34, 0x0F, 0x0F, 0x0F, 0x0F, 0x0F,
    0x0F, 0x04, 0x02, 0x02, 0x80, 0x02, 0x02, 0x02, 0x02, 0x02, 0x02, 0x02, 0x02, 0x80, 0x02, 0x02,
    0x80, 0x02, 0x02, 0x02, 0x02, 0x02, 0x02, 0x02, 0x02, 0x02, 0x02, 0x02, 0x02, 0x02, 0x02, 0x02,
    0x03, 0x02, 0x03, 0x02, 0x03, 0x02, 0x02, 0x03, 0x02, 0x03, 0x02, 0x03, 0x03, 0x02, 0x03, 0x02,
    0x05, 0x05, 0x04, 0x04, 0x05, 0x05, 0x05, 0x06, 0x05, 0x06, 0x05, 0x06, 0x05, 0x06, 0x05, 0x06,
    0x05, 0x06, 0x05, 0x05, 0x05, 0x05, 0x05, 0x05, 0x05, 0x04, 0x05, 0x04, 0x04, 0x05, 0x04, 0x05,
    0x05, 0x05, 0x39, 0x06, 0x06, 0x39, 0x06, 0x39, 0x06, 0x39, 0x06, 0x39, 0x05, 0x07, 0x0F, 0x0F,
    0x0F, 0x0F, 0x0F, 0x0F, 0x0F, 0x5C, 0x3F, 0x5D, 0x5D, 0x3F, 0x5D, 0x3F, 0x5D, 0x3F, 0x5E, 0x3F,
    0x5D, 0x3F, 0x5D, 0x3F, 0x5D, 0x3F, 0x5D, 0x3F, 0x5D, 0x3F, 0x5D, 0x3F, 0x5C, 0x0F, 0x0F, 0x0F,
    0x0F, 0x0F, 0x3F, 0x3F, 0x5E, 0x3F, 0x0F, 0x5C, 0x3F, 0x5C, 0x3F, 0x5D, 0x3F, 0x5C, 0x3F, 0x5C,
    0x3F, 0x5D, 0x0F, 0x0F, 0x0F, 0x0F, 0x0F, 0x0F, 0x0F, 0x0F, 0x0F, 0x0F, 0x0F, 0x0F, 0x0F, 0x0F,
    0x5B, 0x0F, 0x0E, 0x3F, 0x5B, 0x0F, 0x0F, 0x0B, 0x3E, 0x5A, 0x3E, 0x0E, 0x0F, 0x0F, 0x0F, 0x0F,
    0x0F, 0x0F, 0x0F, 0x0F, 0x0F, 0x0F, 0x0F, 0x0F, 0x0F, 0x0F, 0x0F, 0x0F, 0x0F, 0x0F, 0x0E, 0x3C,
    0x59, 0x0F, 0x3C, 0x58, 0x3C, 0x58, 0x3C, 0x58, 0x3C, 0x3B, 0x58, 0x3B, 0x3B, 0x3B, 0x58, 0x3B,
    0x3B, 0x3B, 0x57, 0x3B, 0x57, 0x3B, 0x57, 0x3A, 0x57, 0x3B, 0x57, 0x39, 0x39, 0x57, 0x3A, 0x35,
    0x36, 0x35, 0x35, 0x35, 0x35, 0x35, 0x35, 0x35, 0x35, 0x34, 0x0B, 0x0F, 0x0F, 0x0F, 0x0F, 0x0F,
    0x0F, 0x02, 0x01, 0x01, 0x02, 0x01, 0x02, 0x01, 0x02, 0x02, 0x02, 0x02, 0x02, 0x02, 0x02, 0x02,
    0x02, 0x02, 0x02, 0x02, 0x02, 0x02, 0x02, 0x02, 0x02, 0x02, 0x03, 0x02, 0x03, 0x02, 0x03, 0x02,
    0x02, 0x03, 0x02, 0x02, 0x03, 0x02, 0x03, 0x02, 0x03, 0x03, 0x03, 0x02, 0x03, 0x03, 0x02, 0x03,
    0x04, 0x04, 0x04, 0x66, 0x05, 0x04, 0x05, 0x67, 0x05, 0x05, 0x05, 0x05, 0x05, 0x05, 0x05, 0x05,
    0x05, 0x05, 0x05, 0x05, 0x05, 0x04, 0x05, 0x05, 0x05, 0x05, 0x05, 0x05, 0x05, 0x05, 0x78, 0x06,
    0x39, 0x06, 0x3A, 0x06, 0x3B, 0x06, 0x3A, 0x06, 0x39, 0x05, 0x38, 0x05, 0x39, 0x38, 0x0F, 0x0F,
    0x0F, 0x0F, 0x0F, 0x0F, 0x0F, 0x3F, 0x5D, 0x3F, 0x5D, 0x3F, 0x5D, 0x3F, 0x5E, 0x3F, 0x5D, 0x5C,
    0x3F, 0x5D, 0x3F, 0x5E, 0x3F, 0x5D, 0x3F, 0x5D, 0x3F, 0x5E, 0x3F, 0x5D, 0x3F, 0x5D, 0x0F, 0x0F,
    0x0F, 0x0F, 0x0F, 0x5D, 0x3F, 0x5D, 0x3F, 0x5D, 0x3F, 0x5D, 0x3F, 0x5C, 0x0F, 0x0F, 0x0E, 0x0D,
    0x0F, 0x0F, 0x0F, 0x0F, 0x0F, 0x0F, 0x0F, 0x0F, 0x0F, 0x0F, 0x0F, 0x0F, 0x0F, 0x0F, 0x0F, 0x0F,
    0x0F, 0x0C, 0x5D, 0x0F, 0x3E, 0x5B, 0x0F, 0x0F, 0x3E, 0x0F, 0x0F, 0x0F, 0x0F, 0x0F, 0x0F, 0x0F,
    0x0F, 0x0F, 0x0F, 0x0F, 0x0F, 0x0F, 0x0F, 0x0F, 0x0F, 0x0F, 0x0F, 0x3C, 0x5C, 0x0F, 0x0F, 0x0F,
    0x0F, 0x0F, 0x0F, 0x0F, 0x0F, 0x0A, 0x3C, 0x3C, 0x58, 0x3B, 0x3B, 0x3B, 0x58, 0x3B, 0x3B, 0x57,
    0x3B, 0x57, 0x3B, 0x3A, 0x3A, 0x39, 0x3A, 0x39, 0x3A, 0x39, 0x3A, 0x39, 0x39, 0x39, 0x39, 0x35,
    0x35, 0x36, 0x54, 0x35, 0x35, 0x35, 0x35, 0x35, 0x35, 0x35, 0x0F, 0x0F, 0x0F, 0x0F, 0x0F, 0x0F,
    0x0F, 0x01, 0x02, 0x01, 0x02, 0x01, 0x02, 0x02, 0x02, 0x02, 0x02, 0x02, 0x02, 0x03, 0x02, 0x02,
    0x02, 0x02, 0x02, 0x02, 0x02, 0x03, 0x02, 0x03, 0x02, 0x03, 0x02, 0x03, 0x02, 0x03, 0x02, 0x03,
    0x02, 0x02, 0x03, 0x03, 0x02, 0x03, 0x03, 0x03, 0x02, 0x03, 0x02, 0x03, 0x03, 0x02, 0x03, 0x03,
    0x05, 0x04, 0x05, 0x05, 0x04, 0x05, 0x05, 0x05, 0x07, 0x07, 0x07, 0x08, 0x08, 0x4A, 0x09, 0x08,
    0x08, 0x08, 0x08, 0x4A, 0x08, 0x6C, 0x08, 0x6C, 0x08, 0x6D, 0x09, 0x6D, 0x09, 0x09, 0x08, 0x09,
    0x08, 0x07, 0x3B, 0x07, 0x3A, 0x06, 0x39, 0x06, 0x78, 0x05, 0x38, 0x05, 0x77, 0x04, 0x0F, 0x0F,
    0x0F, 0x0F, 0x0F, 0x0F, 0x0F, 0x5D, 0x3F, 0x5D, 0x3F, 0x5D, 0x3F, 0x5D, 0x3F, 0x5D, 0x3F, 0x5D,
    0x3F, 0x5D, 0x3F, 0x5D, 0x3F, 0x5D, 0x3F, 0x5D, 0x3F, 0x5D, 0x5C, 0x3F, 0x5D, 0x3F, 0x3F, 0x0C,
    0x0F, 0x0F, 0x0F, 0x0F, 0x0F, 0x0F, 0x0F, 0x0F, 0x5E, 0x3F, 0x0F, 0x0F, 0x0F, 0x0F, 0x0F, 0x0F,
    0x0F, 0x0F, 0x0F, 0x0F, 0x0F, 0x0F, 0x0F, 0x0F, 0x0F, 0x0F, 0x0F, 0x0F, 0x0F, 0x0F, 0x0F, 0x0F,
    0x0F, 0x0F, 0x0E, 0x3F, 0x0F, 0x0F, 0x0E, 0x0F, 0x0F, 0x0F, 0x0F, 0x0F, 0x0F, 0x0F, 0x0F, 0x0F,
    0x0F, 0x0F, 0x0F, 0x0F, 0x0F, 0x0F, 0x0F, 0x5B, 0x0C, 0x0F, 0x0F, 0x0F, 0x0F, 0x0F, 0x0F, 0x0F,
    0x0F, 0x0F, 0x0F, 0x0F, 0x0F, 0x0F, 0x0F, 0x0F, 0x08, 0x3C, 0x58, 0x3B, 0x3B, 0x58, 0x3B, 0x3B,
    0x39, 0x3B, 0x39, 0x58, 0x3A, 0x39, 0x58, 0x3A, 0x39, 0x39, 0x39, 0x57, 0x3A, 0x39, 0x36, 0x54,
    0x35, 0x35, 0x35, 0x35, 0x35, 0x35, 0x35, 0x35, 0x35, 0x34, 0x0F, 0x0F, 0x0F, 0x0F, 0x0F, 0x0F,
    0x04, 0x02, 0x01, 0x02, 0x01, 0x02, 0x02, 0x01, 0x02, 0x02, 0x02, 0x03, 0x03, 0x03, 0x03, 0x03,
    0x03, 0x03, 0x02, 0x03, 0x02, 0x02, 0x03, 0x02, 0x03, 0x02, 0x03, 0x02, 0x02, 0x02, 0x02, 0x02,
    0x02, 0x02, 0x02, 0x02, 0x02, 0x02, 0x02, 0x02, 0x03, 0x02, 0x03, 0x02, 0x03, 0x64, 0x03, 0x02,
    0x07, 0x07, 0x07, 0x08, 0x07, 0x07, 0x07, 0x08, 0x09, 0x0A, 0x0B, 0x0B, 0x0B, 0x0B, 0x0B, 0x0B,
    0x0B, 0x0B, 0x0C, 0x0B, 0x0A, 0x6F, 0x0B, 0x0A, 0x6F, 0x0D, 0x0B, 0x0B, 0x0B, 0x6F, 0x7F, 0x0A,
    0x7D, 0x08, 0x3B, 0x07, 0x39, 0x07, 0x06, 0x3A, 0x06, 0x39, 0x06, 0x05, 0x39, 0x05, 0x06, 0x0F,
    0x0F, 0x0F, 0x0F, 0x0F, 0x0F, 0x5E, 0x3F, 0x5D, 0x3F, 0x5D, 0x3F, 0x5D, 0x5C, 0x3F, 0x5D, 0x3F,
    0x5D, 0x3F, 0x5D, 0x3F, 0x5D, 0x3F, 0x5D, 0x3F, 0x5D, 0x3F, 0x5D, 0x3F, 0x5D, 0x3F, 0x5D, 0x3F,
    0x5D, 0x3F, 0x0F, 0x0F, 0x0F, 0x0F, 0x0F, 0x0F, 0x0B, 0x5C, 0x3F, 0x5C, 0x3F, 0x0D, 0x0F, 0x0F,
    0x0F, 0x0F, 0x0F, 0x0F, 0x0F, 0x0F, 0x0F, 0x0F, 0x0F, 0x3F, 0x5B, 0x3E, 0x0F, 0x0F, 0x3E, 0x0F,
    0x0F, 0x0F, 0x0F, 0x3E, 0x5B, 0x0F, 0x0F, 0x0F, 0x0F, 0x0F, 0x0F, 0x0F, 0x0F, 0x0F, 0x0F, 0x0F,
    0x0F, 0x0F, 0x0F, 0x0F, 0x0F, 0x0F, 0x0F, 0x3E, 0x0F, 0x0F, 0x0F, 0x0F, 0x0F, 0x0F, 0x0F, 0x0F,
    0x0F, 0x0F, 0x0F, 0x0F, 0x0F, 0x0F, 0x0F, 0x0A, 0x3D, 0x3B, 0x3B, 0x58, 0x3B, 0x3B, 0x39, 0x58,
    0x3B, 0x58, 0x3B, 0x3A, 0x39, 0x3B, 0x39, 0x39, 0x57, 0x3A, 0x39, 0x39, 0x39, 0x39, 0x36, 0x35,
    0x36, 0x35, 0x35, 0x35, 0x35, 0x54, 0x35, 0x35, 0x53, 0x0F, 0x0F, 0x0F, 0x0F, 0x0F, 0x0F, 0x0F,
    0x02, 0x01, 0x02, 0x02, 0x02, 0x02, 0x02, 0x02, 0x02, 0x02, 0x02, 0x02, 0x03, 0x03, 0x02, 0x02,
    0x02, 0x02, 0x02, 0x02, 0x02, 0x02, 0x02, 0x02, 0x02, 0x02, 0x02, 0x02, 0x02, 0x03, 0x02, 0x02,
    0x02, 0x02, 0x03, 0x02, 0x03, 0x02, 0x03, 0x02, 0x03, 0x02, 0x03, 0x64, 0x03, 0x03, 0x03, 0x02,
    0x09, 0x0A, 0x0A, 0x0A, 0x0A, 0x0A, 0x09, 0x09, 0x0B, 0x0B, 0x0B, 0x0B, 0x0B, 0x0B, 0x0B, 0x83,
    0x0C, 0x0B, 0x83, 0x0B, 0x6F, 0x0A, 0x6E, 0x0A, 0x0A, 0x6F, 0x0A, 0x6F, 0x0B, 0x0B, 0x09, 0x08,
    0x07, 0x3B, 0x07, 0x07, 0x07, 0x07, 0x08, 0x07, 0x3B, 0x07, 0x06, 0x06, 0x06, 0x39, 0x05, 0x0F,
    0x0F, 0x0F, 0x0F, 0x0F, 0x0F, 0x0F, 0x5C, 0x3F, 0x5D, 0x3F, 0x5D, 0x3F, 0x5D, 0x3F, 0x5D, 0x3F,
    0x5D, 0x3F, 0x5D, 0x3F, 0x5D, 0x3F, 0x5D, 0x3F, 0x5D, 0x3F, 0x5C, 0x3F, 0x5C, 0x3F, 0x5D, 0x3F,
    0x5D, 0x3F, 0x5D, 0x3F, 0x5D, 0x3F, 0x5C, 0x3F, 0x3F, 0x5D, 0x3F, 0x5C, 0x3F, 0x5D, 0x0F, 0x0F,
    0x0F, 0x0F, 0x0F, 0x0F, 0x0F, 0x0F, 0x0F, 0x0F, 0x3F, 0x5B, 0x3E, 0x0F, 0x0F, 0x5B, 0x3E, 0x5B,
    0x0D, 0x0F, 0x0F, 0x5D, 0x3E, 0x3E, 0x0F, 0x0F, 0x0F, 0x0F, 0x0F, 0x0F, 0x0F, 0x0F, 0x0F, 0x0F,
    0x0F, 0x0F, 0x0F, 0x0F, 0x0F, 0x0F, 0x0F, 0x59, 0x3C, 0x3C, 0x59, 0x0C, 0x0F, 0x0F, 0x0F, 0x0F,
    0x0F, 0x0F, 0x0F, 0x0F, 0x5A, 0x3C, 0x3C, 0x3C, 0x58, 0x3B, 0x3B, 0x3B, 0x39, 0x58, 0x3B, 0x3A,
    0x39, 0x3B, 0x39, 0x57, 0x3B, 0x57, 0x3A, 0x39, 0x3B, 0x39, 0x39, 0x39, 0x39, 0x56, 0x35, 0x35,
    0x35, 0x35, 0x54, 0x35, 0x35, 0x35, 0x35, 0x35, 0x34, 0x0F, 0x0F, 0x0F, 0x0F, 0x0F, 0x0F, 0x0F,
    0x01, 0x02, 0x01, 0x02, 0x01, 0x02, 0x42, 0x02, 0x02, 0x02, 0x02, 0x02, 0x02, 0x02, 0x03, 0x02,
    0x02, 0x02, 0x02, 0x03, 0x02, 0x02, 0x02, 0x03, 0x02, 0x02, 0x03, 0x02, 0x02, 0x02, 0x02, 0x02,
    0x03, 0x02, 0x02, 0x02, 0x03, 0x03, 0x03, 0x03, 0x03, 0x03, 0x03, 0x03, 0x03, 0x03, 0x03, 0x03,
    0x08, 0x08, 0x08, 0x08, 0x3E, 0x08, 0x7B, 0x08, 0x08, 0x09, 0x09, 0x6E, 0x0A, 0x6D, 0x09, 0x09,
    0x08, 0x08, 0x08, 0x07, 0x7B, 0x07, 0x7A, 0x6B, 0x07, 0x07, 0x07, 0x7B, 0x07, 0x7B, 0x06, 0x7A,
    0x06, 0x07, 0x3B, 0x08, 0x09, 0x3E, 0x08, 0x7A, 0x07, 0x06, 0x3A, 0x06, 0x06, 0x06, 0x05, 0x0A,
    0x0F, 0x0F, 0x0F, 0x0F, 0x0F, 0x0F, 0x3F, 0x5D, 0x3F, 0x5D, 0x3F, 0x5C, 0x3F, 0x5D, 0x3F, 0x5D,
    0x3F, 0x5D, 0x3F, 0x5D, 0x3F, 0x5D, 0x3F, 0x5D, 0x3F, 0x5C, 0x3F, 0x5D, 0x3F, 0x5D, 0x3F, 0x5C,
    0x3F, 0x5C, 0x3F, 0x5C, 0x3F, 0x5C, 0x3F, 0x5D, 0x3F, 0x5C, 0x3F, 0x5C, 0x3E, 0x5C, 0x0F, 0x0F,
    0x0F, 0x0F, 0x0F, 0x0F, 0x0F, 0x0F, 0x5E, 0x0F, 0x0F, 0x0F, 0x0F, 0x0F, 0x5A, 0x3F, 0x5B, 0x3E,
    0x3F, 0x0F, 0x0F, 0x0D, 0x3E, 0x5A, 0x5B, 0x0F, 0x0F, 0x0F, 0x0F, 0x0F, 0x0F, 0x0F, 0x0F, 0x0F,
    0x0F, 0x0F, 0x0F, 0x0F, 0x0F, 0x0F, 0x3C, 0x3C, 0x59, 0x3C, 0x3C, 0x3C, 0x3C, 0x59, 0x3C, 0x0F,
    0x0F, 0x0F, 0x3C, 0x3C, 0x3C, 0x59, 0x0F, 0x0F, 0x0F, 0x0F, 0x0F, 0x0F, 0x0F, 0x0F, 0x0F, 0x0F,
    0x0F, 0x0D, 0x3B, 0x39, 0x3A, 0x39, 0x39, 0x39, 0x57, 0x39, 0x39, 0x57, 0x39, 0x35, 0x36, 0x35,
    0x54, 0x35, 0x35, 0x35, 0x35, 0x35, 0x35, 0x34, 0x0D, 0x0F, 0x0F, 0x0F, 0x0F, 0x0F, 0x0F, 0x06,
    0x02, 0x02, 0x02, 0x02, 0x02, 0x02, 0x02, 0x02, 0x02, 0x02, 0x02, 0x03, 0x02, 0x02, 0x02, 0x03,
    0x02, 0x03, 0x02, 0x03, 0x02, 0x03, 0x02, 0x03, 0x02, 0x03, 0x02, 0x03, 0x03, 0x03, 0x03, 0x03,
    0x02, 0x03, 0x03, 0x03, 0x03, 0x03, 0x03, 0x03, 0x03, 0x03, 0x04, 0x03, 0x04, 0x03, 0x04, 0x04,
    0x05, 0x38, 0x78, 0x05, 0x78, 0x05, 0x56, 0x05, 0x77, 0x05, 0x06, 0x05, 0x06, 0x05, 0x05, 0x05,
    0x05, 0x05, 0x67, 0x05, 0x05, 0x67, 0x05, 0x04, 0x77, 0x05, 0x05, 0x05, 0x05, 0x38, 0x06, 0x3A,
    0x3B, 0x07, 0x08, 0x09, 0x09, 0x7D, 0x07, 0x57, 0x05, 0x38, 0x06, 0x06, 0x39, 0x06, 0x38, 0x05,
    0x0F, 0x0F, 0x0F, 0x0F, 0x0F, 0x0F, 0x0F, 0x3F, 0x5C, 0x3F, 0x5C, 0x3F, 0x5D, 0x3F, 0x5C, 0x3F,
    0x5C, 0x3F, 0x5C, 0x3F, 0x5C, 0x3F, 0x5C, 0x5C, 0x3F, 0x5C, 0x3F, 0x5C, 0x3F, 0x5C, 0x3F, 0x5C,
    0x3F, 0x5C, 0x3F, 0x5C, 0x3F, 0x5C, 0x3F, 0x5C, 0x3F, 0x5C, 0x3F, 0x5B, 0x3F, 0x5B, 0x0F, 0x0F,
    0x0F, 0x0F, 0x0F, 0x0F, 0x0F, 0x0F, 0x3F, 0x5B, 0x0F, 0x0F, 0x0F, 0x0F, 0x0F, 0x0F, 0x0F, 0x0F,
    0x0F, 0x0F, 0x0F, 0x0F, 0x5C, 0x3E, 0x3E, 0x0C, 0x0F, 0x0F, 0x0F, 0x0F, 0x0F, 0x0F, 0x0F, 0x0F,
    0x0F, 0x0F, 0x0F, 0x0F, 0x3E, 0x0C, 0x0F, 0x0F, 0x0F, 0x0F, 0x0E, 0x59, 0x3C, 0x0F, 0x0F, 0x0F,
    0x0F, 0x0F, 0x0F, 0x0E, 0x0F, 0x0F, 0x3C, 0x39, 0x3B, 0x58, 0x3B, 0x08, 0x0F, 0x0F, 0x0F, 0x0F,
    0x0F, 0x0F, 0x0F, 0x0F, 0x0F, 0x3B, 0x57, 0x3A, 0x3A, 0x39, 0x39, 0x39, 0x39, 0x36, 0x35, 0x35,
    0x35, 0x36, 0x35, 0x35, 0x35, 0x35, 0x35, 0x35, 0x0F, 0x0F, 0x0F, 0x0F, 0x0F, 0x0F, 0x0F, 0x02,
    0x02, 0x02, 0x02, 0x02, 0x02, 0x03, 0x02, 0x03, 0x03, 0x03, 0x02, 0x03, 0x02, 0x03, 0x03, 0x03,
    0x03, 0x03, 0x03, 0x03, 0x03, 0x03, 0x03, 0x03, 0x03, 0x03, 0x03, 0x03, 0x03, 0x03, 0x03, 0x03,
    0x03, 0x03, 0x03, 0x03, 0x03, 0x04, 0x03, 0x04, 0x04, 0x04, 0x04, 0x04, 0x04, 0x04, 0x04, 0x04,
    0x02, 0x03, 0x53, 0x03, 0x53, 0x03, 0x74, 0x03, 0x03, 0x03, 0x04, 0x03, 0x04, 0x04, 0x03, 0x04,
    0x03, 0x04, 0x03, 0x04, 0x03, 0x04, 0x03, 0x05, 0x38, 0x05, 0x39, 0x38, 0x05, 0x38, 0x05, 0x3A,
    0x07, 0x06, 0x08, 0x09, 0x09, 0x08, 0x39, 0x04, 0x04, 0x04, 0x37, 0x05, 0x39, 0x06, 0x05, 0x04,
    0x0E, 0x0F, 0x0F, 0x0F, 0x0F, 0x0F, 0x0F, 0x5C, 0x3F, 0x5C, 0x3F, 0x5D, 0x3F, 0x5C, 0x3F, 0x5C,
    0x3F, 0x5D, 0x3F, 0x5C, 0x5C, 0x3F, 0x5C, 0x3F, 0x5C, 0x3F, 0x5D, 0x3F, 0x5C, 0x3F, 0x5C, 0x3F,
    0x5C, 0x3F, 0x5C, 0x3F, 0x5C, 0x3F, 0x5C, 0x3F, 0x5B, 0x3F, 0x5B, 0x3F, 0x5C, 0x3F, 0x0F, 0x0F,
    0x0F, 0x0F, 0x0F, 0x0F, 0x0F, 0x0F, 0x3F, 0x3E, 0x0F, 0x0F, 0x0F, 0x0F, 0x5A, 0x3E, 0x5B, 0x3E,
    0x0C, 0x0F, 0x0F, 0x0F, 0x0F, 0x0F, 0x0F, 0x0F, 0x0F, 0x0F, 0x0F, 0x0F, 0x0F, 0x0F, 0x0F, 0x0F,
    0x0F, 0x0F, 0x3C, 0x5A, 0x3C, 0x5A, 0x0F, 0x0F, 0x0F, 0x5A, 0x0F, 0x0F, 0x0F, 0x0F, 0x0F, 0x0F,
    0x0F, 0x0F, 0x0F, 0x0F, 0x0F, 0x0F, 0x0A, 0x3C, 0x58, 0x3B, 0x3B, 0x3C, 0x3B, 0x58, 0x3B, 0x39,
    0x0D, 0x0F, 0x0F, 0x0F, 0x0F, 0x0F, 0x0F, 0x0F, 0x07, 0x3B, 0x39, 0x39, 0x38, 0x54, 0x35, 0x35,
    0x35, 0x35, 0x35, 0x35, 0x35, 0x35, 0x53, 0x34, 0x0F, 0x0F, 0x0F, 0x0F, 0x0F, 0x0F, 0x0A, 0x03,
    0x03, 0x03, 0x03, 0x03, 0x03, 0x03, 0x03, 0x03, 0x02, 0x03, 0x03, 0x02, 0x03, 0x02, 0x03, 0x03,
    0x03, 0x03, 0x03, 0x03, 0x03, 0x04, 0x03, 0x04, 0x04, 0x04, 0x04, 0x03, 0x04, 0x04, 0x03, 0x04,
    0x04, 0x04, 0x04, 0x04, 0x04, 0x04, 0x04, 0x04, 0x04, 0x04, 0x04, 0x03, 0x04, 0x03, 0x04, 0x04,
    0x03, 0x02, 0x03, 0x02, 0x03, 0x03, 0x03, 0x03, 0x03, 0x04, 0x03, 0x04, 0x03, 0x03, 0x04, 0x03,
    0x04, 0x03, 0x03, 0x03, 0x04, 0x04, 0x37, 0x05, 0x38, 0x06, 0x05, 0x38, 0x05, 0x38, 0x06, 0x3A,
    0x06, 0x3C, 0x09, 0x09, 0x3E, 0x08, 0x05, 0x75, 0x35, 0x03, 0x36, 0x05, 0x05, 0x38, 0x05, 0x36,
    0x04, 0x0F, 0x0F, 0x0F, 0x0F, 0x0F, 0x0F, 0x0F, 0x5C, 0x3F, 0x5C, 0x3F, 0x5C, 0x3F, 0x5C, 0x3F,
    0x5C, 0x3F, 0x5C, 0x3F, 0x5C, 0x3F, 0x5C, 0x3F, 0x5C, 0x3F, 0x5C, 0x3F, 0x5C, 0x5C, 0x3F, 0x5C,
    0x3F, 0x5C, 0x3F, 0x5C, 0x3F, 0x5B, 0x3F, 0x5B, 0x3F, 0x5C, 0x3E, 0x5C, 0x3E, 0x5B, 0x0F, 0x0F,
    0x0F, 0x0F, 0x0F, 0x0F, 0x0F, 0x0F, 0x5B, 0x0F, 0x0F, 0x5B, 0x0F, 0x0F, 0x3E, 0x5B, 0x3E, 0x5A,
    0x0F, 0x0F, 0x5B, 0x3F, 0x5A, 0x0F, 0x0F, 0x0F, 0x0F, 0x0F, 0x0F, 0x0F, 0x0F, 0x0F, 0x0F, 0x0F,
    0x3C, 0x5A, 0x3C, 0x3C, 0x59, 0x0F, 0x0F, 0x0B, 0x3E, 0x3C, 0x0F, 0x0F, 0x0F, 0x0F, 0x0F, 0x0F,
    0x0F, 0x0F, 0x0F, 0x0F, 0x0F, 0x0F, 0x0F, 0x0F, 0x3B, 0x3B, 0x57, 0x3B, 0x57, 0x3B, 0x3A, 0x3B,
    0x39, 0x39, 0x39, 0x0F, 0x0F, 0x0F, 0x0F, 0x0F, 0x0F, 0x0F, 0x39, 0x57, 0x35, 0x35, 0x35, 0x36,
    0x35, 0x35, 0x35, 0x35, 0x53, 0x35, 0x35, 0x0F, 0x0F, 0x0F, 0x0F, 0x0F, 0x0F, 0x0F, 0x03, 0x36,
    0x03, 0x03, 0x03, 0x03, 0x03, 0x03, 0x03, 0x03, 0x03, 0x03, 0x03, 0x03, 0x03, 0x03, 0x02, 0x03,
    0x03, 0x03, 0x04, 0x04, 0x04, 0x03, 0x04, 0x03, 0x04, 0x03, 0x04, 0x04, 0x03, 0x04, 0x04, 0x04,
    0x04, 0x04, 0x04, 0x04, 0x04, 0x04, 0x04, 0x04, 0x04, 0x04, 0x04, 0x04, 0x04, 0x04, 0x04, 0x04,
    0x03, 0x03, 0x03, 0x03, 0x03, 0x03, 0x03, 0x03, 0x03, 0x03, 0x03, 0x03, 0x03, 0x03, 0x03, 0x03,
    0x03, 0x03, 0x04, 0x75, 0x37, 0x05, 0x38, 0x06, 0x38, 0x05, 0x38, 0x77, 0x39, 0x05, 0x3A, 0x06,
    0x3B, 0x07, 0x09, 0x0A, 0x0A, 0x7B, 0x04, 0x54, 0x02, 0x02, 0x03, 0x35, 0x75, 0x04, 0x36, 0x04,
    0x04, 0x0F, 0x0F, 0x0F, 0x0F, 0x0F, 0x0F, 0x0F, 0x0F, 0x3F, 0x5C, 0x3F, 0x5C, 0x5C, 0x3F, 0x5C,
    0x3F, 0x5C, 0x3F, 0x5C, 0x3F, 0x5C, 0x3F, 0x5C, 0x3F, 0x5C, 0x3F, 0x5C, 0x3F, 0x5B, 0x3F, 0x5C,
    0x3F, 0x5B, 0x5B, 0x3F, 0x5B, 0x3F, 0x5C, 0x3F, 0x5B, 0x3F, 0x5B, 0x3F, 0x5B, 0x3F, 0x3E, 0x0F,
    0x0F, 0x0F, 0x0F, 0x0F, 0x0F, 0x0F, 0x0F, 0x0F, 0x3E, 0x3E, 0x5A, 0x0F, 0x0F, 0x3E, 0x5C, 0x0F,
    0x0F, 0x5C, 0x3E, 0x5A, 0x3E, 0x3E, 0x5A, 0x3E, 0x5A, 0x3E, 0x5A, 0x3E, 0x5B, 0x0F, 0x0F, 0x0F,
    0x0F, 0x0F, 0x0F, 0x0F, 0x0F, 0x0F, 0x3C, 0x3C, 0x59, 0x0F, 0x0F, 0x0F, 0x0F, 0x0F, 0x0F, 0x0F,
    0x0F, 0x0F, 0x0F, 0x0F, 0x0B, 0x0F, 0x0F, 0x0F, 0x39, 0x58, 0x3B, 0x3B, 0x3A, 0x3B, 0x57, 0x3A,
    0x58, 0x3B, 0x57, 0x3A, 0x57, 0x0F, 0x0F, 0x0F, 0x0F, 0x0F, 0x0F, 0x0F, 0x09, 0x36, 0x35, 0x35,
    0x54, 0x35, 0x35, 0x35, 0x35, 0x35, 0x05, 0x0F, 0x0F, 0x0F, 0x0F, 0x0F, 0x0F, 0x09, 0x05, 0x05,
    0x37, 0x05, 0x04, 0x04, 0x04, 0x04, 0x04, 0x04, 0x04, 0x03, 0x03, 0x03, 0x03, 0x03, 0x03, 0x03,
    0x03, 0x03, 0x03, 0x03, 0x04, 0x04, 0x04, 0x04, 0x04, 0x04, 0x03, 0x04, 0x04, 0x04, 0x04, 0x03,
    0x04, 0x04, 0x04, 0x04, 0x04, 0x04, 0x04, 0x04, 0x04, 0x04, 0x03, 0x04, 0x04, 0x04, 0x04, 0x04,
    0x03, 0x03, 0x03, 0x03, 0x02, 0x03, 0x02, 0x03, 0x03, 0x03, 0x03, 0x03, 0x03, 0x03, 0x03, 0x03,
    0x03, 0x75, 0x36, 0x04, 0x38, 0x05, 0x38, 0x05, 0x38, 0x77, 0x38, 0x05, 0x38, 0x05, 0x39, 0x78,
    0x07, 0x7A, 0x09, 0x09, 0x09, 0x07, 0x04, 0x35, 0x03, 0x33, 0x02, 0x03, 0x35, 0x03, 0x03, 0x03,
    0x75, 0x03, 0x0F, 0x0F, 0x0F, 0x0F, 0x0F, 0x0F, 0x0F, 0x0B, 0x3F, 0x5C, 0x3F, 0x5C, 0x3F, 0x5C,
    0x3F, 0x5C, 0x5B, 0x3F, 0x5C, 0x3F, 0x5C, 0x3F, 0x5C, 0x3F, 0x5C, 0x3F, 0x5B, 0x3F, 0x5C, 0x3F,
    0x5B, 0x3F, 0x5C, 0x3F, 0x5B, 0x3F, 0x5B, 0x5B, 0x3F, 0x5B, 0x3F, 0x5B, 0x3F, 0x5B, 0x5B, 0x3F,
    0x0F, 0x0F, 0x0F, 0x0F, 0x0F, 0x0F, 0x0F, 0x3E, 0x5B, 0x5B, 0x3E, 0x0E, 0x0F, 0x0F, 0x0F, 0x0F,
    0x0F, 0x3E, 0x3E, 0x5A, 0x3E, 0x5A, 0x3E, 0x59, 0x3E, 0x3C, 0x5A, 0x3C, 0x3C, 0x5A, 0x3C, 0x0D,
    0x0F, 0x0F, 0x0F, 0x0F, 0x0F, 0x0C, 0x3E, 0x59, 0x0F, 0x0F, 0x0F, 0x0F, 0x0F, 0x0F, 0x0F, 0x0F,
    0x0F, 0x0F, 0x3B, 0x0C, 0x0E, 0x3C, 0x0F, 0x0F, 0x0B, 0x3C, 0x39, 0x58, 0x3A, 0x39, 0x3B, 0x39,
    0x39, 0x3A, 0x39, 0x39, 0x3A, 0x39, 0x39, 0x0F, 0x0F, 0x0F, 0x0F, 0x0F, 0x0F, 0x0F, 0x35, 0x35,
    0x35, 0x35, 0x35, 0x35, 0x35, 0x35, 0x0F, 0x0F, 0x0F, 0x0F, 0x0F, 0x0F, 0x0F, 0x04, 0x38, 0x05,
    0x05, 0x39, 0x05, 0x38, 0x05, 0x04, 0x04, 0x04, 0x04, 0x04, 0x04, 0x03, 0x03, 0x03, 0x03, 0x03,
    0x03, 0x03, 0x03, 0x04, 0x03, 0x04, 0x04, 0x04, 0x04, 0x04, 0x04, 0x04, 0x04, 0x36, 0x04, 0x04,
    0x04, 0x04, 0x04, 0x04, 0x04, 0x04, 0x04, 0x04, 0x04, 0x04, 0x04, 0x04, 0x04, 0x04, 0x04, 0x04,
    0x03, 0x03, 0x02, 0x03, 0x03, 0x03, 0x03, 0x02, 0x03, 0x02, 0x03, 0x02, 0x03, 0x02, 0x03, 0x03,
    0x03, 0x04, 0x04, 0x38, 0x05, 0x38, 0x05, 0x38, 0x05, 0x38, 0x05, 0x38, 0x04, 0x38, 0x05, 0x3B,
    0x3B, 0x08, 0x08, 0x0A, 0x09, 0x3C, 0x05, 0x03, 0x02, 0x03, 0x34, 0x03, 0x02, 0x34, 0x03, 0x34,
    0x03, 0x03, 0x0F, 0x0F, 0x0F, 0x0F, 0x0F, 0x0F, 0x0F, 0x0F, 0x0F, 0x5C, 0x3F, 0x5B, 0x3F, 0x5C,
    0x3F, 0x5B, 0x3F, 0x5C, 0x3F, 0x5C, 0x3F, 0x5B, 0x3F, 0x5B, 0x3F, 0x5B, 0x3F, 0x5C, 0x3F, 0x5B,
    0x3F, 0x5B, 0x3F, 0x5B, 0x3F, 0x5B, 0x3F, 0x5B, 0x3F, 0x5B, 0x3E, 0x5B, 0x3E, 0x5B, 0x3F, 0x5B,
    0x3E, 0x5D, 0x0F, 0x0F, 0x0F, 0x0F, 0x0F, 0x0F, 0x0F, 0x0F, 0x0F, 0x0F, 0x0F, 0x0F, 0x0F, 0x3E,
    0x5A, 0x3E, 0x5A, 0x3E, 0x5A, 0x3D, 0x5A, 0x3E, 0x59, 0x3E, 0x3C, 0x5A, 0x3E, 0x3C, 0x5A, 0x3E,
    0x59, 0x3C, 0x0F, 0x0F, 0x0F, 0x0F, 0x0F, 0x0F, 0x0F, 0x0F, 0x0F, 0x0F, 0x0F, 0x0F, 0x0F, 0x0F,
    0x0F, 0x0F, 0x0B, 0x5D, 0x3C, 0x58, 0x5B, 0x0F, 0x3E, 0x58, 0x3B, 0x3A, 0x3B, 0x58, 0x39, 0x58,
    0x3B, 0x39, 0x57, 0x3B, 0x39, 0x39, 0x39, 0x39, 0x0F, 0x0F, 0x0F, 0x0F, 0x0F, 0x0F, 0x0F, 0x35,
    0x35, 0x35, 0x35, 0x35, 0x35, 0x08, 0x0F, 0x0F, 0x0F, 0x0F, 0x0F, 0x0F, 0x08, 0x36, 0x05, 0x39,
    0x06, 0x39, 0x06, 0x05, 0x39, 0x05, 0x05, 0x04, 0x05, 0x04, 0x05, 0x04, 0x04, 0x04, 0x03, 0x03,
    0x03, 0x03, 0x03, 0x04, 0x36, 0x04, 0x04, 0x37, 0x04, 0x04, 0x37, 0x05, 0x04, 0x05, 0x04, 0x05,
    0x37, 0x05, 0x04, 0x38, 0x05, 0x04, 0x38, 0x05, 0x04, 0x04, 0x04, 0x04, 0x38, 0x05, 0x38, 0x05,
    0x03, 0x04, 0x03, 0x04, 0x03, 0x03, 0x04, 0x03, 0x04, 0x03, 0x04, 0x03, 0x04, 0x04, 0x04, 0x04,
    0x38, 0x05, 0x38, 0x05, 0x38, 0x05, 0x38, 0x05, 0x37, 0x05, 0x37, 0x04, 0x38, 0x05, 0x39, 0x06,
    0x06, 0x07, 0x09, 0x09, 0x0A, 0x08, 0x77, 0x04, 0x35, 0x03, 0x03, 0x03, 0x03, 0x03, 0x02, 0x02,
    0x34, 0x02, 0x02, 0x0F, 0x0F, 0x0F, 0x0F, 0x0F, 0x0F, 0x0F, 0x0F, 0x0F, 0x3F, 0x5C, 0x3F, 0x5B,
    0x3F, 0x5C, 0x3F, 0x5B, 0x3F, 0x5B, 0x3F, 0x5B, 0x3F, 0x5C, 0x5B, 0x3F, 0x5B, 0x3F, 0x5B, 0x3F,
    0x5B, 0x3F, 0x5B, 0x3F, 0x5B, 0x3F, 0x5B, 0x3F, 0x5B, 0x3E, 0x5C, 0x3E, 0x5B, 0x3F, 0x5B, 0x3E,
    0x5B, 0x3E, 0x5B, 0x3E, 0x0F, 0x0F, 0x0F, 0x0F, 0x0F, 0x0F, 0x0F, 0x0F, 0x0F, 0x3E, 0x5A, 0x3E,
    0x5A, 0x3E, 0x5A, 0x3E, 0x3C, 0x5A, 0x3E, 0x3C, 0x5A, 0x3C, 0x5A, 0x3D, 0x59, 0x3C, 0x3C, 0x59,
    0x3E, 0x59, 0x3C, 0x59, 0x3E, 0x3C, 0x5B, 0x0F, 0x0F, 0x0F, 0x0F, 0x0F, 0x0F, 0x0F, 0x0F, 0x0F,
    0x3B, 0x0F, 0x0F, 0x0F, 0x0F, 0x0F, 0x0F, 0x0F, 0x3B, 0x3A, 0x39, 0x58, 0x3A, 0x3A, 0x3A, 0x3A,
    0x39, 0x39, 0x3A, 0x39, 0x39, 0x57, 0x39, 0x39, 0x39, 0x58, 0x0F, 0x0F, 0x0F, 0x0F, 0x0F, 0x0F,
    0x06, 0x35, 0x35, 0x35, 0x34, 0x0F, 0x0F, 0x0F, 0x0F, 0x0F, 0x0F, 0x0F, 0x03, 0x03, 0x04, 0x36,
    0x05, 0x05, 0x3B, 0x07, 0x06, 0x3A, 0x06, 0x39, 0x06, 0x05, 0x05, 0x05, 0x05, 0x04, 0x05, 0x04,
    0x37, 0x05, 0x36, 0x05, 0x04, 0x05, 0x38, 0x06, 0x05, 0x05, 0x05, 0x39, 0x05, 0x05, 0x39, 0x05,
    0x05, 0x39, 0x06, 0x05, 0x39, 0x06, 0x05, 0x39, 0x06, 0x39, 0x06, 0x3A, 0x06, 0x06, 0x06, 0x3A,
    0x05, 0x05, 0x05, 0x04, 0x05, 0x05, 0x05, 0x04, 0x05, 0x04, 0x05, 0x04, 0x05, 0x05, 0x05, 0x05,
    0x06, 0x3A, 0x06, 0x05, 0x38, 0x05, 0x38, 0x05, 0x38, 0x05, 0x38, 0x05, 0x38, 0x05, 0x39, 0x39,
    0x07, 0x3C, 0x09, 0x0A, 0x09, 0x07, 0x39, 0x04, 0x03, 0x03, 0x03, 0x35, 0x03, 0x35, 0x03, 0x03,
    0x02, 0x34, 0x02, 0x0E, 0x0F, 0x0F, 0x0F, 0x0F, 0x0F, 0x0F, 0x0F, 0x0F, 0x0F, 0x0F, 0x5B, 0x3F,
    0x5B, 0x3F, 0x5B, 0x3F, 0x5B, 0x3F, 0x5C, 0x3F, 0x5B, 0x3F, 0x5B, 0x3F, 0x5B, 0x3F, 0x5B, 0x3F,
    0x5B, 0x3F, 0x5B, 0x3E, 0x5B, 0x3F, 0x5B, 0x3E, 0x5B, 0x3F, 0x5B, 0x3F, 0x5B, 0x3E, 0x5B, 0x3E,
    0x5B, 0x3E, 0x3E, 0x5B, 0x3E, 0x5B, 0x3E, 0x5B, 0x3F, 0x5A, 0x3E, 0x3E, 0x5A, 0x3E, 0x5A, 0x3E,
    0x3E, 0x5A, 0x3E, 0x5A, 0x3E, 0x3C, 0x5A, 0x3E, 0x59, 0x3E, 0x3C, 0x5A, 0x3D, 0x5A, 0x3C, 0x3C,
    0x3C, 0x3C, 0x5A, 0x3C, 0x3C, 0x59, 0x3C, 0x0A, 0x0F, 0x0F, 0x0F, 0x0F, 0x0F, 0x0F, 0x0F, 0x59,
    0x0A, 0x0F, 0x0F, 0x3C, 0x3B, 0x3B, 0x0F, 0x0D, 0x3B, 0x58, 0x3B, 0x3A, 0x39, 0x58, 0x3A, 0x39,
    0x58, 0x3A, 0x39, 0x57, 0x3A, 0x39, 0x39, 0x39, 0x39, 0x36, 0x35, 0x0F, 0x0F, 0x0F, 0x0F, 0x0F,
    0x0F, 0x35, 0x35, 0x34, 0x0F, 0x0F, 0x0F, 0x0F, 0x0F, 0x0F, 0x0F, 0x0C, 0x35, 0x03, 0x35, 0x04,
    0x36, 0x05, 0x78, 0x3B, 0x07, 0x07, 0x3B, 0x07, 0x06, 0x3B, 0x07, 0x3A, 0x06, 0x3A, 0x06, 0x39,
    0x06, 0x05, 0x39, 0x05, 0x3A, 0x06, 0x06, 0x3A, 0x06, 0x3B, 0x06, 0x06, 0x3B, 0x06, 0x06, 0x3B,
    0x07, 0x06, 0x3B, 0x06, 0x06, 0x3B, 0x07, 0x39, 0x07, 0x3A, 0x07, 0x3B, 0x07, 0x3C, 0x07, 0x3B,
    0x05, 0x05, 0x06, 0x05, 0x06, 0x05, 0x05, 0x05, 0x05, 0x05, 0x05, 0x06, 0x05, 0x06, 0x3A, 0x07,
    0x3B, 0x07, 0x39, 0x05, 0x38, 0x05, 0x77, 0x39, 0x05, 0x39, 0x05, 0x39, 0x05, 0x39, 0x06, 0x3A,
    0x07, 0x07, 0x08, 0x0A, 0x7E, 0x08, 0x05, 0x04, 0x36, 0x04, 0x04, 0x03, 0x04, 0x03, 0x03, 0x35,
    0x03, 0x02, 0x33, 0x33, 0x0F, 0x0F, 0x0F, 0x0F, 0x0F, 0x0F, 0x0F, 0x0F, 0x0F, 0x0F, 0x0F, 0x0F,
    0x0C, 0x5C, 0x3F, 0x5B, 0x3F, 0x5B, 0x3E, 0x5B, 0x3F, 0x5B, 0x3F, 0x5B, 0x3F, 0x5B, 0x3E, 0x5B,
    0x3F, 0x5B, 0x3F, 0x5B, 0x3F, 0x5B, 0x3E, 0x5B, 0x3F, 0x5A, 0x3E, 0x5B, 0x3E, 0x5B, 0x3E, 0x5B,
    0x3E, 0x5B, 0x3E, 0x5B, 0x3E, 0x5A, 0x3E, 0x5A, 0x3E, 0x5A, 0x3E, 0x5A, 0x3E, 0x5A, 0x3E, 0x5A,
    0x3E, 0x59, 0x3E, 0x59, 0x3E, 0x5A, 0x3C, 0x5A, 0x3D, 0x59, 0x3E, 0x3C, 0x59, 0x3D, 0x5A, 0x3C,
    0x5A, 0x3C, 0x3C, 0x59, 0x3C, 0x3C, 0x3C, 0x3C, 0x0F, 0x0F, 0x0F, 0x0F, 0x0F, 0x0F, 0x0F, 0x3C,
    0x0F, 0x3C, 0x0F, 0x39, 0x58, 0x0F, 0x0F, 0x3A, 0x39, 0x3A, 0x39, 0x58, 0x3B, 0x39, 0x39, 0x39,
    0x3A, 0x39, 0x39, 0x39, 0x39, 0x39, 0x39, 0x39, 0x39, 0x35, 0x35, 0x35, 0x0F, 0x0F, 0x0F, 0x0F,
    0x0F, 0x0F, 0x35, 0x34, 0x0F, 0x0F, 0x0F, 0x0F, 0x0F, 0x0F, 0x0F, 0x02, 0x03, 0x03, 0x03, 0x75,
    0x03, 0x36, 0x04, 0x05, 0x39, 0x06, 0x07, 0x3B, 0x07, 0x3C, 0x07, 0x07, 0x3C, 0x07, 0x3B, 0x07,
    0x3A, 0x07, 0x3A, 0x06, 0x3A, 0x06, 0x3B, 0x06, 0x3B, 0x07, 0x3B, 0x06, 0x3B, 0x06, 0x3B, 0x06,
    0x3B, 0x06, 0x3A, 0x06, 0x3B, 0x06, 0x39, 0x06, 0x3A, 0x06, 0x3A, 0x07, 0x3A, 0x06, 0x3A, 0x06,
    0x06, 0x06, 0x05, 0x06, 0x05, 0x06, 0x39, 0x06, 0x06, 0x06, 0x05, 0x06, 0x3B, 0x07, 0x07, 0x3B,
    0x06, 0x78, 0x05, 0x38, 0x05, 0x38, 0x05, 0x39, 0x05, 0x39, 0x05, 0x39, 0x06, 0x39, 0x06, 0x3A,
    0x07, 0x3B, 0x09, 0x0A, 0x0A, 0x3E, 0x06, 0x04, 0x04, 0x36, 0x04, 0x03, 0x36, 0x03, 0x03, 0x03,
    0x03, 0x02, 0x02, 0x02, 0x34, 0x0F, 0x0F, 0x0F, 0x0F, 0x0F, 0x0F, 0x0F, 0x0F, 0x0F, 0x0F, 0x0F,
    0x0F, 0x0F, 0x0F, 0x0F, 0x5B, 0x3F, 0x5B, 0x3F, 0x5B, 0x3F, 0x5B, 0x3F, 0x5B, 0x3F, 0x5B, 0x3F,
    0x5B, 0x3E, 0x5B, 0x3E, 0x5B, 0x3E, 0x5B, 0x3F, 0x5B, 0x3E, 0x5B, 0x3E, 0x5B, 0x3E, 0x5B, 0x3E,
    0x5B, 0x3E, 0x5B, 0x3E, 0x5A, 0x3E, 0x3E, 0x5A, 0x3E, 0x5A, 0x3E, 0x5A, 0x3E, 0x5A, 0x3E, 0x59,
    0x3E, 0x5A, 0x3D, 0x3C, 0x5A, 0x3D, 0x3C, 0x3C, 0x5A, 0x3D, 0x59, 0x3C, 0x3C, 0x59, 0x3D, 0x3C,
    0x59, 0x3C, 0x59, 0x3C, 0x59, 0x3C, 0x59, 0x3C, 0x0C, 0x0F, 0x0F, 0x0F, 0x0F, 0x0F, 0x0F, 0x0F,
    0x3B, 0x3B, 0x0C, 0x0C, 0x0F, 0x0F, 0x0F, 0x0F, 0x0F, 0x58, 0x3B, 0x3A, 0x39, 0x39, 0x58, 0x3A,
    0x39, 0x57, 0x3A, 0x39, 0x39, 0x39, 0x56, 0x39, 0x36, 0x54, 0x35, 0x35, 0x0C, 0x0F, 0x0F, 0x0F,
    0x0F, 0x0F, 0x36, 0x0F, 0x0F, 0x0F, 0x0F, 0x0F, 0x0F, 0x0F, 0x03, 0x34, 0x03, 0x35, 0x03, 0x35,
    0x04, 0x03, 0x36, 0x04, 0x04, 0x38, 0x05, 0x39, 0x06, 0x06, 0x3A, 0x06, 0x06, 0x39, 0x06, 0x05,
    0x3A, 0x06, 0x39, 0x06, 0x39, 0x05, 0x39, 0x06, 0x78, 0x39, 0x06, 0x39, 0x06, 0x38, 0x06, 0x38,
    0x05, 0x39, 0x05, 0x39, 0x05, 0x78, 0x05, 0x38, 0x05, 0x05, 0x77, 0x05, 0x38, 0x05, 0x77, 0x55,
    0x05, 0x06, 0x05, 0x39, 0x06, 0x06, 0x06, 0x05, 0x05, 0x06, 0x3A, 0x07, 0x07, 0x3A, 0x07, 0x79,
    0x05, 0x39, 0x05, 0x05, 0x38, 0x05, 0x38, 0x06, 0x38, 0x06, 0x39, 0x06, 0x39, 0x06, 0x3A, 0x06,
    0x3B, 0x08, 0x09, 0x0A, 0x09, 0x08, 0x05, 0x36, 0x04, 0x04, 0x03, 0x04, 0x03, 0x04, 0x35, 0x03,
    0x03, 0x35, 0x02, 0x33, 0x02, 0x0F, 0x0F, 0x0F, 0x0F, 0x0F, 0x0F, 0x0F, 0x0F, 0x0F, 0x0F, 0x0F,
    0x0F, 0x0F, 0x0F, 0x0F, 0x0F, 0x0F, 0x0F, 0x0F, 0x5B, 0x3E, 0x5B, 0x3E, 0x5B, 0x3E, 0x5B, 0x3E,
    0x5B, 0x3E, 0x5B, 0x3F, 0x5B, 0x3E, 0x5B, 0x3E, 0x5B, 0x3E, 0x5B, 0x3E, 0x3E, 0x5B, 0x3E, 0x3E,
    0x5A, 0x3E, 0x3E, 0x5A, 0x3E, 0x5B, 0x3E, 0x5A, 0x3E, 0x3E, 0x5A, 0x3E, 0x5A, 0x3E, 0x3C, 0x5A,
    0x3E, 0x3C, 0x5A, 0x3E, 0x59, 0x3E, 0x5A, 0x3C, 0x3C, 0x5A, 0x3D, 0x5A, 0x3C, 0x3C, 0x59, 0x3C,
    0x3C, 0x59, 0x3C, 0x3C, 0x3C, 0x58, 0x3C, 0x58, 0x3C, 0x3C, 0x0F, 0x0F, 0x0F, 0x0F, 0x0F, 0x0F,
    0x0F, 0x0F, 0x0F, 0x0F, 0x0F, 0x3B, 0x0F, 0x0F, 0x0F, 0x0F, 0x0F, 0x0F, 0x0F, 0x0F, 0x09, 0x3C,
    0x39, 0x39, 0x39, 0x39, 0x57, 0x39, 0x39, 0x39, 0x36, 0x35, 0x35, 0x35, 0x35, 0x0F, 0x0F, 0x0F,
    0x0F, 0x0F, 0x0F, 0x0F, 0x0F, 0x0F, 0x0F, 0x0F, 0x0F, 0x0F, 0x34, 0x03, 0x03, 0x34, 0x03, 0x03,
    0x35, 0x04, 0x03, 0x36, 0x04, 0x04, 0x37, 0x05, 0x38, 0x05, 0x05, 0x38, 0x05, 0x05, 0x38, 0x05,
    0x05, 0x38, 0x05, 0x05, 0x05, 0x05, 0x05, 0x38, 0x06, 0x05, 0x05, 0x05, 0x05, 0x05, 0x38, 0x06,
    0x05, 0x05, 0x05, 0x05, 0x39, 0x06, 0x57, 0x06, 0x05, 0x39, 0x06, 0x57, 0x06, 0x05, 0x57, 0x06,
    0x06, 0x39, 0x06, 0x06, 0x06, 0x05, 0x05, 0x39, 0x06, 0x06, 0x06, 0x3A, 0x07, 0x79, 0x57, 0x05,
    0x38, 0x05, 0x37, 0x05, 0x38, 0x06, 0x05, 0x39, 0x06, 0x39, 0x06, 0x39, 0x06, 0x78, 0x39, 0x07,
    0x79, 0x07, 0x08, 0x0A, 0x09, 0x07, 0x39, 0x05, 0x03, 0x36, 0x04, 0x36, 0x04, 0x03, 0x03, 0x03,
    0x03, 0x03, 0x03, 0x02, 0x33, 0x02, 0x0F, 0x0F, 0x0F, 0x0F, 0x0F, 0x0F, 0x0F, 0x0F, 0x0F, 0x0F,
    0x0F, 0x0F, 0x0F, 0x0F, 0x0F, 0x0F, 0x0F, 0x0F, 0x0F, 0x0F, 0x0F, 0x0F, 0x0F, 0x0F, 0x0F, 0x5B,
    0x3F, 0x5B, 0x3E, 0x5B, 0x3E, 0x5B, 0x3E, 0x5B, 0x3E, 0x5B, 0x3E, 0x5B, 0x3E, 0x5A, 0x3E, 0x5B,
    0x3E, 0x5B, 0x3E, 0x5A, 0x3E, 0x5A, 0x3E, 0x5A, 0x3E, 0x5A, 0x3E, 0x5A, 0x3D, 0x5A, 0x3E, 0x3C,
    0x5A, 0x3E, 0x59, 0x3E, 0x59, 0x3C, 0x5A, 0x3C, 0x5A, 0x3D, 0x3C, 0x3C, 0x5A, 0x3C, 0x3C, 0x59,
    0x3C, 0x3C, 0x59, 0x3C, 0x58, 0x3C, 0x3C, 0x3C, 0x58, 0x3C, 0x3C, 0x3B, 0x0E, 0x0F, 0x0F, 0x0F,
    0x0F, 0x0F, 0x0F, 0x3C, 0x39, 0x3B, 0x58, 0x3A, 0x0F, 0x0F, 0x0F, 0x0F, 0x0F, 0x0F, 0x0F, 0x0F,
    0x0F, 0x0F, 0x0F, 0x0F, 0x0F, 0x0F, 0x0F, 0x0F, 0x0F, 0x0F, 0x0F, 0x0F, 0x34, 0x0F, 0x0F, 0x0F,
    0x0F, 0x0F, 0x0F, 0x0F, 0x0F, 0x0F, 0x0F, 0x0F, 0x0F, 0x02, 0x03, 0x35, 0x03, 0x03, 0x36, 0x04,
    0x03, 0x03, 0x04, 0x04, 0x05, 0x39, 0x06, 0x06, 0x06, 0x06, 0x3A, 0x07, 0x06, 0x3B, 0x07, 0x06,
    0x07, 0x06, 0x06, 0x3B, 0x07, 0x3B, 0x07, 0x07, 0x58, 0x07, 0x3B, 0x08, 0x3B, 0x08, 0x07, 0x07,
    0x3C, 0x08, 0x07, 0x08, 0x08, 0x07, 0x07, 0x07, 0x08, 0x07, 0x08, 0x08, 0x07, 0x08, 0x08, 0x07,
    0x06, 0x06, 0x06, 0x39, 0x06, 0x3A, 0x07, 0x06, 0x79, 0x3B, 0x07, 0x06, 0x39, 0x06, 0x38, 0x04,
    0x37, 0x05, 0x37, 0x05, 0x05, 0x38, 0x05, 0x39, 0x05, 0x39, 0x06, 0x78, 0x39, 0x06, 0x39, 0x06,
    0x3C, 0x07, 0x09, 0x09, 0x09, 0x08, 0x77, 0x04, 0x03, 0x04, 0x03, 0x03, 0x03, 0x35, 0x03, 0x54,
    0x03, 0x34, 0x03, 0x02, 0x02, 0x80, 0x0D, 0x0F, 0x0F, 0x0F, 0x0F, 0x0F, 0x0F, 0x0F, 0x0F, 0x0F,
    0x0F, 0x0F, 0x0F, 0x0F, 0x0F, 0x0F, 0x0F, 0x0F, 0x0F, 0x0F, 0x0F, 0x0F, 0x0F, 0x0F, 0x0F, 0x0F,
    0x0F, 0x0F, 0x0F, 0x0F, 0x0F, 0x0F, 0x0E, 0x3F, 0x5A, 0x3E, 0x3E, 0x5A, 0x3E, 0x5B, 0x3E, 0x5A,
    0x3E, 0x5A, 0x3E, 0x5A, 0x3E, 0x5A, 0x3E, 0x3E, 0x5A, 0x3E, 0x59, 0x3E, 0x3C, 0x5A, 0x3C, 0x5A,
    0x3E, 0x59, 0x3E, 0x3C, 0x5A, 0x3D, 0x3C, 0x5A, 0x3D, 0x59, 0x3C, 0x59, 0x3C, 0x59, 0x3C, 0x3C,
    0x59, 0x3C, 0x3C, 0x3C, 0x3C, 0x58, 0x3C, 0x58, 0x3C, 0x58, 0x3B, 0x58, 0x3C, 0x3B, 0x3B, 0x3B,
    0x58, 0x3B, 0x3B, 0x58, 0x3B, 0x39, 0x3B, 0x39, 0x3A, 0x39, 0x0F, 0x0F, 0x0F, 0x0F, 0x0F, 0x0F,
    0x0F, 0x0F, 0x0F, 0x0F, 0x0F, 0x0F, 0x0F, 0x0F, 0x0F, 0x0F, 0x0F, 0x0F, 0x0F, 0x0F, 0x0F, 0x0F,
    0x0F, 0x0F, 0x0F, 0x0F, 0x0F, 0x0F, 0x0F, 0x0F, 0x03, 0x34, 0x03, 0x03, 0x35, 0x04, 0x03, 0x36,
    0x04, 0x36, 0x04, 0x39, 0x07, 0x07, 0x07, 0x59, 0x08, 0x09, 0x09, 0x08, 0x08, 0x09, 0x09, 0x08,
    0x3E, 0x09, 0x08, 0x09, 0x08, 0x09, 0x08, 0x09, 0x09, 0x09, 0x09, 0x09, 0x0A, 0x09, 0x09, 0x09,
    0x09, 0x09, 0x5B, 0x0A, 0x09, 0x5B, 0x0A, 0x09, 0x5B, 0x0A, 0x09, 0x5B, 0x0A, 0x09, 0x5B, 0x0A,
    0x06, 0x3A, 0x06, 0x06, 0x3A, 0x07, 0x78, 0x3B, 0x07, 0x06, 0x39, 0x78, 0x05, 0x37, 0x04, 0x04,
    0x37, 0x05, 0x04, 0x38, 0x05, 0x38, 0x05, 0x38, 0x05, 0x78, 0x39, 0x05, 0x39, 0x05, 0x3A, 0x06,
    0x3B, 0x07, 0x09, 0x0A, 0x3F, 0x08, 0x05, 0x36, 0x03, 0x03, 0x35, 0x03, 0x03, 0x03, 0x03, 0x03,
    0x02, 0x03, 0x02, 0x33, 0x02, 0x02, 0x01, 0x0F, 0x0F, 0x0F, 0x0F, 0x0F, 0x0F, 0x0F, 0x0F, 0x0F,
    0x0F, 0x0F, 0x0F, 0x0F, 0x0F, 0x0F, 0x0F, 0x0F, 0x0F, 0x0F, 0x0F, 0x0F, 0x0F, 0x0F, 0x0F, 0x0F,
    0x0F, 0x0F, 0x0F, 0x0F, 0x0F, 0x0F, 0x0F, 0x0F, 0x0F, 0x0F, 0x0F, 0x0F, 0x0F, 0x0B, 0x3F, 0x5A,
    0x3E, 0x5A, 0x3E, 0x3E, 0x5A, 0x3E, 0x5A, 0x3C, 0x5A, 0x3E, 0x3C, 0x5A, 0x3E, 0x5A, 0x3E, 0x3C,
    0x5A, 0x3C, 0x59, 0x3C, 0x3C, 0x5A, 0x3C, 0x3C, 0x3C, 0x3C, 0x59, 0x3D, 0x3C, 0x3C, 0x59, 0x3C,
    0x3C, 0x59, 0x3C, 0x58, 0x3C, 0x3C, 0x58, 0x3C, 0x3B, 0x3B, 0x3B, 0x3B, 0x58, 0x3B, 0x58, 0x3B,
    0x3A, 0x3B, 0x57, 0x3B, 0x39, 0x58, 0x3A, 0x39, 0x58, 0x3A, 0x39, 0x39, 0x39, 0x0F, 0x0F, 0x0F,
    0x0F, 0x0F, 0x0F, 0x0F, 0x0F, 0x0F, 0x0F, 0x0F, 0x0F, 0x0F, 0x0F, 0x0F, 0x0F, 0x0F, 0x0F, 0x0F,
    0x0F, 0x0F, 0x0F, 0x0F, 0x0F, 0x0F, 0x0F, 0x0F, 0x03, 0x03, 0x35, 0x03, 0x03, 0x36, 0x04, 0x03,
    0x04, 0x04, 0x04, 0x06, 0x58, 0x07, 0x08, 0x09, 0x09, 0x3F, 0x0B, 0x09, 0x5C, 0x0A, 0x0A, 0x0A,
    0x0A, 0x0A, 0x5C, 0x0A, 0x0A, 0x5B, 0x0A, 0x0A, 0x5C, 0x0A, 0x09, 0x0A, 0x5C, 0x0A, 0x0A, 0x5C,
    0x0A, 0x0A, 0x0A, 0x09, 0x09, 0x0A, 0x0A, 0x0A, 0x0A, 0x3F, 0x0A, 0x0A, 0x09, 0x09, 0x09, 0x09,
    0x39, 0x06, 0x39, 0x06, 0x78, 0x39, 0x06, 0x05, 0x39, 0x05, 0x38, 0x04, 0x36, 0x04, 0x36, 0x04,
    0x04, 0x38, 0x05, 0x38, 0x05, 0x38, 0x77, 0x39, 0x05, 0x39, 0x05, 0x39, 0x05, 0x39, 0x06, 0x3A,
    0x07, 0x07, 0x08, 0x0A, 0x0A, 0x7B, 0x05, 0x04, 0x35, 0x03, 0x03, 0x03, 0x03, 0x53, 0x03, 0x35,
    0x03, 0x03, 0x53, 0x02, 0x02, 0x52, 0x02, 0x02, 0x0F, 0x0F, 0x0F, 0x0F, 0x0F, 0x0F, 0x0F, 0x0F,
    0x0F, 0x0F, 0x0F, 0x0F, 0x0F, 0x0F, 0x0F, 0x0F, 0x0F, 0x0F, 0x0F, 0x0F, 0x0F, 0x0F, 0x0F, 0x0F,
    0x0F, 0x0F, 0x0F, 0x0F, 0x0F, 0x0F, 0x0F, 0x0F, 0x0F, 0x0F, 0x0F, 0x0F, 0x0F, 0x0F, 0x0F, 0x0F,
    0x0F, 0x0E, 0x5A, 0x3C, 0x5A, 0x3E, 0x3C, 0x5A, 0x3E, 0x59, 0x3E, 0x5A, 0x3C, 0x3C, 0x5A, 0x3C,
    0x3C, 0x5A, 0x3E, 0x59, 0x3E, 0x3C, 0x59, 0x3C, 0x5A, 0x3C, 0x3C, 0x59, 0x3C, 0x59, 0x3C, 0x59,
    0x3C, 0x3B, 0x59, 0x3C, 0x58, 0x3C, 0x3B, 0x3B, 0x58, 0x3C, 0x58, 0x3B, 0x3B, 0x3B, 0x3B, 0x57,
    0x3B, 0x39, 0x3B, 0x39, 0x3B, 0x39, 0x3B, 0x39, 0x3B, 0x39, 0x39, 0x58, 0x3A, 0x39, 0x39, 0x39,
    0x39, 0x39, 0x0A, 0x0E, 0x0E, 0x0E, 0x0F, 0x0F, 0x0F, 0x0F, 0x0F, 0x0F, 0x0F, 0x0F, 0x0F, 0x0F,
    0x0F, 0x0F, 0x0F, 0x0F, 0x0F, 0x0F, 0x0F, 0x02, 0x35, 0x03, 0x03, 0x35, 0x04, 0x03, 0x36, 0x04,
    0x36, 0x04, 0x38, 0x05, 0x07, 0x3C, 0x08, 0x3E, 0x0A, 0x0A, 0x09, 0x09, 0x09, 0x09, 0x3F, 0x0A,
    0x5B, 0x09, 0x09, 0x09, 0x09, 0x09, 0x09, 0x3E, 0x0A, 0x09, 0x5A, 0x09, 0x09, 0x09, 0x08, 0x08,
    0x3E, 0x09, 0x5A, 0x09, 0x3E, 0x09, 0x3E, 0x09, 0x08, 0x08, 0x08, 0x3C, 0x09, 0x3C, 0x08, 0x3C,
    0x05, 0x77, 0x05, 0x38, 0x05, 0x05, 0x38, 0x05, 0x77, 0x05, 0x04, 0x04, 0x04, 0x37, 0x04, 0x38,
    0x04, 0x38, 0x04, 0x38, 0x04, 0x38, 0x05, 0x38, 0x05, 0x39, 0x05, 0x39, 0x05, 0x39, 0x06, 0x3A,
    0x06, 0x3C, 0x09, 0x09, 0x09, 0x08, 0x38, 0x04, 0x03, 0x03, 0x03, 0x54, 0x03, 0x03, 0x03, 0x03,
    0x03, 0x03, 0x02, 0x03, 0x33, 0x02, 0x02, 0x02, 0x03, 0x0F, 0x0F, 0x0F, 0x0F, 0x0F, 0x0F, 0x0F,
    0x0F, 0x0F, 0x0F, 0x0F, 0x0F, 0x0F, 0x0F, 0x0F, 0x0F, 0x0F, 0x0F, 0x0F, 0x0F, 0x0F, 0x0F, 0x0F,
    0x0F, 0x0F, 0x0F, 0x0F, 0x0F, 0x0F, 0x0F, 0x0F, 0x0F, 0x0F, 0x0F, 0x0F, 0x0F, 0x0F, 0x0F, 0x0F,
    0x0F, 0x0F, 0x0F, 0x0F, 0x0F, 0x0E, 0x3E, 0x5A, 0x3E, 0x59, 0x3E, 0x3C, 0x5A, 0x3C, 0x5A, 0x3E,
    0x59, 0x3D, 0x3C, 0x3C, 0x59, 0x3C, 0x59, 0x3C, 0x3C, 0x59, 0x3C, 0x3C, 0x59, 0x3C, 0x3C, 0x3C,
    0x58, 0x3C, 0x3B, 0x3B, 0x3B, 0x58, 0x3C, 0x58, 0x3B, 0x3B, 0x3B, 0x58, 0x3B, 0x58, 0x3B, 0x3B,
    0x58, 0x3B, 0x58, 0x3B, 0x57, 0x3B, 0x57, 0x3B, 0x57, 0x3A, 0x39, 0x3A, 0x39, 0x39, 0x57, 0x39,
    0x39, 0x39, 0x39, 0x39, 0x38, 0x36, 0x35, 0x35, 0x35, 0x37, 0x0F, 0x0F, 0x0F, 0x0F, 0x0F, 0x0F,
    0x0F, 0x0F, 0x0F, 0x0F, 0x0F, 0x0F, 0x03, 0x03, 0x02, 0x35, 0x03, 0x03, 0x36, 0x04, 0x75, 0x04,
    0x36, 0x04, 0x04, 0x38, 0x06, 0x06, 0x58, 0x08, 0x07, 0x59, 0x08, 0x3C, 0x08, 0x59, 0x08, 0x07,
    0x07, 0x3B, 0x07, 0x3C, 0x07, 0x3C, 0x07, 0x07, 0x07, 0x3B, 0x07, 0x06, 0x3C, 0x07, 0x3C, 0x07,
    0x07, 0x06, 0x06, 0x3B, 0x07, 0x06, 0x06, 0x58, 0x06, 0x3B, 0x07, 0x06, 0x57, 0x07, 0x06, 0x06,
    0x06, 0x06, 0x06, 0x79, 0x06, 0x06, 0x79, 0x06, 0x06, 0x78, 0x06, 0x78, 0x06, 0x04, 0x38, 0x05,
    0x76, 0x04, 0x38, 0x05, 0x38, 0x05, 0x38, 0x05, 0x39, 0x05, 0x39, 0x05, 0x39, 0x05, 0x39, 0x06,
    0x3B, 0x08, 0x09, 0x0A, 0x7D, 0x08, 0x05, 0x04, 0x04, 0x36, 0x04, 0x03, 0x04, 0x36, 0x04, 0x03,
    0x35, 0x03, 0x03, 0x34, 0x02, 0x02, 0x02, 0x01, 0x02, 0x0F, 0x0F, 0x0F, 0x0F, 0x0F, 0x0F, 0x0F,
    0x0F, 0x0F, 0x0F, 0x0F, 0x0F, 0x0F, 0x0F, 0x0F, 0x0F, 0x0F, 0x0F, 0x0F, 0x0F, 0x0F, 0x0F, 0x0F,
    0x0F, 0x0F, 0x0F, 0x0F, 0x0F, 0x0F, 0x0F, 0x0F, 0x0F, 0x0F, 0x0F, 0x0F, 0x0F, 0x0F, 0x0F, 0x0F,
    0x0F, 0x0F, 0x0F, 0x0F, 0x0F, 0x0F, 0x0F, 0x0F, 0x0F, 0x0C, 0x3E, 0x5A, 0x3C, 0x3C, 0x3C, 0x5A,
    0x3C, 0x59, 0x3C, 0x5A, 0x3C, 0x3C, 0x3C, 0x5A, 0x3C, 0x3C, 0x59, 0x3C, 0x3C, 0x58, 0x3C, 0x58,
    0x3C, 0x58, 0x3C, 0x58, 0x3C, 0x3B, 0x58, 0x3C, 0x3B, 0x58, 0x3B, 0x3B, 0x3B, 0x39, 0x58, 0x3A,
    0x3A, 0x39, 0x3B, 0x39, 0x3B, 0x39, 0x39, 0x39, 0x3A, 0x39, 0x57, 0x3A, 0x39, 0x39, 0x39, 0x39,
    0x39, 0x39, 0x39, 0x39, 0x54, 0x35, 0x35, 0x35, 0x35, 0x35, 0x35, 0x0F, 0x0F, 0x0F, 0x0F, 0x0F,
    0x0F, 0x0F, 0x0F, 0x0F, 0x0F, 0x08, 0x33, 0x03, 0x35, 0x03, 0x35, 0x03, 0x03, 0x36, 0x04, 0x36,
    0x04, 0x03, 0x04, 0x04, 0x38, 0x05, 0x05, 0x39, 0x06, 0x06, 0x57, 0x06, 0x39, 0x06, 0x05, 0x39,
    0x06, 0x05, 0x05, 0x57, 0x05, 0x05, 0x56, 0x05, 0x56, 0x05, 0x05, 0x38, 0x05, 0x05, 0x56, 0x05,
    0x38, 0x05, 0x38, 0x05, 0x05, 0x56, 0x05, 0x38, 0x05, 0x05, 0x55, 0x05, 0x04, 0x36, 0x04, 0x55,
    0x07, 0x7B, 0x08, 0x08, 0x07, 0x08, 0x07, 0x08, 0x7A, 0x08, 0x06, 0x3B, 0x06, 0x78, 0x04, 0x37,
    0x04, 0x38, 0x05, 0x37, 0x05, 0x38, 0x05, 0x38, 0x05, 0x39, 0x06, 0x38, 0x06, 0x39, 0x06, 0x3A,
    0x07, 0x7A, 0x09, 0x0A, 0x09, 0x08, 0x39, 0x04, 0x03, 0x03, 0x03, 0x03, 0x03, 0x03, 0x03, 0x03,
    0x03, 0x03, 0x03, 0x02, 0x02, 0x02, 0x02, 0x02, 0x02, 0x02, 0x0F, 0x0F, 0x0F, 0x0F, 0x0F, 0x0F,
    0x0F, 0x0F, 0x0F, 0x0F, 0x0F, 0x0F, 0x0F, 0x0F, 0x0D, 0x0C, 0x0D, 0x0F, 0x0F, 0x0F, 0x0F, 0x0F,
    0x0F, 0x0F, 0x0F, 0x0F, 0x0F, 0x0F, 0x0F, 0x0F, 0x0F, 0x0F, 0x0F, 0x0F, 0x0F, 0x0F, 0x0F, 0x0F,
    0x0F, 0x0F, 0x0F, 0x0F, 0x0F, 0x0F, 0x0F, 0x0F, 0x0F, 0x0F, 0x0F, 0x0F, 0x0F, 0x5A, 0x3C, 0x3C,
    0x3C, 0x5A, 0x3C, 0x3C, 0x59, 0x3C, 0x59, 0x3C, 0x59, 0x3C, 0x3C, 0x59, 0x3C, 0x3C, 0x58, 0x3C,
    0x3C, 0x3B, 0x58, 0x3C, 0x58, 0x3C, 0x3B, 0x3B, 0x58, 0x3B, 0x3B, 0x58, 0x3B, 0x58, 0x3B, 0x3A,
    0x58, 0x3B, 0x57, 0x3A, 0x57, 0x3B, 0x39, 0x57, 0x3A, 0x39, 0x3A, 0x39, 0x57, 0x39, 0x39, 0x39,
    0x39, 0x56, 0x39, 0x53, 0x35, 0x35, 0x35, 0x35, 0x35, 0x54, 0x35, 0x34, 0x0F, 0x0F, 0x0F, 0x0F,
    0x0F, 0x0F, 0x0F, 0x0F, 0x0F, 0x02, 0x02, 0x34, 0x03, 0x03, 0x03, 0x35, 0x04, 0x03, 0x35, 0x04,
    0x04, 0x37, 0x36, 0x05, 0x04, 0x38, 0x05, 0x05, 0x56, 0x05, 0x04, 0x05, 0x04, 0x05, 0x04, 0x05,
    0x55, 0x05, 0x04, 0x05, 0x04, 0x04, 0x05, 0x36, 0x05, 0x04, 0x04, 0x04, 0x04, 0x04, 0x04, 0x04,
    0x04, 0x04, 0x04, 0x04, 0x04, 0x04, 0x04, 0x04, 0x04, 0x36, 0x04, 0x04, 0x04, 0x04, 0x04, 0x04,
    0x08, 0x08, 0x07, 0x7B, 0x08, 0x7B, 0x07, 0x07, 0x07, 0x7A, 0x07, 0x79, 0x06, 0x38, 0x05, 0x36,
    0x04, 0x37, 0x04, 0x38, 0x05, 0x37, 0x05, 0x38, 0x05, 0x38, 0x05, 0x38, 0x05, 0x38, 0x06, 0x3A,
    0x07, 0x07, 0x09, 0x09, 0x09, 0x07, 0x05, 0x04, 0x03, 0x03, 0x35, 0x03, 0x03, 0x35, 0x03, 0x03,
    0x03, 0x35, 0x03, 0x02, 0x33, 0x02, 0x02, 0x02, 0x02, 0x02, 0x02, 0x0F, 0x0F, 0x0F, 0x0F, 0x0F,
    0x0F, 0x0F, 0x0F, 0x0F, 0x3E, 0x5A, 0x3E, 0x3E, 0x5B, 0x3F, 0x3E, 0x5B, 0x3E, 0x3E, 0x5A, 0x3E,
    0x5A, 0x3E, 0x5A, 0x3E, 0x5A, 0x3E, 0x59, 0x3F, 0x0E, 0x0F, 0x0F, 0x0F, 0x0F, 0x0F, 0x0F, 0x0F,
    0x0F, 0x0F, 0x0F, 0x0F, 0x0F, 0x0F, 0x0F, 0x0F, 0x0F, 0x0F, 0x0F, 0x0F, 0x0F, 0x0F, 0x0F, 0x0F,
    0x5A, 0x3D, 0x3C, 0x59, 0x3C, 0x3C, 0x59, 0x3C, 0x3C, 0x59, 0x3B, 0x3C, 0x58, 0x3C, 0x3C, 0x58,
    0x3C, 0x58, 0x3C, 0x3B, 0x3B, 0x58, 0x3B, 0x58, 0x3B, 0x3B, 0x57, 0x3B, 0x39, 0x3B, 0x39, 0x3B,
    0x39, 0x3A, 0x3A, 0x3A, 0x39, 0x39, 0x3B, 0x39, 0x39, 0x39, 0x57, 0x3A, 0x39, 0x39, 0x39, 0x39,
    0x39, 0x39, 0x35, 0x35, 0x35, 0x35, 0x35, 0x35, 0x35, 0x35, 0x34, 0x34, 0x0F, 0x0F, 0x0F, 0x0F,
    0x0F, 0x0F, 0x0F, 0x0F, 0x02, 0x03, 0x03, 0x03, 0x03, 0x34, 0x03, 0x03, 0x03, 0x03, 0x03, 0x36,
    0x04, 0x04, 0x04, 0x36, 0x04, 0x04, 0x04, 0x04, 0x05, 0x37, 0x05, 0x36, 0x04, 0x04, 0x36, 0x04,
    0x04, 0x04, 0x36, 0x04, 0x36, 0x04, 0x04, 0x04, 0x03, 0x36, 0x04, 0x03, 0x36, 0x04, 0x03, 0x36,
    0x04, 0x54, 0x03, 0x03, 0x36, 0x03, 0x35, 0x03, 0x03, 0x03, 0x03, 0x35, 0x03, 0x35, 0x03, 0x03,
    0x06, 0x79, 0x06, 0x06, 0x06, 0x06, 0x79, 0x06, 0x39, 0x06, 0x05, 0x39, 0x05, 0x04, 0x37, 0x04,
    0x37, 0x05, 0x37, 0x05, 0x37, 0x05, 0x38, 0x05, 0x38, 0x05, 0x38, 0x05, 0x39, 0x05, 0x39, 0x06,
    0x3B, 0x07, 0x08, 0x0A, 0x3F, 0x08, 0x05, 0x04, 0x35, 0x03, 0x03, 0x03, 0x03, 0x03, 0x03, 0x35,
    0x03, 0x03, 0x02, 0x53, 0x02, 0x02, 0x01, 0x02, 0x02, 0x02, 0x02, 0x03, 0x0F, 0x0F, 0x0F, 0x0F,
    0x0F, 0x0F, 0x0F, 0x0F, 0x3E, 0x5A, 0x3E, 0x5A, 0x3E, 0x5A, 0x3E, 0x5A, 0x3E, 0x5A, 0x3E, 0x5A,
    0x3E, 0x3C, 0x5A, 0x3E, 0x3C, 0x5A, 0x3E, 0x5A, 0x3E, 0x5A, 0x3E, 0x5A, 0x3E, 0x3C, 0x5D, 0x0F,
    0x0F, 0x0F, 0x0F, 0x0F, 0x0F, 0x0F, 0x0F, 0x0F, 0x0F, 0x0F, 0x0F, 0x0F, 0x0F, 0x0F, 0x0F, 0x0F,
    0x0F, 0x0F, 0x0E, 0x3C, 0x59, 0x3C, 0x3C, 0x59, 0x3C, 0x3B, 0x59, 0x3C, 0x3B, 0x58, 0x3C, 0x3B,
    0x3B, 0x3B, 0x58, 0x3B, 0x3B, 0x3B, 0x3B, 0x3B, 0x39, 0x3B, 0x3B, 0x57, 0x3B, 0x39, 0x58, 0x3A,
    0x39, 0x58, 0x3A, 0x39, 0x58, 0x3A, 0x39, 0x57, 0x3A, 0x39, 0x39, 0x39, 0x39, 0x39, 0x39, 0x56,
    0x39, 0x36, 0x35, 0x35, 0x35, 0x35, 0x35, 0x35, 0x35, 0x35, 0x35, 0x08, 0x0F, 0x0F, 0x0F, 0x0F,
    0x0F, 0x0F, 0x0F, 0x03, 0x02, 0x03, 0x02, 0x03, 0x03, 0x03, 0x03, 0x03, 0x35, 0x03, 0x03, 0x03,
    0x35, 0x03, 0x36, 0x04, 0x36, 0x04, 0x36, 0x04, 0x36, 0x04, 0x04, 0x04, 0x36, 0x04, 0x03, 0x03,
    0x03, 0x03, 0x03, 0x03, 0x03, 0x03, 0x53, 0x03, 0x03, 0x03, 0x03, 0x03, 0x03, 0x03, 0x03, 0x03,
    0x03, 0x03, 0x03, 0x03, 0x03, 0x03, 0x02, 0x03, 0x02, 0x03, 0x02, 0x03, 0x03, 0x02, 0x03, 0x02,
    0x04, 0x04, 0x04, 0x37, 0x77, 0x04, 0x37, 0x05, 0x77, 0x05, 0x77, 0x05, 0x37, 0x05, 0x04, 0x37,
    0x05, 0x37, 0x05, 0x37, 0x05, 0x77, 0x05, 0x38, 0x05, 0x38, 0x05, 0x38, 0x05, 0x38, 0x06, 0x3A,
    0x07, 0x7A, 0x09, 0x0A, 0x0A, 0x08, 0x05, 0x04, 0x03, 0x03, 0x03, 0x35, 0x03, 0x54, 0x03, 0x03,
    0x03, 0x54, 0x03, 0x02, 0x34, 0x02, 0x02, 0x02, 0x02, 0x02, 0x02, 0x02, 0x0F, 0x0F, 0x0F, 0x0F,
    0x0F, 0x0F, 0x0F, 0x0F, 0x5A, 0x3E, 0x5A, 0x3E, 0x5A, 0x3E, 0x5A, 0x3E, 0x59, 0x3E, 0x5A, 0x3E,
    0x5A, 0x3E, 0x3C, 0x5A, 0x3E, 0x5A, 0x3E, 0x59, 0x3E, 0x59, 0x3D, 0x3C, 0x5A, 0x3E, 0x59, 0x3E,
    0x59, 0x3E, 0x3C, 0x5C, 0x0F, 0x0F, 0x0F, 0x0F, 0x0F, 0x0F, 0x0F, 0x0F, 0x0F, 0x0F, 0x0F, 0x0F,
    0x0F, 0x0F, 0x0F, 0x0F, 0x0F, 0x3C, 0x58, 0x3C, 0x3C, 0x58, 0x3C, 0x58, 0x3C, 0x3B, 0x58, 0x3B,
    0x58, 0x3C, 0x3B, 0x58, 0x3B, 0x58, 0x3B, 0x58, 0x3B, 0x58, 0x3A, 0x3B, 0x57, 0x3B, 0x3A, 0x3B,
    0x39, 0x3B, 0x39, 0x39, 0x3A, 0x39, 0x39, 0x39, 0x39, 0x39, 0x39, 0x39, 0x39, 0x39, 0x38, 0x39,
    0x38, 0x36, 0x35, 0x35, 0x35, 0x35, 0x35, 0x53, 0x35, 0x35, 0x35, 0x0F, 0x0F, 0x0F, 0x0F, 0x0F,
    0x0F, 0x0F, 0x09, 0x02, 0x03, 0x03, 0x03, 0x03, 0x03, 0x03, 0x03, 0x02, 0x03, 0x02, 0x03, 0x36,
    0x04, 0x37, 0x05, 0x37, 0x05, 0x38, 0x05, 0x38, 0x05, 0x38, 0x05, 0x38, 0x04, 0x04, 0x03, 0x02,
    0x03, 0x02, 0x03, 0x02, 0x03, 0x03, 0x03, 0x03, 0x03, 0x03, 0x03, 0x03, 0x03, 0x03, 0x03, 0x03,
    0x03, 0x03, 0x03, 0x03, 0x03, 0x03, 0x03, 0x03, 0x03, 0x03, 0x03, 0x03, 0x03, 0x03, 0x03, 0x03,
    0x03, 0x35, 0x03, 0x03, 0x03, 0x03, 0x04, 0x03, 0x36, 0x04, 0x36, 0x04, 0x04, 0x37, 0x04, 0x38,
    0x05, 0x37, 0x05, 0x77, 0x39, 0x06, 0x06, 0x06, 0x78, 0x06, 0x38, 0x06, 0x77, 0x39, 0x06, 0x3A,
    0x06, 0x3C, 0x09, 0x09, 0x09, 0x07, 0x78, 0x04, 0x03, 0x03, 0x03, 0x03, 0x03, 0x36, 0x04, 0x36,
    0x04, 0x03, 0x35, 0x03, 0x02, 0x35, 0x03, 0x35, 0x03, 0x02, 0x02, 0x02, 0x02, 0x0F, 0x0F, 0x0F,
    0x0F, 0x0F, 0x0F, 0x0F, 0x0F, 0x3C, 0x3E, 0x59, 0x3E, 0x3C, 0x5A, 0x3E, 0x3C, 0x5A, 0x3E, 0x3C,
    0x5A, 0x3C, 0x5A, 0x3E, 0x5A, 0x3D, 0x3C, 0x5A, 0x3D, 0x3C, 0x5A, 0x3E, 0x59, 0x3C, 0x3C, 0x5A,
    0x3D, 0x59, 0x3C, 0x3C, 0x3C, 0x5A, 0x3C, 0x3C, 0x5A, 0x0F, 0x0F, 0x0F, 0x0F, 0x0F, 0x0F, 0x0F,
    0x0F, 0x0F, 0x0F, 0x0F, 0x0F, 0x0F, 0x0F, 0x0F, 0x3B, 0x3C, 0x3B, 0x3B, 0x58, 0x3C, 0x3B, 0x58,
    0x3C, 0x3B, 0x58, 0x3B, 0x3B, 0x3A, 0x3B, 0x39, 0x3B, 0x39, 0x3B, 0x39, 0x3B, 0x39, 0x58, 0x39,
    0x57, 0x3A, 0x57, 0x3A, 0x39, 0x57, 0x3A, 0x39, 0x39, 0x57, 0x39, 0x39, 0x56, 0x39, 0x39, 0x38,
    0x35, 0x54, 0x35, 0x35, 0x35, 0x53, 0x35, 0x35, 0x35, 0x34, 0x0F, 0x0F, 0x0F, 0x0F, 0x0F, 0x0F,
    0x0F, 0x0B, 0x02, 0x02, 0x03, 0x65, 0x05, 0x67, 0x05, 0x03, 0x03, 0x03, 0x03, 0x03, 0x04, 0x04,
    0x05, 0x39, 0x06, 0x39, 0x06, 0x06, 0x3A, 0x07, 0x06, 0x39, 0x06, 0x06, 0x05, 0x37, 0x04, 0x04,
    0x04, 0x04, 0x04, 0x04, 0x04, 0x04, 0x04, 0x04, 0x04, 0x04, 0x05, 0x04, 0x04, 0x04, 0x04, 0x04,
    0x05, 0x04, 0x05, 0x05, 0x05, 0x05, 0x05, 0x05, 0x04, 0x05, 0x04, 0x04, 0x04, 0x04, 0x04, 0x04,
    0x02, 0x03, 0x02, 0x03, 0x34, 0x03, 0x35, 0x04, 0x03, 0x36, 0x04, 0x38, 0x04, 0x37, 0x05, 0x76,
    0x36, 0x05, 0x37, 0x05, 0x06, 0x05, 0x06, 0x39, 0x06, 0x05, 0x38, 0x05, 0x38, 0x05, 0x39, 0x06,
    0x3A, 0x07, 0x08, 0x09, 0x09, 0x3C, 0x06, 0x04, 0x03, 0x35, 0x03, 0x35, 0x03, 0x03, 0x03, 0x03,
    0x35, 0x03, 0x02, 0x35, 0x03, 0x36, 0x04, 0x36, 0x03, 0x03, 0x03, 0x02, 0x34, 0x53, 0x0F, 0x0F,
    0x0F, 0x0F, 0x0F, 0x0F, 0x0F, 0x0F, 0x5A, 0x3E, 0x5A, 0x3E, 0x3C, 0x5A, 0x3E, 0x3C, 0x5A, 0x3C,
    0x3E, 0x5A, 0x3E, 0x59, 0x3D, 0x5A, 0x3D, 0x3C, 0x5A, 0x3E, 0x59, 0x3C, 0x3E, 0x5A, 0x3C, 0x3C,
    0x59, 0x3E, 0x59, 0x3C, 0x5A, 0x3D, 0x59, 0x3C, 0x3C, 0x3C, 0x3C, 0x59, 0x3E, 0x0F, 0x0F, 0x0F,
    0x0F, 0x0F, 0x0F, 0x0F, 0x0F, 0x0F, 0x0F, 0x0F, 0x0F, 0x0F, 0x58, 0x3C, 0x3B, 0x58, 0x3C, 0x3B,
    0x58, 0x3B, 0x3B, 0x39, 0x58, 0x3B, 0x58, 0x3B, 0x58, 0x3A, 0x58, 0x3B, 0x57, 0x3B, 0x39, 0x3B,
    0x39, 0x3A, 0x39, 0x39, 0x39, 0x39, 0x39, 0x57, 0x39, 0x39, 0x39, 0x39, 0x39, 0x38, 0x39, 0x54,
    0x35, 0x35, 0x35, 0x35, 0x35, 0x35, 0x35, 0x35, 0x34, 0x0F, 0x0F, 0x0F, 0x0F, 0x0F, 0x0F, 0x0F,
    0x0F, 0x02, 0x02, 0x03, 0x04, 0x68, 0x06, 0x06, 0x6A, 0x06, 0x05, 0x04, 0x04, 0x04, 0x04, 0x05,
    0x06, 0x06, 0x06, 0x06, 0x06, 0x06, 0x06, 0x06, 0x06, 0x06, 0x06, 0x05, 0x05, 0x06, 0x05, 0x05,
    0x05, 0x05, 0x05, 0x05, 0x05, 0x06, 0x05, 0x06, 0x06, 0x05, 0x05, 0x06, 0x06, 0x05, 0x06, 0x05,
    0x05, 0x06, 0x05, 0x05, 0x05, 0x05, 0x05, 0x06, 0x05, 0x06, 0x05, 0x06, 0x05, 0x05, 0x05, 0x05,
    0x03, 0x03, 0x03, 0x03, 0x03, 0x04, 0x04, 0x37, 0x06, 0x39, 0x06, 0x38, 0x06, 0x38, 0x05, 0x37,
    0x04, 0x04, 0x04, 0x04, 0x05, 0x06, 0x06, 0x07, 0x06, 0x05, 0x05, 0x76, 0x04, 0x38, 0x05, 0x39,
    0x06, 0x39, 0x07, 0x3D, 0x09, 0x08, 0x06, 0x37, 0x04, 0x03, 0x53, 0x03, 0x36, 0x04, 0x36, 0x03,
    0x03, 0x35, 0x03, 0x03, 0x37, 0x04, 0x38, 0x04, 0x04, 0x35, 0x03, 0x03, 0x36, 0x03, 0x36, 0x0F,
    0x0F, 0x0F, 0x0F, 0x0F, 0x0F, 0x0F, 0x0F, 0x3C, 0x59, 0x3C, 0x5A, 0x3E, 0x59, 0x3E, 0x5A, 0x3C,
    0x5A, 0x3C, 0x3C, 0x3C, 0x5A, 0x3D, 0x5A, 0x3C, 0x3C, 0x5A, 0x3D, 0x59, 0x3C, 0x59, 0x3E, 0x59,
    0x3D, 0x3C, 0x3C, 0x5A, 0x3C, 0x3C, 0x3C, 0x59, 0x3C, 0x5A, 0x3C, 0x3C, 0x59, 0x3C, 0x59, 0x3C,
    0x5A, 0x0F, 0x0F, 0x0F, 0x0F, 0x0F, 0x0F, 0x0F, 0x0F, 0x0F, 0x0F, 0x0F, 0x59, 0x3B, 0x3B, 0x3B,
    0x3B, 0x57, 0x3B, 0x3B, 0x3B, 0x39, 0x3B, 0x39, 0x3B, 0x39, 0x3A, 0x39, 0x3A, 0x39, 0x39, 0x39,
    0x57, 0x3A, 0x39, 0x57, 0x3A, 0x39, 0x39, 0x39, 0x39, 0x39, 0x39, 0x38, 0x38, 0x39, 0x35, 0x35,
    0x35, 0x35, 0x35, 0x35, 0x35, 0x35, 0x34, 0x35, 0x0F, 0x0F, 0x0F, 0x0F, 0x0F, 0x0F, 0x0F, 0x0F,
    0x04, 0x04, 0x05, 0x05, 0x07, 0x08, 0x08, 0x4B, 0x09, 0x08, 0x6B, 0x07, 0x06, 0x06, 0x06, 0x06,
    0x06, 0x06, 0x07, 0x07, 0x06, 0x07, 0x07, 0x06, 0x07, 0x06, 0x06, 0x07, 0x06, 0x06, 0x06, 0x06,
    0x05, 0x06, 0x06, 0x06, 0x06, 0x06, 0x06, 0x06, 0x06, 0x06, 0x06, 0x06, 0x06, 0x06, 0x06, 0x06,
    0x06, 0x06, 0x06, 0x06, 0x06, 0x06, 0x06, 0x06, 0x06, 0x06, 0x47, 0x06, 0x06, 0x06, 0x06, 0x06,
    0x05, 0x04, 0x04, 0x05, 0x04, 0x05, 0x05, 0x06, 0x05, 0x06, 0x06, 0x06, 0x05, 0x06, 0x05, 0x05,
    0x05, 0x04, 0x05, 0x05, 0x07, 0x07, 0x07, 0x6C, 0x08, 0x06, 0x05, 0x05, 0x38, 0x06, 0x39, 0x06,
    0x3A, 0x06, 0x06, 0x08, 0x7C, 0x3E, 0x07, 0x39, 0x05, 0x38, 0x05, 0x38, 0x05, 0x39, 0x05, 0x39,
    0x05, 0x38, 0x05, 0x39, 0x06, 0x39, 0x05, 0x38, 0x05, 0x38, 0x05, 0x38, 0x37, 0x05, 0x38, 0x04,
    0x0F, 0x0F, 0x0F, 0x0F, 0x0F, 0x0F, 0x0F, 0x0E, 0x3E, 0x5A, 0x3D, 0x59, 0x3E, 0x59, 0x3D, 0x5A,
    0x3D, 0x5A, 0x3C, 0x5A, 0x3D, 0x3C, 0x3C, 0x5A, 0x3C, 0x3C, 0x5A, 0x3D, 0x3C, 0x59, 0x3C, 0x3C,
    0x59, 0x3C, 0x59, 0x3C, 0x3C, 0x59, 0x3C, 0x3C, 0x59, 0x3C, 0x59, 0x3C, 0x3C, 0x3C, 0x3B, 0x3C,
    0x3C, 0x3B, 0x3C, 0x59, 0x0F, 0x0F, 0x0F, 0x0F, 0x0F, 0x0F, 0x0F, 0x0F, 0x0F, 0x0F, 0x08, 0x3C,
    0x58, 0x3B, 0x3B, 0x57, 0x3B, 0x58, 0x3A, 0x58, 0x39, 0x58, 0x3A, 0x57, 0x3B, 0x57, 0x3B, 0x39,
    0x3A, 0x39, 0x39, 0x3A, 0x39, 0x39, 0x39, 0x39, 0x39, 0x39, 0x38, 0x39, 0x39, 0x53, 0x35, 0x35,
    0x35, 0x35, 0x35, 0x34, 0x35, 0x34, 0x35, 0x0F, 0x0F, 0x0F, 0x0F, 0x0F, 0x0F, 0x0F, 0x0F, 0x05,
    0x05, 0x06, 0x07, 0x07, 0x08, 0x09, 0x0A, 0x0B, 0x0B, 0x0A, 0x0A, 0x08, 0x08, 0x07, 0x07, 0x08,
    0x07, 0x08, 0x07, 0x3C, 0x08, 0x3C, 0x07, 0x05, 0x06, 0x05, 0x06, 0x06, 0x07, 0x06, 0x06, 0x07,
    0x06, 0x06, 0x06, 0x06, 0x06, 0x07, 0x07, 0x06, 0x06, 0x06, 0x06, 0x88, 0x04, 0x04, 0x04, 0x04,
    0x88, 0x04, 0x05, 0x05, 0x88, 0x05, 0x05, 0x88, 0x05, 0x05, 0x05, 0x05, 0x88, 0x05, 0x04, 0x04,
    0x06, 0x05, 0x06, 0x05, 0x05, 0x06, 0x05, 0x06, 0x06, 0x06, 0x06, 0x06, 0x06, 0x05, 0x06, 0x06,
    0x06, 0x06, 0x07, 0x08, 0x09, 0x09, 0x0B, 0x0A, 0x09, 0x08, 0x08, 0x07, 0x07, 0x06, 0x3C, 0x08,
    0x07, 0x3A, 0x07, 0x07, 0x08, 0x09, 0x3E, 0x09, 0x3C, 0x07, 0x07, 0x3C, 0x08, 0x3C, 0x08, 0x3C,
    0x07, 0x3C, 0x07, 0x07, 0x3C, 0x07, 0x3B, 0x07, 0x3B, 0x06, 0x3B, 0x06, 0x3B, 0x39, 0x06, 0x39,
    0x07, 0x0F, 0x0F, 0x0F, 0x0F, 0x0F, 0x0F, 0x0F, 0x5A, 0x3E, 0x3C, 0x5A, 0x3C, 0x3C, 0x5A, 0x3D,
    0x3C, 0x3C, 0x5A, 0x3D, 0x59, 0x3C, 0x5A, 0x3C, 0x5A, 0x3C, 0x3C, 0x59, 0x3C, 0x3C, 0x5A, 0x3C,
    0x3C, 0x5A, 0x3C, 0x3C, 0x59, 0x3C, 0x59, 0x3C, 0x3C, 0x3C, 0x3C, 0x58, 0x3C, 0x59, 0x3B, 0x59,
    0x3B, 0x59, 0x3B, 0x3C, 0x3B, 0x3B, 0x0A, 0x0F, 0x0F, 0x0F, 0x0F, 0x0F, 0x0F, 0x0F, 0x0F, 0x0F,
    0x3A, 0x39, 0x3B, 0x3B, 0x57, 0x3B, 0x39, 0x3B, 0x39, 0x3A, 0x3A, 0x3A, 0x39, 0x3A, 0x39, 0x57,
    0x3A, 0x39, 0x39, 0x57, 0x39, 0x39, 0x57, 0x39, 0x38, 0x39, 0x38, 0x39, 0x54, 0x35, 0x35, 0x35,
    0x35, 0x35, 0x35, 0x35, 0x53, 0x35, 0x0E, 0x0F, 0x0F, 0x0F, 0x0F, 0x0F, 0x0F, 0x0F, 0x06, 0x59,
    0x07, 0x3C, 0x08, 0x59, 0x08, 0x08, 0x08, 0x08, 0x0A, 0x0B, 0x0C, 0x0B, 0x0C, 0x0B, 0x5E, 0x0B,
    0x3F, 0x3F, 0x0B, 0x5C, 0x0B, 0x3F, 0x09, 0x3F, 0x5A, 0x3F, 0x09, 0x3F, 0x5A, 0x3E, 0x08, 0x5A,
    0x08, 0x5A, 0x08, 0x5B, 0x08, 0x5A, 0x08, 0x5B, 0x3E, 0x09, 0x5A, 0x3E, 0x09, 0x5B, 0x3E, 0x09,
    0x3E, 0x59, 0x08, 0x3E, 0x59, 0x3C, 0x08, 0x3C, 0x59, 0x3C, 0x59, 0x3C, 0x3C, 0x08, 0x59, 0x3C,
    0x06, 0x06, 0x47, 0x06, 0x06, 0x06, 0x06, 0x06, 0x06, 0x07, 0x06, 0x06, 0x06, 0x06, 0x06, 0x06,
    0x07, 0x07, 0x09, 0x0A, 0x09, 0x09, 0x0A, 0x09, 0x0A, 0x09, 0x08, 0x07, 0x3B, 0x08, 0x08, 0x3C,
    0x09, 0x07, 0x06, 0x59, 0x08, 0x07, 0x08, 0x08, 0x07, 0x08, 0x08, 0x08, 0x08, 0x08, 0x08, 0x08,
    0x5B, 0x08, 0x07, 0x08, 0x07, 0x07, 0x07, 0x06, 0x07, 0x06, 0x07, 0x57, 0x07, 0x06, 0x05, 0x57,
    0x05, 0x05, 0x0F, 0x0F, 0x0F, 0x0F, 0x0F, 0x0F, 0x0F, 0x0B, 0x3E, 0x3C, 0x5A, 0x3C, 0x3C, 0x59,
    0x3C, 0x5A, 0x3C, 0x3C, 0x5A, 0x3D, 0x3C, 0x59, 0x3D, 0x59, 0x3C, 0x3C, 0x5A, 0x3C, 0x3C, 0x59,
    0x3C, 0x3C, 0x59, 0x3C, 0x3C, 0x3C, 0x3C, 0x59, 0x3C, 0x58, 0x3C, 0x3C, 0x58, 0x3C, 0x58, 0x3C,
    0x3B, 0x58, 0x3B, 0x58, 0x3C, 0x58, 0x3C, 0x3C, 0x58, 0x09, 0x0F, 0x0F, 0x0F, 0x0F, 0x0F, 0x0F,
    0x0F, 0x0F, 0x57, 0x3B, 0x3A, 0x39, 0x3B, 0x57, 0x3B, 0x39, 0x57, 0x3A, 0x39, 0x57, 0x3A, 0x39,
    0x39, 0x39, 0x39, 0x39, 0x39, 0x39, 0x39, 0x38, 0x39, 0x38, 0x56, 0x35, 0x35, 0x35, 0x35, 0x35,
    0x35, 0x34, 0x35, 0x35, 0x35, 0x0F, 0x0F, 0x0F, 0x0F, 0x0F, 0x0F, 0x0F, 0x0F, 0x57, 0x07, 0x3B,
    0x07, 0x59, 0x08, 0x3C, 0x09, 0x3E, 0x5A, 0x3E, 0x0A, 0x3F, 0x5B, 0x3F, 0x5C, 0x3F, 0x0A, 0x3F,
    0x0B, 0x5C, 0x3E, 0x0A, 0x3F, 0x0A, 0x3E, 0x0A, 0x09, 0x3E, 0x09, 0x5B, 0x0A, 0x09, 0x5C, 0x0D,
    0x3F, 0x0D, 0x0D, 0x0E, 0x0E, 0x0D, 0x0D, 0x0E, 0x0C, 0x5D, 0x0C, 0x09, 0x3F, 0x0B, 0x5B, 0x0A,
    0x3F, 0x0B, 0x3F, 0x0B, 0x09, 0x3F, 0x0B, 0x5D, 0x0B, 0x3F, 0x0B, 0x09, 0x5C, 0x09, 0x3F, 0x0B,
    0x06, 0x59, 0x08, 0x07, 0x05, 0x88, 0x05, 0x05, 0x88, 0x05, 0x57, 0x07, 0x58, 0x06, 0x57, 0x06,
    0x57, 0x06, 0x05, 0x05, 0x46, 0x06, 0x46, 0x05, 0x05, 0x05, 0x05, 0x05, 0x05, 0x56, 0x06, 0x06,
    0x06, 0x57, 0x06, 0x06, 0x06, 0x58, 0x06, 0x86, 0x58, 0x06, 0x58, 0x58, 0x06, 0x58, 0x86, 0x06,
    0x06, 0x05, 0x57, 0x06, 0x57, 0x06, 0x57, 0x06, 0x57, 0x05, 0x56, 0x06, 0x88, 0x04, 0x57, 0x05,
    0x56, 0x05, 0x06, 0x0F, 0x0F, 0x0F, 0x0F, 0x0F, 0x0F, 0x0F, 0x0B, 0x5A, 0x3D, 0x59, 0x3D, 0x3C,
    0x5A, 0x3C, 0x3C, 0x59, 0x3D, 0x59, 0x3C, 0x3C, 0x3C, 0x3C, 0x5A, 0x3C, 0x3C, 0x59, 0x3C, 0x3C,
    0x59, 0x3C, 0x3C, 0x59, 0x3C, 0x59, 0x3C, 0x58, 0x3C, 0x3C, 0x58, 0x3C, 0x3B, 0x3C, 0x3B, 0x58,
    0x3C, 0x3B, 0x3B, 0x3B, 0x58, 0x3C, 0x3B, 0x58, 0x3C, 0x3C, 0x3B, 0x3B, 0x0F, 0x0F, 0x0F, 0x0F,
    0x0F, 0x0F, 0x0F, 0x0F, 0x39, 0x58, 0x3A, 0x39, 0x39, 0x39, 0x3B, 0x39, 0x39, 0x3A, 0x39, 0x39,
    0x39, 0x57, 0x39, 0x39, 0x39, 0x39, 0x38, 0x39, 0x39, 0x39, 0x35, 0x35, 0x35, 0x35, 0x35, 0x35,
    0x35, 0x35, 0x53, 0x35, 0x0A, 0x0F, 0x0F, 0x0F, 0x0F, 0x0F, 0x0F, 0x0F, 0x06, 0x3C, 0x07, 0x3E,
    0x08, 0x3E, 0x08, 0x5A, 0x09, 0x08, 0x09, 0x5A, 0x09, 0x08, 0x09, 0x08, 0x09, 0x3E, 0x09, 0x3F,
    0x0A, 0x09, 0x3F, 0x0B, 0x3E, 0x09, 0x5C, 0x3F, 0x09, 0x5C, 0x09, 0x3F, 0x09, 0x3F, 0x09, 0x3F,
    0x0A, 0x3F, 0x5C, 0x3F, 0x3F, 0x3F, 0x3F, 0x5B, 0x3F, 0x09, 0x3E, 0x3E, 0x0A, 0x3E, 0x08, 0x3E,
    0x09, 0x5A, 0x0D, 0x0C, 0x0C, 0x5D, 0x0C, 0x0C, 0x3F, 0x0C, 0x3E, 0x0C, 0x0C, 0x3F, 0x09, 0x5A,
    0x06, 0x07, 0x57, 0x07, 0x57, 0x07, 0x06, 0x58, 0x07, 0x07, 0x06, 0x86, 0x07, 0x07, 0x06, 0x06,
    0x06, 0x57, 0x07, 0x86, 0x07, 0x07, 0x06, 0x06, 0x06, 0x06, 0x57, 0x06, 0x05, 0x06, 0x06, 0x58,
    0x07, 0x06, 0x07, 0x59, 0x06, 0x58, 0x08, 0x58, 0x08, 0x5A, 0x08, 0x5A, 0x07, 0x06, 0x58, 0x05,
    0x56, 0x88, 0x05, 0x05, 0x88, 0x55, 0x88, 0x05, 0x88, 0x05, 0x88, 0x04, 0x04, 0x04, 0x04, 0x04,
    0x04, 0x54, 0x04, 0x54, 0x0F, 0x0F, 0x0F, 0x0F, 0x0F, 0x0F, 0x0F, 0x5C, 0x3D, 0x3C, 0x59, 0x3C,
    0x3C, 0x59, 0x3C, 0x3C, 0x3C, 0x3C, 0x59, 0x3C, 0x59, 0x3C, 0x3C, 0x59, 0x3C, 0x3C, 0x59, 0x3C,
    0x3C, 0x59, 0x3C, 0x3B, 0x58, 0x3C, 0x3B, 0x3C, 0x58, 0x3C, 0x3B, 0x58, 0x3C, 0x58, 0x3B, 0x3B,
    0x58, 0x3B, 0x58, 0x3C, 0x3B, 0x39, 0x3B, 0x3B, 0x39, 0x3B, 0x57, 0x3B, 0x39, 0x3B, 0x59, 0x0F,
    0x0F, 0x0F, 0x0F, 0x0F, 0x0F, 0x0D, 0x39, 0x39, 0x58, 0x3A, 0x39, 0x57, 0x3A, 0x39, 0x39, 0x39,
    0x39, 0x39, 0x39, 0x39, 0x38, 0x39, 0x38, 0x38, 0x38, 0x53, 0x35, 0x35, 0x35, 0x35, 0x35, 0x34,
    0x35, 0x34, 0x35, 0x0F, 0x0F, 0x0F, 0x0F, 0x0F, 0x0F, 0x0F, 0x0F, 0x53, 0x03, 0x04, 0x55, 0x04,
    0x56, 0x07, 0x3C, 0x3E, 0x3E, 0x3F, 0x3F, 0x3E, 0x3F, 0x3F, 0x3B, 0x3E, 0x06, 0x3C, 0x07, 0x59,
    0x3C, 0x08, 0x3C, 0x07, 0x3B, 0x58, 0x08, 0x3C, 0x07, 0x3D, 0x3C, 0x08, 0x3E, 0x08, 0x3E, 0x08,
    0x3E, 0x08, 0x3E, 0x09, 0x3C, 0x09, 0x3C, 0x09, 0x3E, 0x08, 0x3E, 0x08, 0x3E, 0x09, 0x3F, 0x09,
    0x3F, 0x3E, 0x3F, 0x3F, 0x3E, 0x07, 0x3F, 0x3F, 0x09, 0x3F, 0x08, 0x3E, 0x3E, 0x08, 0x3B, 0x07,
    0x54, 0x04, 0x04, 0x26, 0x04, 0x56, 0x04, 0x04, 0x55, 0x55, 0x05, 0x57, 0x04, 0x55, 0x56, 0x03,
    0x58, 0x07, 0x39, 0x3B, 0x06, 0x57, 0x55, 0x55, 0x57, 0x04, 0x04, 0x26, 0x55, 0x03, 0x27, 0x04,
    0x03, 0x54, 0x03, 0x03, 0x04, 0x03, 0x04, 0x04, 0x04, 0x03, 0x04, 0x03, 0x04, 0x54, 0x04, 0x03,
    0x04, 0x04, 0x55, 0x04, 0x04, 0x05, 0x04, 0x55, 0x04, 0x55, 0x05, 0x55, 0x04, 0x55, 0x88, 0x04,
    0x54, 0x04, 0x25, 0x04, 0x0B, 0x0F, 0x0F, 0x0F, 0x0F, 0x0F, 0x0F, 0x0F, 0x0D, 0x3C, 0x3C, 0x5A,
    0x3C, 0x3C, 0x59, 0x3C, 0x59, 0x3C, 0x59, 0x3C, 0x3C, 0x59, 0x3C, 0x3C, 0x59, 0x3C, 0x3B, 0x59,
    0x3C, 0x3B, 0x58, 0x3C, 0x3C, 0x58, 0x3C, 0x58, 0x3C, 0x58, 0x3C, 0x3B, 0x58, 0x3C, 0x58, 0x3C,
    0x3B, 0x3B, 0x3B, 0x58, 0x3B, 0x58, 0x3B, 0x58, 0x3B, 0x58, 0x3B, 0x3B, 0x58, 0x3A, 0x3B, 0x39,
    0x09, 0x0F, 0x0F, 0x0F, 0x0F, 0x0F, 0x0F, 0x3A, 0x39, 0x39, 0x39, 0x39, 0x39, 0x39, 0x57, 0x39,
    0x39, 0x39, 0x39, 0x38, 0x39, 0x56, 0x39, 0x38, 0x54, 0x35, 0x35, 0x35, 0x35, 0x35, 0x34, 0x35,
    0x35, 0x35, 0x0F, 0x0F, 0x0F, 0x0F, 0x0F, 0x0F, 0x0F, 0x0F, 0x03, 0x03, 0x03, 0x03, 0x04, 0x03,
    0x04, 0x54, 0x04, 0x46, 0x05, 0x05, 0x08, 0x07, 0x08, 0x3E, 0x09, 0x3F, 0x5B, 0x3F, 0x3F, 0x09,
    0x3E, 0x3E, 0x07, 0x3C, 0x06, 0x3C, 0x07, 0x3C, 0x07, 0x3B, 0x07, 0x3B, 0x07, 0x3C, 0x06, 0x3C,
    0x58, 0x06, 0x3C, 0x07, 0x3C, 0x07, 0x3C, 0x07, 0x3E, 0x08, 0x3E, 0x08, 0x3E, 0x5A, 0x3C, 0x08,
    0x3E, 0x09, 0x08, 0x5A, 0x09, 0x3F, 0x08, 0x3E, 0x08, 0x3F, 0x58, 0x07, 0x3C, 0x5A, 0x3E, 0x3C,
    0x05, 0x54, 0x04, 0x55, 0x04, 0x03, 0x26, 0x04, 0x04, 0x26, 0x04, 0x03, 0x03, 0x03, 0x04, 0x03,
    0x04, 0x54, 0x04, 0x04, 0x53, 0x03, 0x04, 0x03, 0x04, 0x03, 0x03, 0x04, 0x03, 0x04, 0x04, 0x04,
    0x88, 0x03, 0x04, 0x55, 0x88, 0x04, 0x56, 0x04, 0x56, 0x05, 0x05, 0x55, 0x05, 0x04, 0x05, 0x55,
    0x05, 0x88, 0x04, 0x56, 0x88, 0x05, 0x55, 0x05, 0x05, 0x05, 0x88, 0x04, 0x04, 0x04, 0x04, 0x54,
    0x45, 0x04, 0x04, 0x03, 0x53, 0x0A, 0x0F, 0x0F, 0x0F, 0x0F, 0x0F, 0x0F, 0x0F, 0x0E, 0x3C, 0x59,
    0x3C, 0x59, 0x3C, 0x59, 0x3C, 0x3C, 0x3C, 0x59, 0x3C, 0x3C, 0x58, 0x3C, 0x58, 0x3C, 0x58, 0x3C,
    0x58, 0x3C, 0x3C, 0x58, 0x3C, 0x3B, 0x58, 0x3C, 0x3B, 0x3B, 0x58, 0x3B, 0x3B, 0x3B, 0x3B, 0x58,
    0x3B, 0x58, 0x3B, 0x3B, 0x3B, 0x39, 0x3B, 0x3B, 0x39, 0x3B, 0x39, 0x39, 0x3B, 0x39, 0x58, 0x3B,
    0x3B, 0x3A, 0x59, 0x0F, 0x0F, 0x0F, 0x0F, 0x0F, 0x39, 0x39, 0x39, 0x39, 0x57, 0x39, 0x39, 0x39,
    0x39, 0x38, 0x56, 0x39, 0x38, 0x39, 0x38, 0x35, 0x35, 0x35, 0x35, 0x35, 0x35, 0x34, 0x35, 0x35,
    0x34, 0x0F, 0x0F, 0x0F, 0x0F, 0x0F, 0x0F, 0x0F, 0x0F, 0x02, 0x53, 0x43, 0x54, 0x25, 0x03, 0x26,
    0x03, 0x04, 0x04, 0x04, 0x55, 0x04, 0x55, 0x54, 0x04, 0x57, 0x06, 0x3C, 0x07, 0x08, 0x3E, 0x3E,
    0x09, 0x3E, 0x5B, 0x3F, 0x09, 0x3F, 0x3E, 0x09, 0x3E, 0x08, 0x3C, 0x06, 0x3C, 0x06, 0x3B, 0x06,
    0x3B, 0x06, 0x3C, 0x07, 0x58, 0x3B, 0x07, 0x3C, 0x07, 0x3C, 0x59, 0x06, 0x3C, 0x08, 0x3B, 0x08,
    0x3C, 0x5A, 0x3E, 0x08, 0x3F, 0x3C, 0x07, 0x3D, 0x3E, 0x08, 0x3E, 0x3C, 0x08, 0x3E, 0x09, 0x3C,
    0x03, 0x03, 0x26, 0x04, 0x03, 0x03, 0x03, 0x55, 0x04, 0x04, 0x04, 0x54, 0x03, 0x04, 0x26, 0x03,
    0x04, 0x03, 0x04, 0x26, 0x04, 0x04, 0x04, 0x04, 0x04, 0x88, 0x54, 0x04, 0x88, 0x55, 0x05, 0x55,
    0x04, 0x55, 0x88, 0x05, 0x05, 0x55, 0x04, 0x88, 0x05, 0x56, 0x05, 0x05, 0x56, 0x88, 0x05, 0x88,
    0x55, 0x05, 0x05, 0x04, 0x56, 0x04, 0x88, 0x05, 0x88, 0x55, 0x04, 0x04, 0x88, 0x55, 0x05, 0x88,
    0x55, 0x04, 0x54, 0x44, 0x04, 0x25, 0x03, 0x0F, 0x0F, 0x0F, 0x0F, 0x0F, 0x0F, 0x0F, 0x0F, 0x3C,
    0x3C, 0x3C, 0x3C, 0x3C, 0x59, 0x3C, 0x58, 0x3C, 0x58, 0x3C, 0x3C, 0x58, 0x3C, 0x3C, 0x3B, 0x3C,
    0x3B, 0x58, 0x3C, 0x3B, 0x58, 0x3C, 0x3B, 0x3B, 0x58, 0x3B, 0x3B, 0x58, 0x3B, 0x58, 0x3B, 0x3B,
    0x3B, 0x39, 0x58, 0x3B, 0x58, 0x3B, 0x58, 0x39, 0x58, 0x3B, 0x57, 0x3B, 0x57, 0x3B, 0x39, 0x39,
    0x39, 0x3A, 0x3A, 0x3A, 0x0A, 0x0F, 0x0F, 0x0F, 0x0F, 0x0F, 0x57, 0x39, 0x39, 0x39, 0x39, 0x38,
    0x39, 0x39, 0x39, 0x38, 0x39, 0x38, 0x35, 0x35, 0x35, 0x35, 0x35, 0x34, 0x35, 0x35, 0x34, 0x53,
    0x0F, 0x0F, 0x0F, 0x0F, 0x0F, 0x0F, 0x0F, 0x0F, 0x02, 0x03, 0x03, 0x25, 0x04, 0x03, 0x03, 0x03,
    0x03, 0x26, 0x04, 0x25, 0x04, 0x44, 0x04, 0x03, 0x04, 0x03, 0x04, 0x04, 0x04, 0x54, 0x05, 0x05,
    0x55, 0x07, 0x3C, 0x08, 0x3E, 0x08, 0x3F, 0x3E, 0x3E, 0x3E, 0x5C, 0x3E, 0x08, 0x3E, 0x58, 0x3E,
    0x08, 0x3C, 0x07, 0x3C, 0x06, 0x3C, 0x06, 0x3C, 0x59, 0x07, 0x3B, 0x06, 0x3B, 0x06, 0x3B, 0x58,
    0x07, 0x3B, 0x07, 0x3A, 0x07, 0x3B, 0x07, 0x3C, 0x07, 0x3C, 0x07, 0x3C, 0x08, 0x3C, 0x06, 0x58,
    0x03, 0x04, 0x04, 0x03, 0x55, 0x04, 0x88, 0x05, 0x04, 0x88, 0x04, 0x05, 0x55, 0x05, 0x05, 0x55,
    0x88, 0x03, 0x05, 0x05, 0x04, 0x88, 0x54, 0x88, 0x55, 0x04, 0x04, 0x05, 0x54, 0x05, 0x88, 0x04,
    0x05, 0x04, 0x04, 0x55, 0x04, 0x88, 0x05, 0x05, 0x05, 0x05, 0x88, 0x05, 0x04, 0x55, 0x04, 0x05,
    0x04, 0x54, 0x88, 0x04, 0x05, 0x04, 0x55, 0x05, 0x55, 0x05, 0x04, 0x55, 0x04, 0x04, 0x55, 0x03,
    0x04, 0x04, 0x88, 0x55, 0x03, 0x04, 0x54, 0x03, 0x0F, 0x0F, 0x0F, 0x0F, 0x0F, 0x0F, 0x0F, 0x0F,
    0x59, 0x3C, 0x58, 0x3C, 0x3B, 0x59, 0x3C, 0x3C, 0x3C, 0x58, 0x3C, 0x3B, 0x58, 0x3C, 0x58, 0x3B,
    0x58, 0x3C, 0x58, 0x3B, 0x3B, 0x58, 0x3B, 0x58, 0x3C, 0x3B, 0x58, 0x3B, 0x3B, 0x3B, 0x58, 0x3A,
    0x58, 0x3B, 0x3B, 0x39, 0x3B, 0x39, 0x3B, 0x3B, 0x39, 0x3B, 0x39, 0x3B, 0x39, 0x39, 0x3B, 0x57,
    0x3A, 0x39, 0x57, 0x3A, 0x3A, 0x39, 0x0F, 0x0F, 0x0F, 0x0F, 0x0F, 0x39, 0x39, 0x39, 0x38, 0x39,
    0x38, 0x38, 0x38, 0x38, 0x39, 0x53, 0x35, 0x35, 0x35, 0x34, 0x35, 0x35, 0x35, 0x53, 0x34, 0x0F,
    0x0F, 0x0F, 0x0F, 0x0F, 0x0F, 0x0F, 0x0F, 0x53, 0x02, 0x25, 0x04, 0x03, 0x03, 0x25, 0x03, 0x04,
    0x55, 0x04, 0x04, 0x04, 0x04, 0x55, 0x03, 0x88, 0x55, 0x04, 0x54, 0x04, 0x04, 0x03, 0x03, 0x04,
    0x04, 0x55, 0x05, 0x04, 0x55, 0x05, 0x05, 0x07, 0x5A, 0x08, 0x3D, 0x08, 0x3E, 0x3C, 0x09, 0x3F,
    0x3E, 0x3E, 0x5A, 0x3D, 0x06, 0x3E, 0x58, 0x08, 0x3B, 0x06, 0x3C, 0x3C, 0x07, 0x3C, 0x07, 0x3B,
    0x06, 0x3B, 0x06, 0x3B, 0x07, 0x3C, 0x06, 0x58, 0x39, 0x07, 0x3B, 0x07, 0x3C, 0x06, 0x3C, 0x06,
    0x05, 0x86, 0x04, 0x04, 0x88, 0x06, 0x06, 0x57, 0x06, 0x07, 0x56, 0x88, 0x04, 0x88, 0x05, 0x05,
    0x04, 0x86, 0x05, 0x56, 0x04, 0x05, 0x05, 0x06, 0x05, 0x86, 0x05, 0x55, 0x88, 0x06, 0x05, 0x56,
    0x88, 0x04, 0x55, 0x88, 0x04, 0x04, 0x56, 0x06, 0x86, 0x08, 0x58, 0x06, 0x88, 0x07, 0x54, 0x06,
    0x88, 0x04, 0x07, 0x57, 0x88, 0x05, 0x06, 0x88, 0x06, 0x88, 0x06, 0x06, 0x86, 0x05, 0x07, 0x88,
    0x03, 0x55, 0x04, 0x04, 0x88, 0x04, 0x05, 0x04, 0x55, 0x0F, 0x0F, 0x0F, 0x0F, 0x0F, 0x0F, 0x0F,
    0x0F, 0x3B, 0x58, 0x3C, 0x58, 0x3C, 0x3B, 0x58, 0x3B, 0x3B, 0x58, 0x3C, 0x3B, 0x3B, 0x58, 0x3C,
    0x3B, 0x3B, 0x3B, 0x58, 0x3C, 0x3B, 0x3B, 0x3B, 0x58, 0x3B, 0x3B, 0x3B, 0x58, 0x3B, 0x3A, 0x3B,
    0x3A, 0x39, 0x58, 0x3B, 0x57, 0x3B, 0x57, 0x3A, 0x57, 0x3A, 0x39, 0x57, 0x3B, 0x57, 0x3A, 0x39,
    0x39, 0x39, 0x3A, 0x39, 0x39, 0x39, 0x39, 0x39, 0x0F, 0x0F, 0x0F, 0x0F, 0x39, 0x38, 0x39, 0x38,
    0x39, 0x38, 0x39, 0x36, 0x35, 0x35, 0x35, 0x35, 0x35, 0x35, 0x34, 0x35, 0x34, 0x35, 0x0F, 0x0F,
    0x0F, 0x0F, 0x0F, 0x0F, 0x0F, 0x0F, 0x03, 0x03, 0x03, 0x03, 0x54, 0x03, 0x26, 0x04, 0x54, 0x88,
    0x04, 0x88, 0x05, 0x27, 0x06, 0x88, 0x05, 0x06, 0x04, 0x88, 0x05, 0x88, 0x55, 0x88, 0x53, 0x03,
    0x05, 0x04, 0x04, 0x06, 0x06, 0x86, 0x06, 0x06, 0x07, 0x07, 0x05, 0x07, 0x5A, 0x07, 0x3C, 0x08,
    0x0A, 0x5A, 0x09, 0x3F, 0x09, 0x3E, 0x09, 0x3F, 0x3F, 0x0A, 0x3F, 0x09, 0x3F, 0x5A, 0x07, 0x3F,
    0x0A, 0x3C, 0x09, 0x3E, 0x07, 0x58, 0x3B, 0x07, 0x06, 0x3B, 0x07, 0x5B, 0x08, 0x3B, 0x06, 0x59,
    0x07, 0x07, 0x07, 0x86, 0x07, 0x58, 0x07, 0x88, 0x07, 0x87, 0x07, 0x07, 0x06, 0x57, 0x07, 0x86,
    0x07, 0x07, 0x07, 0x86, 0x06, 0x86, 0x07, 0x85, 0x06, 0x06, 0x06, 0x04, 0x07, 0x88, 0x06, 0x06,
    0x06, 0x87, 0x06, 0x06, 0x06, 0x86, 0x07, 0x07, 0x07, 0x86, 0x07, 0x06, 0x86, 0x06, 0x88, 0x05,
    0x58, 0x06, 0x88, 0x07, 0x06, 0x86, 0x06, 0x06, 0x06, 0x58, 0x06, 0x86, 0x07, 0x06, 0x86, 0x06,
    0x04, 0x04, 0x88, 0x05, 0x05, 0x56, 0x88, 0x05, 0x88, 0x04, 0x0F, 0x0F, 0x0F, 0x0F, 0x0F, 0x0F,
    0x0F, 0x0F, 0x0B, 0x3C, 0x3C, 0x58, 0x3B, 0x3C, 0x58, 0x3C, 0x3B, 0x58, 0x3B, 0x58, 0x3C, 0x3B,
    0x58, 0x3B, 0x3B, 0x3B, 0x58, 0x3B, 0x58, 0x3B, 0x3B, 0x39, 0x58, 0x3B, 0x39, 0x3B, 0x57, 0x3B,
    0x58, 0x3B, 0x3A, 0x39, 0x3B, 0x39, 0x3B, 0x39, 0x3B, 0x39, 0x3B, 0x39, 0x39, 0x3A, 0x39, 0x39,
    0x57, 0x3A, 0x39, 0x39, 0x39, 0x39, 0x39, 0x39, 0x39, 0x0F, 0x0F, 0x0F, 0x0F, 0x38, 0x39, 0x38,
    0x56, 0x38, 0x36, 0x54, 0x35, 0x35, 0x35, 0x34, 0x35, 0x34, 0x35, 0x34, 0x0A, 0x0F, 0x0F, 0x0F,
    0x0F, 0x0F, 0x0F, 0x0F, 0x0F, 0x04, 0x88, 0x04, 0x88, 0x05, 0x04, 0x88, 0x05, 0x06, 0x06, 0x05,
    0x05, 0x55, 0x06, 0x05, 0x05, 0x06, 0x86, 0x06, 0x54, 0x04, 0x55, 0x06, 0x06, 0x05, 0x05, 0x88,
    0x56, 0x06, 0x86, 0x06, 0x56, 0x06, 0x05, 0x57, 0x06, 0x86, 0x06, 0x06, 0x06, 0x06, 0x07, 0x58,
    0x3E, 0x09, 0x3C, 0x08, 0x3E, 0x08, 0x3F, 0x09, 0x5B, 0x0A, 0x3F, 0x5B, 0x09, 0x3F, 0x09, 0x3F,
    0x5C, 0x09, 0x3F, 0x5C, 0x09, 0x3E, 0x07, 0x3B, 0x5C, 0x08, 0x3E, 0x09, 0x5B, 0x08, 0x3E, 0x08,
    0x05, 0x86, 0x07, 0x07, 0x07, 0x86, 0x07, 0x07, 0x07, 0x07, 0x58, 0x07, 0x87, 0x07, 0x07, 0x05,
    0x86, 0x07, 0x87, 0x07, 0x06, 0x07, 0x06, 0x07, 0x88, 0x07, 0x86, 0x07, 0x86, 0x07, 0x57, 0x88,
    0x06, 0x07, 0x05, 0x86, 0x07, 0x07, 0x86, 0x07, 0x57, 0x07, 0x86, 0x08, 0x06, 0x06, 0x57, 0x06,
    0x88, 0x07, 0x06, 0x86, 0x06, 0x06, 0x58, 0x88, 0x06, 0x88, 0x07, 0x06, 0x88, 0x05, 0x05, 0x06,
    0x86, 0x05, 0x04, 0x57, 0x88, 0x05, 0x05, 0x05, 0x04, 0x55, 0x04, 0x0F, 0x0F, 0x0F, 0x0F, 0x0F,
    0x0F, 0x0F, 0x0F, 0x0C, 0x3C, 0x3B, 0x58, 0x3B, 0x3B, 0x58, 0x3B, 0x3B, 0x3B, 0x3B, 0x58, 0x3B,
    0x3B, 0x58, 0x3B, 0x58, 0x3B, 0x3B, 0x3A, 0x58, 0x3B, 0x3B, 0x39, 0x3B, 0x58, 0x3B, 0x3A, 0x39,
    0x3B, 0x39, 0x58, 0x3A, 0x39, 0x58, 0x3A, 0x39, 0x57, 0x3A, 0x57, 0x3A, 0x39, 0x39, 0x57, 0x3A,
    0x3A, 0x39, 0x39, 0x57, 0x39, 0x39, 0x57, 0x39, 0x39, 0x38, 0x0F, 0x0F, 0x0F, 0x0F, 0x38, 0x38,
    0x39, 0x35, 0x35, 0x35, 0x35, 0x35, 0x35, 0x34, 0x35, 0x35, 0x34, 0x0F, 0x0F, 0x0F, 0x0F, 0x0F,
    0x0F, 0x0F, 0x0F, 0x0F, 0x54, 0x05, 0x04, 0x56, 0x04, 0x55, 0x88, 0x05, 0x05, 0x88, 0x54, 0x88,
    0x06, 0x88, 0x04, 0x86, 0x06, 0x57, 0x06, 0x05, 0x88, 0x06, 0x88, 0x06, 0x88, 0x57, 0x06, 0x06,
    0x88, 0x04, 0x05, 0x06, 0x88, 0x06, 0x86, 0x07, 0x06, 0x06, 0x57, 0x06, 0x86, 0x06, 0x07, 0x07,
    0x06, 0x58, 0x08, 0x07, 0x06, 0x58, 0x08, 0x3C, 0x08, 0x3E, 0x09, 0x3C, 0x09, 0x3F, 0x0A, 0x3F,
    0x0A, 0x3F, 0x09, 0x3F, 0x0A, 0x3F, 0x0A, 0x3F, 0x0A, 0x3F, 0x09, 0x3F, 0x0A, 0x3C, 0x08, 0x5A,
    0x06, 0x07, 0x86, 0x06, 0x07, 0x06, 0x86, 0x07, 0x85, 0x05, 0x88, 0x07, 0x07, 0x07, 0x86, 0x06,
    0x07, 0x07, 0x07, 0x57, 0x06, 0x87, 0x06, 0x88, 0x06, 0x58, 0x08, 0x07, 0x06, 0x05, 0x07, 0x88,
    0x07, 0x58, 0x07, 0x06, 0x07, 0x86, 0x07, 0x06, 0x88, 0x07, 0x07, 0x57, 0x07, 0x86, 0x06, 0x06,
    0x05, 0x86, 0x06, 0x07, 0x57, 0x06, 0x07, 0x88, 0x06, 0x06, 0x86, 0x06, 0x06, 0x57, 0x88, 0x06,
    0x05, 0x88, 0x06, 0x06, 0x05, 0x88, 0x05, 0x86, 0x05, 0x88, 0x03, 0x54, 0x0F, 0x0F, 0x0F, 0x0F,
    0x0F, 0x0F, 0x0F, 0x0F, 0x0F, 0x3B, 0x3B, 0x58, 0x3B, 0x3B, 0x58, 0x3B, 0x58, 0x3B, 0x3B, 0x58,
    0x3B, 0x3B, 0x3B, 0x3A, 0x3B, 0x57, 0x3B, 0x3A, 0x39, 0x58, 0x3B, 0x39, 0x3B, 0x39, 0x58, 0x3B,
    0x57, 0x3B, 0x39, 0x3B, 0x39, 0x39, 0x39, 0x3B, 0x39, 0x39, 0x3A, 0x39, 0x57, 0x3A, 0x39, 0x39,
    0x39, 0x39, 0x39, 0x39, 0x39, 0x39, 0x38, 0x39, 0x38, 0x39, 0x38, 0x0F, 0x0F, 0x0F, 0x0F, 0x38,
    0x35, 0x35, 0x35, 0x35, 0x35, 0x34, 0x35, 0x35, 0x34, 0x33, 0x0F, 0x0F, 0x0F, 0x0F, 0x0F, 0x0F,
    0x0F, 0x0F, 0x05, 0x04, 0x88, 0x04, 0x05, 0x88, 0x05, 0x05, 0x06, 0x56, 0x05, 0x55, 0x05, 0x04,
    0x05, 0x57, 0x05, 0x05, 0x88, 0x05, 0x88, 0x06, 0x57, 0x06, 0x06, 0x58, 0x06, 0x06, 0x88, 0x05,
    0x56, 0x06, 0x86, 0x06, 0x56, 0x06, 0x05, 0x86, 0x06, 0x86, 0x06, 0x06, 0x06, 0x56, 0x88, 0x58,
    0x07, 0x06, 0x05, 0x57, 0x05, 0x07, 0x57, 0x07, 0x3B, 0x06, 0x07, 0x07, 0x07, 0x5B, 0x08, 0x5A,
    0x3E, 0x09, 0x3E, 0x08, 0x3F, 0x0A, 0x5C, 0x3F, 0x0A, 0x3F, 0x5C, 0x0A, 0x3F, 0x5C, 0x0A, 0x3F,
    0x06, 0x86, 0x08, 0x57, 0x87, 0x07, 0x06, 0x88, 0x07, 0x06, 0x07, 0x87, 0x06, 0x08, 0x86, 0x07,
    0x58, 0x86, 0x07, 0x88, 0x07, 0x06, 0x88, 0x57, 0x07, 0x06, 0x86, 0x06, 0x86, 0x06, 0x86, 0x07,
    0x06, 0x86, 0x07, 0x86, 0x06, 0x07, 0x58, 0x07, 0x05, 0x86, 0x07, 0x88, 0x07, 0x06, 0x07, 0x86,
    0x07, 0x06, 0x58, 0x07, 0x88, 0x06, 0x86, 0x06, 0x57, 0x05, 0x05, 0x86, 0x07, 0x06, 0x07, 0x86,
    0x06, 0x57, 0x06, 0x86, 0x05, 0x05, 0x05, 0x05, 0x05, 0x04, 0x04, 0x88, 0x04, 0x06, 0x0F, 0x0F,
    0x0F, 0x0F, 0x0F, 0x0F, 0x0F, 0x0F, 0x0A, 0x3C, 0x58, 0x3B, 0x3B, 0x3B, 0x3B, 0x58, 0x3B, 0x3A,
    0x3B, 0x57, 0x3B, 0x57, 0x3B, 0x3B, 0x39, 0x58, 0x3B, 0x3A, 0x57, 0x3B, 0x57, 0x3B, 0x39, 0x39,
    0x3A, 0x39, 0x39, 0x57, 0x3B, 0x39, 0x57, 0x39, 0x39, 0x57, 0x3A, 0x39, 0x39, 0x39, 0x39, 0x39,
    0x39, 0x57, 0x39, 0x39, 0x38, 0x39, 0x39, 0x38, 0x38, 0x38, 0x38, 0x38, 0x0F, 0x0F, 0x0F, 0x54,
    0x35, 0x35, 0x35, 0x34, 0x35, 0x35, 0x34, 0x35, 0x09, 0x0F, 0x0F, 0x0F, 0x0F, 0x0F, 0x0F, 0x0F,
    0x0F, 0x05, 0x55, 0x04, 0x04, 0x56, 0x88, 0x05, 0x05, 0x86, 0x05, 0x88, 0x05, 0x88, 0x05, 0x27,
    0x05, 0x88, 0x06, 0x06, 0x57, 0x07, 0x05, 0x06, 0x88, 0x05, 0x88, 0x06, 0x88, 0x06, 0x57, 0x06,
    0x88, 0x07, 0x05, 0x05, 0x88, 0x06, 0x06, 0x06, 0x06, 0x06, 0x57, 0x88, 0x07, 0x06, 0x06, 0x88,
    0x06, 0x86, 0x06, 0x05, 0x55, 0x88, 0x06, 0x06, 0x58, 0x06, 0x86, 0x58, 0x07, 0x06, 0x07, 0x08,
    0x08, 0x3E, 0x08, 0x5A, 0x08, 0x3E, 0x09, 0x3E, 0x0A, 0x3F, 0x09, 0x3F, 0x0A, 0x3F, 0x3F, 0x0A,
    0x07, 0x06, 0x07, 0x06, 0x06, 0x07, 0x85, 0x08, 0x06, 0x86, 0x07, 0x07, 0x86, 0x07, 0x06, 0x06,
    0x88, 0x05, 0x06, 0x07, 0x85, 0x06, 0x06, 0x07, 0x86, 0x07, 0x07, 0x07, 0x06, 0x58, 0x07, 0x06,
    0x86, 0x06, 0x07, 0x06, 0x56, 0x88, 0x07, 0x86, 0x06, 0x06, 0x57, 0x07, 0x88, 0x58, 0x06, 0x06,
    0x86, 0x05, 0x88, 0x07, 0x06, 0x86, 0x07, 0x06, 0x88, 0x06, 0x06, 0x06, 0x86, 0x06, 0x86, 0x05,
    0x05, 0x88, 0x05, 0x06, 0x86, 0x05, 0x86, 0x05, 0x56, 0x88, 0x05, 0x04, 0x56, 0x44, 0x54, 0x0F,
    0x0F, 0x0F, 0x0F, 0x0F, 0x0F, 0x0F, 0x0F, 0x0F, 0x3B, 0x39, 0x58, 0x3B, 0x39, 0x3B, 0x39, 0x58,
    0x3B, 0x3A, 0x3B, 0x39, 0x58, 0x3A, 0x3B, 0x39, 0x39, 0x3B, 0x39, 0x3B, 0x39, 0x39, 0x3B, 0x57,
    0x3A, 0x39, 0x3B, 0x39, 0x39, 0x39, 0x3A, 0x39, 0x39, 0x3A, 0x39, 0x39, 0x39, 0x39, 0x39, 0x57,
    0x39, 0x39, 0x38, 0x39, 0x38, 0x39, 0x38, 0x38, 0x39, 0x56, 0x39, 0x38, 0x38, 0x0F, 0x0F, 0x0F,
    0x35, 0x34, 0x35, 0x35, 0x34, 0x34, 0x34, 0x0F, 0x0F, 0x0F, 0x0F, 0x0F, 0x0F, 0x0F, 0x0F, 0x0F,
    0x54, 0x04, 0x88, 0x04, 0x88, 0x04, 0x05, 0x55, 0x06, 0x05, 0x05, 0x06, 0x56, 0x05, 0x05, 0x05,
    0x54, 0x05, 0x88, 0x05, 0x88, 0x06, 0x86, 0x06, 0x05, 0x57, 0x04, 0x05, 0x57, 0x06, 0x88, 0x05,
    0x05, 0x06, 0x86, 0x06, 0x07, 0x86, 0x05, 0x86, 0x06, 0x86, 0x06, 0x06, 0x57, 0x88, 0x06, 0x06,
    0x57, 0x06, 0x05, 0x88, 0x06, 0x05, 0x06, 0x86, 0x06, 0x05, 0x05, 0x05, 0x05, 0x57, 0x07, 0x58,
    0x07, 0x59, 0x07, 0x07, 0x58, 0x07, 0x07, 0x07, 0x5A, 0x08, 0x59, 0x09, 0x3F, 0x09, 0x5C, 0x3E,
    0x06, 0x0C, 0x0B, 0x0A, 0x0C, 0x0B, 0x0B, 0x0A, 0x88, 0x07, 0x06, 0x09, 0x07, 0x58, 0x0B, 0x09,
    0x07, 0x88, 0x57, 0x07, 0x06, 0x06, 0x86, 0x07, 0x07, 0x88, 0x06, 0x86, 0x06, 0x88, 0x07, 0x07,
    0x06, 0x86, 0x06, 0x86, 0x07, 0x06, 0x07, 0x07, 0x86, 0x06, 0x06, 0x86, 0x06, 0x06, 0x88, 0x05,
    0x05, 0x07, 0x88, 0x57, 0x06, 0x07, 0x06, 0x86, 0x07, 0x57, 0x88, 0x06, 0x06, 0x06, 0x06, 0x56,
    0x06, 0x06, 0x86, 0x06, 0x05, 0x06, 0x05, 0x88, 0x05, 0x05, 0x56, 0x88, 0x05, 0x03, 0x44, 0x04,
    0x0F, 0x0F, 0x0F, 0x0F, 0x0F, 0x0F, 0x0F, 0x0F, 0x0F, 0x5A, 0x3B, 0x39, 0x58, 0x3B, 0x3B, 0x39,
    0x3B, 0x57, 0x3B, 0x39, 0x3B, 0x57, 0x3A, 0x58, 0x3B, 0x57, 0x3A, 0x39, 0x57, 0x3B, 0x39, 0x39,
    0x39, 0x57, 0x39, 0x39, 0x57, 0x3A, 0x39, 0x57, 0x3A, 0x39, 0x39, 0x57, 0x39, 0x39, 0x39, 0x39,
    0x38, 0x39, 0x38, 0x39, 0x38, 0x38, 0x56, 0x39, 0x38, 0x38, 0x38, 0x35, 0x35, 0x55, 0x0F, 0x0F,
    0x04, 0x35, 0x35, 0x34, 0x35, 0x06, 0x0F, 0x0F, 0x0F, 0x0F, 0x0F, 0x0F, 0x0F, 0x0F, 0x0B, 0x04,
    0x44, 0x04, 0x04, 0x55, 0x04, 0x04, 0x88, 0x04, 0x88, 0x05, 0x86, 0x05, 0x88, 0x06, 0x88, 0x04,
    0x88, 0x05, 0x05, 0x56, 0x05, 0x05, 0x05, 0x86, 0x05, 0x88, 0x05, 0x88, 0x05, 0x05, 0x04, 0x88,
    0x57, 0x05, 0x05, 0x56, 0x06, 0x05, 0x04, 0x06, 0x57, 0x06, 0x05, 0x88, 0x06, 0x06, 0x86, 0x06,
    0x88, 0x05, 0x06, 0x57, 0x06, 0x86, 0x06, 0x06, 0x05, 0x86, 0x04, 0x56, 0x88, 0x06, 0x06, 0x05,
    0x06, 0x06, 0x57, 0x06, 0x06, 0x05, 0x58, 0x06, 0x06, 0x06, 0x06, 0x5A, 0x08, 0x07, 0x09, 0x3E,
    0x0E, 0x0D, 0x0E, 0x0D, 0x81, 0x0B, 0x0B, 0x0B, 0x09, 0x0D, 0x0B, 0x0A, 0x86, 0x07, 0x0C, 0x87,
    0x09, 0x0C, 0x06, 0x88, 0x05, 0x88, 0x07, 0x0A, 0x57, 0x0A, 0x09, 0x07, 0x0D, 0x09, 0x85, 0x08,
    0x07, 0x05, 0x05, 0x06, 0x86, 0x06, 0x86, 0x07, 0x06, 0x57, 0x06, 0x06, 0x06, 0x88, 0x56, 0x06,
    0x86, 0x06, 0x06, 0x88, 0x05, 0x86, 0x06, 0x06, 0x05, 0x88, 0x06, 0x57, 0x88, 0x06, 0x86, 0x06,
    0x88, 0x05, 0x06, 0x05, 0x86, 0x05, 0x57, 0x06, 0x88, 0x05, 0x05, 0x05, 0x88, 0x05, 0x55, 0x88,
    0x54, 0x08, 0x0F, 0x0F, 0x0F, 0x0F, 0x0F, 0x0F, 0x0F, 0x0F, 0x0F, 0x3B, 0x39, 0x58, 0x3A, 0x57,
    0x3B, 0x39, 0x57, 0x3B, 0x39, 0x3B, 0x39, 0x3A, 0x39, 0x3A, 0x39, 0x3B, 0x39, 0x39, 0x57, 0x3A,
    0x39, 0x3A, 0x39, 0x39, 0x39, 0x39, 0x39, 0x39, 0x39, 0x39, 0x39, 0x39, 0x39, 0x38, 0x39, 0x38,
    0x39, 0x38, 0x39, 0x38, 0x38, 0x39, 0x38, 0x38, 0x38, 0x38, 0x35, 0x35, 0x35, 0x35, 0x0F, 0x0F,
    0x0E, 0x35, 0x35, 0x34, 0x0F, 0x0F, 0x0F, 0x0F, 0x0F, 0x0F, 0x0F, 0x0F, 0x0F, 0x06, 0x26, 0x04,
    0x55, 0x88, 0x04, 0x88, 0x04, 0x04, 0x55, 0x05, 0x04, 0x88, 0x05, 0x04, 0x05, 0x88, 0x05, 0x56,
    0x05, 0x05, 0x88, 0x04, 0x88, 0x04, 0x88, 0x05, 0x05, 0x05, 0x56, 0x05, 0x88, 0x05, 0x56, 0x05,
    0x88, 0x06, 0x88, 0x05, 0x88, 0x56, 0x88, 0x06, 0x88, 0x06, 0x88, 0x06, 0x56, 0x05, 0x05, 0x05,
    0x05, 0x86, 0x06, 0x88, 0x05, 0x05, 0x06, 0x86, 0x06, 0x06, 0x04, 0x04, 0x04, 0x88, 0x56, 0x88,
    0x06, 0x86, 0x06, 0x05, 0x86, 0x06, 0x88, 0x06, 0x86, 0x05, 0x06, 0x06, 0x3E, 0x07, 0x59, 0x08,
    0x0D, 0x0E, 0x0D, 0x0E, 0x0A, 0x0D, 0x0B, 0x81, 0x0C, 0x0C, 0x81, 0x0E, 0x0D, 0x0B, 0x0C, 0x09,
    0x09, 0x0B, 0x0C, 0x0B, 0x0B, 0x07, 0x59, 0x09, 0x08, 0x09, 0x0D, 0x0B, 0x0C, 0x85, 0x06, 0x07,
    0x87, 0x08, 0x56, 0x88, 0x0B, 0x0B, 0x09, 0x57, 0x0A, 0x09, 0x09, 0x86, 0x06, 0x04, 0x05, 0x88,
    0x05, 0x07, 0x57, 0x05, 0x04, 0x05, 0x86, 0x06, 0x56, 0x06, 0x88, 0x06, 0x06, 0x86, 0x06, 0x05,
    0x06, 0x86, 0x05, 0x06, 0x06, 0x88, 0x06, 0x88, 0x05, 0x05, 0x86, 0x05, 0x04, 0x88, 0x05, 0x04,
    0x04, 0x25, 0x04, 0x0F, 0x0F, 0x0F, 0x0F, 0x0F, 0x0F, 0x0F, 0x0F, 0x0F, 0x0E, 0x3A, 0x3A, 0x3A,
    0x39, 0x3B, 0x39, 0x39, 0x58, 0x39, 0x39, 0x39, 0x57, 0x3A, 0x57, 0x39, 0x39, 0x39, 0x3A, 0x39,
    0x39, 0x57, 0x3A, 0x39, 0x39, 0x57, 0x39, 0x39, 0x39, 0x56, 0x39, 0x38, 0x39, 0x38, 0x39, 0x38,
    0x38, 0x38, 0x38, 0x39, 0x38, 0x38, 0x38, 0x38, 0x35, 0x35, 0x35, 0x35, 0x34, 0x35, 0x0F, 0x0F,
    0x0F, 0x35, 0x0D, 0x0F, 0x0F, 0x0F, 0x0F, 0x0F, 0x0F, 0x0F, 0x0F, 0x0F, 0x54, 0x03, 0x04, 0x88,
    0x04, 0x04, 0x04, 0x04, 0x88, 0x05, 0x88, 0x05, 0x56, 0x05, 0x88, 0x56, 0x05, 0x05, 0x88, 0x05,
    0x88, 0x55, 0x04, 0x03, 0x04, 0x88, 0x56, 0x05, 0x88, 0x05, 0x88, 0x05, 0x05, 0x88, 0x06, 0x05,
    0x05, 0x04, 0x05, 0x56, 0x05, 0x05, 0x05, 0x56, 0x06, 0x05, 0x56, 0x06, 0x88, 0x05, 0x88, 0x57,
    0x05, 0x05, 0x05, 0x05, 0x88, 0x05, 0x88, 0x05, 0x56, 0x88, 0x05, 0x26, 0x05, 0x06, 0x05, 0x06,
    0x56, 0x05, 0x05, 0x06, 0x05, 0x05, 0x05, 0x05, 0x05, 0x56, 0x06, 0x57, 0x07, 0x57, 0x07, 0x58,
    0x0D, 0x0D, 0x0D, 0x0C, 0x0B, 0x0C, 0x0B, 0x09, 0x0B, 0x0C, 0x0E, 0x0D, 0x0C, 0x0B, 0x0A, 0x0A,
    0x0C, 0x0D, 0x0E, 0x85, 0x0A, 0x09, 0x0B, 0x0A, 0x0B, 0x0C, 0x0C, 0x81, 0x0B, 0x09, 0x07, 0x08,
    0x0C, 0x0B, 0x04, 0x04, 0x0B, 0x0A, 0x09, 0x09, 0x87, 0x09, 0x09, 0x08, 0x86, 0x05, 0x55, 0x04,
    0x56, 0x06, 0x88, 0x06, 0x86, 0x05, 0x05, 0x88, 0x06, 0x06, 0x06, 0x88, 0x05, 0x05, 0x05, 0x86,
    0x06, 0x05, 0x86, 0x05, 0x57, 0x05, 0x05, 0x06, 0x86, 0x05, 0x05, 0x56, 0x05, 0x05, 0x55, 0x04,
    0x88, 0x04, 0x04, 0x26, 0x0C, 0x0F, 0x0F, 0x0F, 0x0F, 0x0F, 0x0F, 0x0F, 0x0F, 0x0F, 0x39, 0x57,
    0x3B, 0x57, 0x3A, 0x3A, 0x39, 0x3A, 0x57, 0x3B, 0x39, 0x3A, 0x39, 0x39, 0x57, 0x3A, 0x39, 0x57,
    0x3A, 0x39, 0x39, 0x39, 0x39, 0x39, 0x39, 0x39, 0x39, 0x39, 0x39, 0x38, 0x39, 0x56, 0x39, 0x38,
    0x39, 0x38, 0x38, 0x38, 0x38, 0x38, 0x36, 0x35, 0x35, 0x35, 0x34, 0x35, 0x34, 0x34, 0x0F, 0x0F,
    0x0F, 0x0F, 0x0F, 0x0F, 0x0F, 0x0F, 0x0F, 0x0F, 0x0F, 0x0F, 0x03, 0x03, 0x88, 0x04, 0x04, 0x04,
    0x55, 0x88, 0x04, 0x56, 0x05, 0x04, 0x05, 0x88, 0x05, 0x05, 0x05, 0x88, 0x05, 0x56, 0x05, 0x05,
    0x05, 0x88, 0x04, 0x88, 0x55, 0x05, 0x05, 0x04, 0x05, 0x56, 0x05, 0x88, 0x55, 0x05, 0x88, 0x05,
    0x86, 0x04, 0x88, 0x05, 0x88, 0x05, 0x88, 0x05, 0x88, 0x05, 0x88, 0x04, 0x05, 0x88, 0x05, 0x05,
    0x88, 0x05, 0x86, 0x05, 0x56, 0x05, 0x56, 0x06, 0x05, 0x05, 0x05, 0x54, 0x05, 0x88, 0x56, 0x88,
    0x05, 0x88, 0x05, 0x86, 0x05, 0x56, 0x88, 0x04, 0x88, 0x05, 0x88, 0x05, 0x05, 0x05, 0x06, 0x05,
    0x0B, 0x0D, 0x0C, 0x0C, 0x0C, 0x81, 0x0A, 0x87, 0x09, 0x0C, 0x0D, 0x0D, 0x0B, 0x0C, 0x87, 0x0B,
    0x0C, 0x81, 0x09, 0x09, 0x0A, 0x0B, 0x0A, 0x87, 0x0C, 0x0C, 0x0B, 0x0B, 0x0A, 0x88, 0x0B, 0x08,
    0x85, 0x09, 0x88, 0x07, 0x85, 0x07, 0x87, 0x08, 0x08, 0x08, 0x87, 0x09, 0x07, 0x07, 0x88, 0x03,
    0x88, 0x08, 0x07, 0x08, 0x08, 0x06, 0x56, 0x06, 0x08, 0x86, 0x07, 0x56, 0x07, 0x88, 0x05, 0x06,
    0x56, 0x05, 0x05, 0x88, 0x05, 0x88, 0x56, 0x05, 0x05, 0x05, 0x88, 0x05, 0x88, 0x04, 0x88, 0x05,
    0x04, 0x55, 0x04, 0x03, 0x54, 0x04, 0x0F, 0x0F, 0x0F, 0x0F, 0x0F, 0x0F, 0x0F, 0x0F, 0x0F, 0x0F,
    0x39, 0x39, 0x39, 0x39, 0x57, 0x3A, 0x3A, 0x39, 0x39, 0x39, 0x39, 0x39, 0x3A, 0x39, 0x39, 0x39,
    0x39, 0x39, 0x39, 0x39, 0x39, 0x39, 0x38, 0x39, 0x38, 0x38, 0x39, 0x38, 0x38, 0x39, 0x38, 0x38,
    0x38, 0x38, 0x38, 0x56, 0x36, 0x35, 0x35, 0x35, 0x53, 0x35, 0x35, 0x34, 0x35, 0x0F, 0x0F, 0x0F,
    0x0F, 0x0F, 0x0F, 0x0F, 0x0F, 0x0F, 0x0F, 0x0F, 0x0F, 0x53, 0x04, 0x26, 0x04, 0x54, 0x88, 0x04,
    0x05, 0x04, 0x88, 0x04, 0x88, 0x05, 0x56, 0x04, 0x88, 0x55, 0x05, 0x05, 0x88, 0x05, 0x88, 0x04,
    0x88, 0x04, 0x54, 0x04, 0x04, 0x88, 0x04, 0x88, 0x04, 0x88, 0x05, 0x05, 0x04, 0x88, 0x04, 0x05,
    0x04, 0x05, 0x56, 0x06, 0x88, 0x04, 0x05, 0x56, 0x05, 0x88, 0x05, 0x04, 0x88, 0x55, 0x05, 0x88,
    0x05, 0x56, 0x05, 0x04, 0x88, 0x05, 0x88, 0x05, 0x88, 0x56, 0x88, 0x04, 0x04, 0x04, 0x05, 0x05,
    0x05, 0x05, 0x56, 0x05, 0x88, 0x04, 0x04, 0x06, 0x56, 0x05, 0x05, 0x88, 0x04, 0x86, 0x05, 0x56,
    0x06, 0x86, 0x5A, 0x0C, 0x0C, 0x09, 0x07, 0x08, 0x0A, 0x0C, 0x0C, 0x81, 0x0B, 0x0B, 0x09, 0x87,
    0x0D, 0x0A, 0x08, 0x08, 0x87, 0x0B, 0x0D, 0x0A, 0x87, 0x0B, 0x0A, 0x87, 0x0B, 0x08, 0x07, 0x87,
    0x08, 0x07, 0x07, 0x06, 0x07, 0x07, 0x06, 0x07, 0x87, 0x07, 0x08, 0x06, 0x85, 0x05, 0x05, 0x55,
    0x05, 0x06, 0x86, 0x07, 0x85, 0x06, 0x88, 0x06, 0x88, 0x07, 0x07, 0x88, 0x05, 0x57, 0x05, 0x88,
    0x05, 0x88, 0x05, 0x55, 0x04, 0x04, 0x88, 0x05, 0x86, 0x05, 0x54, 0x03, 0x05, 0x56, 0x05, 0x88,
    0x05, 0x04, 0x88, 0x04, 0x44, 0x55, 0x44, 0x56, 0x0F, 0x0F, 0x0F, 0x0F, 0x0F, 0x0F, 0x0F, 0x0F,
    0x0F, 0x0F, 0x39, 0x3B, 0x39, 0x39, 0x39, 0x39, 0x57, 0x39, 0x39, 0x39, 0x39, 0x39, 0x39, 0x39,
    0x39, 0x38, 0x39, 0x56, 0x39, 0x38, 0x39, 0x56, 0x39, 0x38, 0x38, 0x39, 0x38, 0x38, 0x38, 0x38,
    0x38, 0x38, 0x38, 0x35, 0x35, 0x35, 0x35, 0x35, 0x35, 0x34, 0x35, 0x34, 0x0F, 0x0F, 0x0F, 0x0F,
    0x0F, 0x0F, 0x0F, 0x0F, 0x0F, 0x0F, 0x0F, 0x03, 0x03, 0x88, 0x03, 0x04, 0x04, 0x04, 0x04, 0x88,
    0x04, 0x88, 0x03, 0x04, 0x04, 0x88, 0x05, 0x88, 0x04, 0x04, 0x88, 0x55, 0x05, 0x05, 0x05, 0x88,
    0x55, 0x05, 0x05, 0x26, 0x04, 0x04, 0x55, 0x04, 0x03, 0x04, 0x55, 0x88, 0x04, 0x04, 0x56, 0x88,
    0x06, 0x86, 0x05, 0x88, 0x05, 0x56, 0x88, 0x05, 0x88, 0x05, 0x55, 0x05, 0x04, 0x04, 0x04, 0x55,
    0x06, 0x88, 0x05, 0x88, 0x05, 0x05, 0x04, 0x55, 0x05, 0x05, 0x04, 0x26, 0x04, 0x88, 0x56, 0x88,
    0x04, 0x88, 0x05, 0x05, 0x05, 0x88, 0x55, 0x88, 0x05, 0x88, 0x05, 0x56, 0x04, 0x05, 0x04, 0x88,
    0x06, 0x05, 0x88, 0x0B, 0x0B, 0x81, 0x07, 0x09, 0x09, 0x0B, 0x85, 0x06, 0x0A, 0x0A, 0x88, 0x09,
    0x08, 0x08, 0x87, 0x08, 0x09, 0x0C, 0x0C, 0x08, 0x08, 0x09, 0x0A, 0x09, 0x0A, 0x0A, 0x07, 0x07,
    0x06, 0x86, 0x06, 0x88, 0x06, 0x86, 0x06, 0x06, 0x07, 0x07, 0x86, 0x07, 0x06, 0x88, 0x06, 0x88,
    0x05, 0x06, 0x07, 0x07, 0x07, 0x05, 0x25, 0x06, 0x07, 0x07, 0x86, 0x05, 0x06, 0x88, 0x06, 0x05,
    0x56, 0x05, 0x88, 0x06, 0x88, 0x04, 0x05, 0x05, 0x05, 0x88, 0x05, 0x88, 0x06, 0x88, 0x05, 0x04,
    0x56, 0x88, 0x03, 0x55, 0x04, 0x88, 0x03, 0x04, 0x44, 0x0F, 0x0F, 0x0F, 0x0F, 0x0F, 0x0F, 0x0F,
    0x0F, 0x0F, 0x0F, 0x0F, 0x39, 0x39, 0x57, 0x3A, 0x39, 0x39, 0x39, 0x57, 0x39, 0x39, 0x56, 0x39,
    0x39, 0x56, 0x39, 0x39, 0x38, 0x39, 0x38, 0x39, 0x38, 0x38, 0x38, 0x38, 0x38, 0x38, 0x38, 0x38,
    0x38, 0x54, 0x35, 0x34, 0x35, 0x34, 0x35, 0x34, 0x34, 0x34, 0x35, 0x0F, 0x0F, 0x0F, 0x0F, 0x0F,
    0x0F, 0x0F, 0x0F, 0x0F, 0x0F, 0x0E, 0x03, 0x55, 0x04, 0x04, 0x55, 0x88, 0x04, 0x27, 0x05, 0x04,
    0x56, 0x04, 0x04, 0x27, 0x05, 0x04, 0x88, 0x04, 0x04, 0x25, 0x04, 0x05, 0x88, 0x04, 0x88, 0x05,
    0x05, 0x05, 0x88, 0x04, 0x03, 0x88, 0x04, 0x88, 0x54, 0x88, 0x04, 0x04, 0x05, 0x88, 0x05, 0x05,
    0x04, 0x05, 0x04, 0x05, 0x88, 0x05, 0x06, 0x05, 0x04, 0x05, 0x88, 0x04, 0x88, 0x04, 0x88, 0x06,
    0x88, 0x05, 0x06, 0x56, 0x05, 0x88, 0x05, 0x88, 0x05, 0x88, 0x05, 0x06, 0x55, 0x05, 0x04, 0x05,
    0x05, 0x56, 0x88, 0x05, 0x56, 0x06, 0x03, 0x05, 0x05, 0x05, 0x88, 0x04, 0x88, 0x04, 0x55, 0x05,
    0x88, 0x05, 0x06, 0x86, 0x06, 0x07, 0x88, 0x58, 0x86, 0x06, 0x05, 0x88, 0x09, 0x08, 0x06, 0x06,
    0x86, 0x06, 0x05, 0x06, 0x07, 0x86, 0x07, 0x85, 0x07, 0x86, 0x08, 0x08, 0x09, 0x87, 0x07, 0x86,
    0x06, 0x05, 0x05, 0x06, 0x86, 0x06, 0x06, 0x86, 0x07, 0x88, 0x06, 0x06, 0x05, 0x06, 0x88, 0x05,
    0x56, 0x88, 0x06, 0x86, 0x06, 0x88, 0x05, 0x05, 0x86, 0x05, 0x05, 0x05, 0x56, 0x05, 0x88, 0x05,
    0x26, 0x04, 0x05, 0x05, 0x55, 0x04, 0x88, 0x56, 0x88, 0x05, 0x56, 0x05, 0x05, 0x04, 0x88, 0x05,
    0x04, 0x04, 0x04, 0x88, 0x03, 0x03, 0x04, 0x26, 0x04, 0x54, 0x03, 0x0F, 0x0F, 0x0F, 0x0F, 0x0F,
    0x0F, 0x0F, 0x0F, 0x0F, 0x0F, 0x0F, 0x38, 0x39, 0x39, 0x39, 0x39, 0x39, 0x38, 0x39, 0x39, 0x38,
    0x39, 0x38, 0x39, 0x38, 0x38, 0x38, 0x38, 0x38, 0x38, 0x39, 0x38, 0x38, 0x38, 0x38, 0x54, 0x35,
    0x35, 0x34, 0x35, 0x35, 0x34, 0x35, 0x34, 0x35, 0x04, 0x0F, 0x0F, 0x0F, 0x0F, 0x0F, 0x0F, 0x0F,
    0x0F, 0x0F, 0x0F, 0x0D, 0x03, 0x03, 0x88, 0x03, 0x88, 0x03, 0x04, 0x04, 0x04, 0x04, 0x88, 0x04,
    0x88, 0x05, 0x03, 0x04, 0x88, 0x05, 0x55, 0x05, 0x04, 0x03, 0x26, 0x04, 0x05, 0x04, 0x56, 0x05,
    0x88, 0x05, 0x05, 0x53, 0x03, 0x04, 0x04, 0x04, 0x03, 0x04, 0x05, 0x88, 0x05, 0x56, 0x05, 0x88,
    0x04, 0x88, 0x04, 0x88, 0x04, 0x04, 0x88, 0x04, 0x88, 0x55, 0x04, 0x88, 0x04, 0x04, 0x05, 0x88,
    0x04, 0x05, 0x88, 0x05, 0x05, 0x56, 0x05, 0x05, 0x05, 0x56, 0x05, 0x88, 0x05, 0x88, 0x04, 0x88,
    0x04, 0x05, 0x05, 0x88, 0x05, 0x88, 0x03, 0x27, 0x06, 0x56, 0x05, 0x05, 0x56, 0x06, 0x88, 0x03,
    0x05, 0x88, 0x06, 0x05, 0x88, 0x06, 0x06, 0x06, 0x05, 0x88, 0x06, 0x05, 0x88, 0x06, 0x88, 0x06,
    0x06, 0x55, 0x88, 0x06, 0x86, 0x05, 0x06, 0x07, 0x06, 0x06, 0x08, 0x87, 0x07, 0x05, 0x05, 0x06,
    0x05, 0x88, 0x56, 0x06, 0x06, 0x05, 0x88, 0x06, 0x05, 0x57, 0x06, 0x86, 0x05, 0x56, 0x07, 0x05,
    0x06, 0x06, 0x56, 0x06, 0x05, 0x05, 0x56, 0x05, 0x05, 0x88, 0x56, 0x88, 0x05, 0x05, 0x05, 0x88,
    0x03, 0x03, 0x88, 0x04, 0x88, 0x04, 0x05, 0x05, 0x05, 0x04, 0x88, 0x05, 0x88, 0x56, 0x04, 0x88,
    0x04, 0x88, 0x54, 0x04, 0x05, 0x88, 0x04, 0x04, 0x03, 0x88, 0x53, 0x03, 0x25, 0x0F, 0x0F, 0x0F,
    0x0F, 0x0F, 0x0F, 0x0F, 0x0F, 0x0F, 0x0F, 0x0F, 0x39, 0x39, 0x38, 0x39, 0x38, 0x39, 0x38, 0x38,
    0x38, 0x39, 0x38, 0x38, 0x39, 0x38, 0x38, 0x38, 0x38, 0x38, 0x38, 0x38, 0x54, 0x35, 0x35, 0x35,
    0x35, 0x34, 0x35, 0x34, 0x35, 0x34, 0x06, 0x0F, 0x0F, 0x0F, 0x0F, 0x0F, 0x0F, 0x0F, 0x0F, 0x0F,
    0x0F, 0x0F, 0x03, 0x03, 0x26, 0x04, 0x03, 0x04, 0x54, 0x88, 0x04, 0x27, 0x05, 0x04, 0x55, 0x05,
    0x04, 0x88, 0x05, 0x88, 0x04, 0x04, 0x88, 0x04, 0x27, 0x04, 0x03, 0x04, 0x88, 0x05, 0x88, 0x04,
    0x04, 0x55, 0x88, 0x05, 0x88, 0x04, 0x27, 0x03, 0x24, 0x02, 0x54, 0x05, 0x88, 0x05, 0x04, 0x04,
    0x26, 0x04, 0x04, 0x03, 0x04, 0x88, 0x05, 0x55, 0x04, 0x88, 0x05, 0x05, 0x56, 0x88, 0x04, 0x04,
    0x55, 0x04, 0x04, 0x88, 0x04, 0x88, 0x05, 0x88, 0x05, 0x88, 0x05, 0x05, 0x05, 0x55, 0x05, 0x55,
    0x88, 0x04, 0x55, 0x04, 0x04, 0x04, 0x54, 0x04, 0x88, 0x05, 0x88, 0x05, 0x88, 0x05, 0x04, 0x04,
    0x05, 0x56, 0x05, 0x86, 0x05, 0x06, 0x86, 0x05, 0x88, 0x05, 0x56, 0x05, 0x05, 0x05, 0x57, 0x88,
    0x05, 0x05, 0x05, 0x05, 0x05, 0x05, 0x86, 0x05, 0x88, 0x05, 0x88, 0x05, 0x05, 0x88, 0x05, 0x86,
    0x04, 0x05, 0x88, 0x05, 0x88, 0x06, 0x56, 0x06, 0x88, 0x05, 0x06, 0x06, 0x88, 0x06, 0x88, 0x05,
    0x86, 0x06, 0x88, 0x05, 0x88, 0x05, 0x88, 0x05, 0x88, 0x05, 0x05, 0x05, 0x88, 0x05, 0x56, 0x05,
    0x03, 0x24, 0x04, 0x05, 0x55, 0x05, 0x88, 0x04, 0x88, 0x54, 0x05, 0x04, 0x05, 0x88, 0x04, 0x04,
    0x56, 0x04, 0x44, 0x04, 0x88, 0x04, 0x55, 0x88, 0x03, 0x04, 0x03, 0x03, 0x03, 0x02, 0x54, 0x0F,
    0x0F, 0x0F, 0x0F, 0x0F, 0x0F, 0x0F, 0x0F, 0x0F, 0x0F, 0x0F, 0x0F, 0x38, 0x38, 0x38, 0x38, 0x39,
    0x38, 0x38, 0x38, 0x38, 0x38, 0x38, 0x38, 0x38, 0x38, 0x54, 0x35, 0x34, 0x35, 0x34, 0x35, 0x34,
    0x34, 0x35, 0x34, 0x34, 0x0F, 0x0F, 0x0F, 0x0F, 0x0F, 0x0F, 0x0F, 0x0F, 0x0F, 0x0F, 0x0F, 0x0F,
    0x02, 0x03, 0x25, 0x04, 0x04, 0x03, 0x27, 0x04, 0x04, 0x04, 0x04, 0x04, 0x88, 0x04, 0x88, 0x04,
    0x04, 0x04, 0x55, 0x04, 0x05, 0x55, 0x05, 0x04, 0x04, 0x88, 0x04, 0x54, 0x04, 0x04, 0x04, 0x88,
    0x04, 0x05, 0x04, 0x04, 0x55, 0x05, 0x05, 0x04, 0x24, 0x02, 0x43, 0x03, 0x04, 0x88, 0x04, 0x88,
    0x04, 0x04, 0x27, 0x04, 0x26, 0x04, 0x05, 0x88, 0x04, 0x04, 0x04, 0x88, 0x05, 0x05, 0x26, 0x05,
    0x88, 0x04, 0x88, 0x03, 0x04, 0x04, 0x04, 0x55, 0x05, 0x04, 0x88, 0x56, 0x88, 0x05, 0x88, 0x04,
    0x04, 0x88, 0x05, 0x88, 0x04, 0x88, 0x04, 0x04, 0x05, 0x04, 0x04, 0x56, 0x05, 0x04, 0x88, 0x53,
    0x05, 0x88, 0x05, 0x05, 0x05, 0x86, 0x06, 0x05, 0x55, 0x05, 0x88, 0x05, 0x88, 0x05, 0x05, 0x05,
    0x88, 0x05, 0x88, 0x55, 0x88, 0x04, 0x05, 0x04, 0x05, 0x56, 0x06, 0x88, 0x05, 0x04, 0x56, 0x05,
    0x05, 0x55, 0x05, 0x88, 0x04, 0x05, 0x88, 0x06, 0x05, 0x57, 0x88, 0x06, 0x56, 0x05, 0x05, 0x56,
    0x05, 0x05, 0x05, 0x56, 0x05, 0x04, 0x56, 0x04, 0x05, 0x55, 0x05, 0x04, 0x04, 0x88, 0x05, 0x88,
    0x04, 0x03, 0x55, 0x88, 0x05, 0x04, 0x04, 0x55, 0x04, 0x04, 0x88, 0x55, 0x04, 0x04, 0x55, 0x88,
    0x04, 0x04, 0x25, 0x04, 0x54, 0x04, 0x04, 0x04, 0x03, 0x26, 0x04, 0x26, 0x04, 0x25, 0x04, 0x42,
    0x02, 0x0F, 0x0F, 0x0F, 0x0F, 0x0F, 0x0F, 0x0F, 0x0F, 0x0F, 0x0F, 0x0F, 0x0F, 0x57, 0x38, 0x38,
    0x38, 0x38, 0x38, 0x38, 0x38, 0x38, 0x38, 0x36, 0x35, 0x35, 0x35, 0x35, 0x34, 0x35, 0x34, 0x35,
    0x34, 0x0D, 0x0F, 0x0F, 0x0F, 0x0F, 0x0F, 0x0F, 0x0F, 0x0F, 0x0F, 0x0F, 0x0F, 0x0F, 0x03, 0x24,
    0x03, 0x44, 0x03, 0x03, 0x26, 0x04, 0x04, 0x88, 0x03, 0x26, 0x05, 0x04, 0x04, 0x26, 0x04, 0x04,
    0x88, 0x04, 0x88, 0x04, 0x88, 0x04, 0x27, 0x04, 0x88, 0x04, 0x04, 0x88, 0x03, 0x88, 0x55, 0x05,
    0x88, 0x05, 0x88, 0x04, 0x88, 0x05, 0x88, 0x04, 0x03, 0x04, 0x24, 0x03, 0x04, 0x55, 0x04, 0x04,
    0x04, 0x26, 0x04, 0x45, 0x04, 0x04, 0x26, 0x04, 0x03, 0x04, 0x88, 0x04, 0x05, 0x04, 0x03, 0x04,
    0x05, 0x04, 0x03, 0x04, 0x88, 0x03, 0x88, 0x04, 0x88, 0x04, 0x05, 0x04, 0x04, 0x04, 0x04, 0x04,
    0x04, 0x05, 0x26, 0x04, 0x03, 0x04, 0x88, 0x04, 0x88, 0x55, 0x88, 0x05, 0x88, 0x53, 0x05, 0x03,
    0x05, 0x05, 0x56, 0x88, 0x04, 0x05, 0x05, 0x88, 0x05, 0x04, 0x05, 0x56, 0x05, 0x88, 0x04, 0x88,
    0x04, 0x56, 0x05, 0x05, 0x05, 0x56, 0x88, 0x05, 0x88, 0x04, 0x05, 0x05, 0x86, 0x04, 0x05, 0x88,
    0x05, 0x88, 0x05, 0x04, 0x04, 0x56, 0x06, 0x88, 0x05, 0x05, 0x06, 0x05, 0x88, 0x04, 0x88, 0x05,
    0x88, 0x05, 0x88, 0x05, 0x88, 0x05, 0x88, 0x04, 0x88, 0x04, 0x88, 0x04, 0x56, 0x05, 0x04, 0x04,
    0x54, 0x43, 0x04, 0x04, 0x88, 0x04, 0x88, 0x04, 0x88, 0x03, 0x04, 0x88, 0x04, 0x88, 0x04, 0x04,
    0x04, 0x88, 0x03, 0x04, 0x25, 0x04, 0x88, 0x03, 0x04, 0x04, 0x25, 0x03, 0x03, 0x03, 0x44, 0x53,
    0x03, 0x24, 0x03, 0x0F, 0x0F, 0x0F, 0x0F, 0x0F, 0x0F, 0x0F, 0x0F, 0x0F, 0x0F, 0x0F, 0x0F, 0x0F,
    0x38, 0x38, 0x38, 0x38, 0x38, 0x38, 0x38, 0x36, 0x35, 0x34, 0x35, 0x34, 0x35, 0x34, 0x35, 0x0F,
    0x0F, 0x0F, 0x0F, 0x0F, 0x0F, 0x0F, 0x0F, 0x0F, 0x0F, 0x0F, 0x0F, 0x0F, 0x02, 0x03, 0x03, 0x03,
    0x26, 0x03, 0x24, 0x04, 0x04, 0x44, 0x04, 0x54, 0x04, 0x04, 0x25, 0x03, 0x88, 0x04, 0x04, 0x26,
    0x04, 0x03, 0x04, 0x26, 0x04, 0x04, 0x45, 0x04, 0x54, 0x04, 0x04, 0x25, 0x04, 0x04, 0x88, 0x04,
    0x04, 0x55, 0x04, 0x04, 0x05, 0x27, 0x05, 0x55, 0x88, 0x04, 0x24, 0x03, 0x26, 0x05, 0x88, 0x04,
    0x04, 0x44, 0x03, 0x03, 0x26, 0x04, 0x04, 0x04, 0x27, 0x04, 0x55, 0x04, 0x88, 0x56, 0x88, 0x03,
    0x88, 0x55, 0x88, 0x03, 0x03, 0x26, 0x04, 0x03, 0x04, 0x55, 0x88, 0x04, 0x88, 0x04, 0x88, 0x54,
    0x26, 0x05, 0x04, 0x03, 0x26, 0x04, 0x55, 0x04, 0x05, 0x05, 0x05, 0x04, 0x04, 0x03, 0x26, 0x04,
    0x04, 0x88, 0x05, 0x04, 0x04, 0x86, 0x05, 0x06, 0x55, 0x88, 0x05, 0x88, 0x05, 0x56, 0x05, 0x04,
    0x04, 0x88, 0x04, 0x88, 0x04, 0x04, 0x04, 0x05, 0x54, 0x88, 0x04, 0x04, 0x05, 0x04, 0x88, 0x04,
    0x55, 0x04, 0x04, 0x27, 0x05, 0x88, 0x05, 0x55, 0x05, 0x88, 0x55, 0x04, 0x05, 0x55, 0x04, 0x04,
    0x55, 0x04, 0x05, 0x56, 0x05, 0x05, 0x55, 0x05, 0x04, 0x04, 0x05, 0x88, 0x04, 0x88, 0x04, 0x88,
    0x04, 0x25, 0x04, 0x04, 0x04, 0x55, 0x04, 0x04, 0x03, 0x26, 0x04, 0x04, 0x03, 0x04, 0x04, 0x88,
    0x04, 0x04, 0x04, 0x04, 0x43, 0x04, 0x03, 0x26, 0x04, 0x04, 0x03, 0x44, 0x03, 0x25, 0x04, 0x03,
    0x26, 0x03, 0x03, 0x25, 0x03, 0x05, 0x0F, 0x0F, 0x0F, 0x0F, 0x0F, 0x0F, 0x0F, 0x0F, 0x0F, 0x0F,
    0x0F, 0x0F, 0x0F, 0x07, 0x38, 0x37, 0x38, 0x36, 0x35, 0x35, 0x34, 0x08, 0x0F, 0x0F, 0x0F, 0x0F,
    0x0F, 0x0F, 0x0F, 0x0F, 0x0F, 0x0F, 0x0F, 0x0F, 0x0F, 0x04, 0x53, 0x03, 0x25, 0x03, 0x25, 0x04,
    0x03, 0x03, 0x02, 0x26, 0x04, 0x54, 0x45, 0x03, 0x26, 0x04, 0x42, 0x02, 0x03, 0x04, 0x26, 0x05,
    0x44, 0x88, 0x04, 0x05, 0x26, 0x04, 0x04, 0x88, 0x04, 0x88, 0x03, 0x03, 0x04, 0x55, 0x04, 0x04,
    0x88, 0x04, 0x88, 0x55, 0x88, 0x04, 0x04, 0x04, 0x04, 0x04, 0x04, 0x25, 0x04, 0x04, 0x03, 0x88,
    0x55, 0x04, 0x24, 0x03, 0x03, 0x24, 0x03, 0x43, 0x04, 0x04, 0x44, 0x04, 0x04, 0x05, 0x04, 0x25,
    0x05, 0x04, 0x04, 0x26, 0x04, 0x04, 0x44, 0x54, 0x45, 0x04, 0x04, 0x04, 0x54, 0x04, 0x44, 0x04,
    0x03, 0x88, 0x03, 0x26, 0x04, 0x03, 0x45, 0x55, 0x88, 0x04, 0x88, 0x55, 0x88, 0x03, 0x04, 0x04,
    0x04, 0x05, 0x55, 0x88, 0x06, 0x06, 0x57, 0x06, 0x88, 0x05, 0x05, 0x06, 0x04, 0x88, 0x05, 0x26,
    0x04, 0x04, 0x05, 0x54, 0x88, 0x04, 0x88, 0x04, 0x04, 0x03, 0x88, 0x54, 0x88, 0x03, 0x55, 0x04,
    0x88, 0x05, 0x04, 0x03, 0x04, 0x04, 0x88, 0x04, 0x04, 0x05, 0x88, 0x04, 0x88, 0x04, 0x88, 0x04,
    0x04, 0x88, 0x04, 0x04, 0x88, 0x05, 0x44, 0x05, 0x88, 0x55, 0x05, 0x04, 0x54, 0x04, 0x04, 0x55,
    0x04, 0x04, 0x88, 0x55, 0x88, 0x04, 0x88, 0x04, 0x04, 0x04, 0x88, 0x04, 0x55, 0x88, 0x03, 0x04,
    0x54, 0x88, 0x03, 0x27, 0x04, 0x04, 0x88, 0x04, 0x03, 0x27, 0x04, 0x24, 0x03, 0x03, 0x25, 0x04,
    0x03, 0x43, 0x03, 0x03, 0x25, 0x03, 0x25, 0x03, 0x0F, 0x0F, 0x0F, 0x0F, 0x0F, 0x0F, 0x0F, 0x0F,
    0x0F, 0x0F, 0x0F, 0x0F, 0x0F, 0x0F, 0x39, 0x37, 0x0B, 0x0F, 0x0F, 0x0F, 0x0F, 0x0F, 0x0F, 0x0F,
    0x0F, 0x0F, 0x0F, 0x0F, 0x0F, 0x0F, 0x0F, 0x03, 0x03, 0x03, 0x43, 0x03, 0x03, 0x03, 0x03, 0x44,
    0x54, 0x43, 0x02, 0x03, 0x44, 0x04, 0x26, 0x04, 0x03, 0x44, 0x52, 0x24, 0x03, 0x25, 0x04, 0x04,
    0x54, 0x04, 0x26, 0x05, 0x04, 0x88, 0x54, 0x04, 0x04, 0x04, 0x26, 0x03, 0x88, 0x04, 0x88, 0x04,
    0x04, 0x55, 0x05, 0x04, 0x04, 0x04, 0x27, 0x04, 0x88, 0x04, 0x88, 0x04, 0x03, 0x26, 0x04, 0x04,
    0x88, 0x04, 0x03, 0x24, 0x02, 0x02, 0x24, 0x03, 0x26, 0x04, 0x54, 0x88, 0x04, 0x88, 0x03, 0x05,
    0x88, 0x04, 0x88, 0x04, 0x44, 0x03, 0x25, 0x04, 0x03, 0x27, 0x05, 0x88, 0x04, 0x26, 0x04, 0x88,
    0x04, 0x04, 0x05, 0x04, 0x03, 0x25, 0x04, 0x04, 0x04, 0x04, 0x04, 0x04, 0x05, 0x55, 0x44, 0x55,
    0x04, 0x88, 0x03, 0x06, 0x56, 0x06, 0x88, 0x05, 0x04, 0x04, 0x55, 0x88, 0x04, 0x04, 0x04, 0x04,
    0x26, 0x05, 0x88, 0x04, 0x05, 0x05, 0x55, 0x88, 0x05, 0x03, 0x04, 0x03, 0x03, 0x04, 0x04, 0x04,
    0x04, 0x04, 0x88, 0x55, 0x44, 0x56, 0x05, 0x04, 0x27, 0x04, 0x04, 0x55, 0x04, 0x04, 0x55, 0x05,
    0x88, 0x54, 0x03, 0x04, 0x04, 0x88, 0x55, 0x04, 0x04, 0x88, 0x03, 0x88, 0x04, 0x88, 0x04, 0x88,
    0x04, 0x03, 0x04, 0x04, 0x04, 0x04, 0x04, 0x26, 0x04, 0x26, 0x04, 0x04, 0x44, 0x04, 0x54, 0x45,
    0x04, 0x03, 0x04, 0x04, 0x26, 0x04, 0x03, 0x54, 0x45, 0x05, 0x04, 0x03, 0x25, 0x03, 0x03, 0x44,
    0x04, 0x54, 0x44, 0x53, 0x03, 0x03, 0x03, 0x24, 0x03, 0x24, 0x04, 0x0F, 0x0F, 0x0F, 0x0F, 0x0F,
    0x0F, 0x0F, 0x0F, 0x0F, 0x0F, 0x0F, 0x0F, 0x0F, 0x0F, 0x0F, 0x0F, 0x0F, 0x0F, 0x0F, 0x0F, 0x0F,
    0x0F, 0x0F, 0x0F, 0x0F, 0x01, 0x03, 0x02, 0x25, 0x03, 0x25, 0x04, 0x26, 0x04, 0x26, 0x04, 0x03,
    0x44, 0x53, 0x23, 0x03, 0x26, 0x04, 0x03, 0x24, 0x03, 0x03, 0x24, 0x02, 0x02, 0x02, 0x44, 0x03,
    0x88, 0x03, 0x04, 0x88, 0x03, 0x03, 0x04, 0x88, 0x03, 0x04, 0x04, 0x24, 0x03, 0x04, 0x03, 0x55,
    0x88, 0x04, 0x88, 0x03, 0x88, 0x03, 0x04, 0x44, 0x55, 0x04, 0x04, 0x26, 0x05, 0x03, 0x03, 0x04,
    0x04, 0x27, 0x05, 0x03, 0x43, 0x02, 0x02, 0x04, 0x03, 0x44, 0x03, 0x03, 0x03, 0x04, 0x27, 0x04,
    0x04, 0x04, 0x03, 0x04, 0x54, 0x44, 0x03, 0x24, 0x03, 0x04, 0x04, 0x54, 0x04, 0x04, 0x04, 0x04,
    0x55, 0x88, 0x04, 0x88, 0x04, 0x04, 0x04, 0x27, 0x04, 0x27, 0x04, 0x88, 0x04, 0x88, 0x04, 0x04,
    0x04, 0x04, 0x54, 0x88, 0x05, 0x05, 0x05, 0x88, 0x55, 0x88, 0x04, 0x04, 0x04, 0x27, 0x04, 0x04,
    0x04, 0x04, 0x55, 0x04, 0x88, 0x05, 0x05, 0x05, 0x55, 0x88, 0x04, 0x25, 0x03, 0x25, 0x04, 0x26,
    0x04, 0x26, 0x04, 0x04, 0x03, 0x88, 0x04, 0x04, 0x04, 0x88, 0x04, 0x04, 0x88, 0x04, 0x88, 0x04,
    0x04, 0x04, 0x26, 0x04, 0x26, 0x05, 0x04, 0x88, 0x54, 0x04, 0x03, 0x04, 0x55, 0x04, 0x04, 0x03,
    0x88, 0x04, 0x27, 0x05, 0x26, 0x04, 0x04, 0x44, 0x04, 0x04, 0x04, 0x27, 0x04, 0x04, 0x88, 0x03,
    0x54, 0x88, 0x03, 0x03, 0x03, 0x25, 0x04, 0x44, 0x55, 0x88, 0x04, 0x04, 0x03, 0x04, 0x26, 0x04,
    0x26, 0x04, 0x03, 0x24, 0x44, 0x03, 0x25, 0x03, 0x03, 0x43, 0x03, 0x24, 0x03, 0x0D, 0x0F, 0x0F,
    0x0F, 0x0F, 0x0F, 0x0F, 0x0F, 0x0F, 0x0F, 0x0F, 0x0F, 0x0F, 0x0F, 0x0F, 0x0F, 0x0F, 0x0F, 0x0F,
    0x0F, 0x06, 0x02, 0x02, 0x24, 0x03, 0x03, 0x03, 0x04, 0x03, 0x04, 0x04, 0x04, 0x04, 0x26, 0x04,
    0x25, 0x02, 0x42, 0x03, 0x03, 0x03, 0x03, 0x43, 0x53, 0x43, 0x02, 0x42, 0x52, 0x02, 0x03, 0x25,
    0x03, 0x03, 0x03, 0x03, 0x03, 0x88, 0x03, 0x03, 0x26, 0x04, 0x26, 0x03, 0x03, 0x26, 0x04, 0x45,
    0x04, 0x03, 0x04, 0x03, 0x04, 0x26, 0x05, 0x88, 0x04, 0x88, 0x04, 0x04, 0x04, 0x27, 0x04, 0x88,
    0x04, 0x04, 0x04, 0x27, 0x04, 0x23, 0x02, 0x26, 0x04, 0x24, 0x04, 0x27, 0x05, 0x26, 0x05, 0x03,
    0x26, 0x04, 0x27, 0x04, 0x88, 0x04, 0x03, 0x02, 0x23, 0x03, 0x88, 0x03, 0x88, 0x03, 0x27, 0x04,
    0x45, 0x55, 0x04, 0x55, 0x04, 0x27, 0x04, 0x04, 0x04, 0x88, 0x03, 0x03, 0x04, 0x04, 0x88, 0x04,
    0x04, 0x26, 0x04, 0x04, 0x88, 0x05, 0x55, 0x04, 0x04, 0x03, 0x05, 0x88, 0x05, 0x04, 0x88, 0x53,
    0x04, 0x27, 0x05, 0x04, 0x05, 0x88, 0x55, 0x45, 0x04, 0x04, 0x04, 0x04, 0x04, 0x25, 0x03, 0x04,
    0x03, 0x05, 0x04, 0x88, 0x04, 0x04, 0x04, 0x88, 0x54, 0x03, 0x54, 0x04, 0x03, 0x04, 0x54, 0x04,
    0x04, 0x04, 0x04, 0x04, 0x04, 0x04, 0x54, 0x04, 0x04, 0x44, 0x55, 0x45, 0x04, 0x88, 0x54, 0x04,
    0x04, 0x04, 0x04, 0x04, 0x04, 0x26, 0x04, 0x26, 0x03, 0x26, 0x04, 0x04, 0x26, 0x04, 0x03, 0x04,
    0x44, 0x03, 0x26, 0x04, 0x44, 0x04, 0x04, 0x88, 0x03, 0x04, 0x88, 0x04, 0x26, 0x04, 0x03, 0x04,
    0x03, 0x44, 0x53, 0x03, 0x03, 0x03, 0x03, 0x43, 0x03, 0x53, 0x03, 0x03, 0x43, 0x24, 0x02, 0x43,
    0x0C, 0x0F, 0x0F, 0x0F, 0x0F, 0x0F, 0x0F, 0x0F, 0x0F, 0x0F, 0x0F, 0x0F, 0x0F, 0x0F, 0x0B, 0x02,
    0x03, 0x23, 0x02, 0x42, 0x03, 0x03, 0x26, 0x04, 0x26, 0x04, 0x26, 0x04, 0x26, 0x04, 0x44, 0x03,
    0x03, 0x42, 0x52, 0x42, 0x25, 0x03, 0x25, 0x03, 0x42, 0x53, 0x02, 0x22, 0x42, 0x23, 0x03, 0x03,
    0x03, 0x26, 0x04, 0x26, 0x04, 0x04, 0x26, 0x04, 0x04, 0x44, 0x04, 0x53, 0x43, 0x04, 0x04, 0x26,
    0x04, 0x26, 0x04, 0x27, 0x04, 0x04, 0x03, 0x04, 0x03, 0x04, 0x26, 0x04, 0x88, 0x03, 0x03, 0x04,
    0x55, 0x88, 0x04, 0x04, 0x04, 0x03, 0x03, 0x04, 0x03, 0x03, 0x04, 0x04, 0x04, 0x04, 0x26, 0x04,
    0x04, 0x88, 0x04, 0x04, 0x03, 0x26, 0x04, 0x03, 0x24, 0x03, 0x03, 0x03, 0x03, 0x04, 0x04, 0x88,
    0x03, 0x04, 0x88, 0x03, 0x04, 0x04, 0x25, 0x04, 0x26, 0x04, 0x03, 0x27, 0x04, 0x88, 0x55, 0x04,
    0x03, 0x04, 0x04, 0x04, 0x04, 0x88, 0x04, 0x88, 0x04, 0x88, 0x05, 0x55, 0x05, 0x55, 0x05, 0x25,
    0x04, 0x04, 0x44, 0x55, 0x88, 0x04, 0x04, 0x04, 0x27, 0x04, 0x27, 0x04, 0x04, 0x04, 0x24, 0x04,
    0x88, 0x54, 0x04, 0x04, 0x55, 0x88, 0x04, 0x04, 0x04, 0x88, 0x04, 0x25, 0x04, 0x88, 0x05, 0x27,
    0x04, 0x27, 0x04, 0x27, 0x04, 0x88, 0x04, 0x26, 0x05, 0x88, 0x03, 0x04, 0x26, 0x04, 0x03, 0x88,
    0x04, 0x27, 0x04, 0x27, 0x04, 0x44, 0x04, 0x03, 0x03, 0x03, 0x25, 0x04, 0x04, 0x03, 0x27, 0x04,
    0x54, 0x04, 0x03, 0x88, 0x54, 0x04, 0x88, 0x03, 0x03, 0x03, 0x04, 0x04, 0x03, 0x26, 0x03, 0x44,
    0x54, 0x04, 0x44, 0x03, 0x26, 0x03, 0x25, 0x03, 0x24, 0x03, 0x44, 0x54, 0x03, 0x43, 0x02, 0x53,
    0x43, 0x02, 0x03, 0x03, 0x0F, 0x0F, 0x0F, 0x0F, 0x0F, 0x0F, 0x0F, 0x03, 0x02, 0x02, 0x24, 0x03,
    0x03, 0x43, 0x53, 0x42, 0x23, 0x03, 0x03, 0x44, 0x03, 0x03, 0x44, 0x04, 0x03, 0x44, 0x54, 0x44,
    0x54, 0x43, 0x02, 0x02, 0x02, 0x03, 0x03, 0x24, 0x02, 0x42, 0x02, 0x22, 0x02, 0x01, 0x02, 0x25,
    0x04, 0x03, 0x44, 0x03, 0x26, 0x04, 0x04, 0x03, 0x26, 0x04, 0x25, 0x03, 0x23, 0x03, 0x26, 0x04,
    0x04, 0x04, 0x44, 0x04, 0x26, 0x04, 0x27, 0x04, 0x27, 0x04, 0x04, 0x03, 0x04, 0x04, 0x27, 0x04,
    0x45, 0x05, 0x26, 0x04, 0x26, 0x04, 0x27, 0x04, 0x26, 0x04, 0x27, 0x04, 0x88, 0x04, 0x04, 0x44,
    0x04, 0x03, 0x04, 0x26, 0x04, 0x04, 0x26, 0x04, 0x04, 0x23, 0x03, 0x26, 0x04, 0x88, 0x04, 0x55,
    0x04, 0x44, 0x03, 0x04, 0x27, 0x04, 0x03, 0x03, 0x04, 0x26, 0x04, 0x04, 0x03, 0x04, 0x04, 0x26,
    0x03, 0x25, 0x04, 0x88, 0x04, 0x04, 0x03, 0x03, 0x05, 0x05, 0x88, 0x04, 0x88, 0x04, 0x04, 0x03,
    0x43, 0x54, 0x04, 0x88, 0x04, 0x04, 0x55, 0x04, 0x04, 0x04, 0x04, 0x26, 0x04, 0x26, 0x04, 0x04,
    0x04, 0x88, 0x03, 0x88, 0x04, 0x03, 0x03, 0x27, 0x04, 0x04, 0x04, 0x03, 0x04, 0x04, 0x04, 0x04,
    0x04, 0x04, 0x04, 0x04, 0x03, 0x54, 0x04, 0x04, 0x04, 0x04, 0x26, 0x03, 0x04, 0x03, 0x03, 0x04,
    0x04, 0x04, 0x04, 0x04, 0x44, 0x54, 0x44, 0x54, 0x44, 0x24, 0x03, 0x44, 0x03, 0x88, 0x04, 0x03,
    0x45, 0x26, 0x03, 0x04, 0x03, 0x03, 0x04, 0x04, 0x26, 0x03, 0x27, 0x04, 0x44, 0x04, 0x03, 0x26,
    0x04, 0x26, 0x04, 0x25, 0x02, 0x03, 0x03, 0x43, 0x02, 0x03, 0x26, 0x03, 0x44, 0x53, 0x43, 0x02,
    0x02, 0x23, 0x03, 0x25, 0x03, 0x43, 0x04, 0x0F, 0x03, 0x43, 0x03, 0x24, 0x03, 0x03, 0x03, 0x25,
    0x03, 0x03, 0x23, 0x02, 0x02, 0x03, 0x26, 0x04, 0x25, 0x04, 0x03, 0x26, 0x04, 0x04, 0x26, 0x04,
    0x03, 0x03, 0x25, 0x02, 0x43, 0x24, 0x03, 0x03, 0x03, 0x23, 0x02, 0x01, 0x01, 0x22, 0x02, 0x02,
    0x43, 0x03, 0x25, 0x03, 0x03, 0x04, 0x26, 0x04, 0x03, 0x03, 0x04, 0x43, 0x52, 0x03, 0x03, 0x44,
    0x25, 0x04, 0x26, 0x04, 0x03, 0x03, 0x04, 0x44, 0x04, 0x26, 0x04, 0x88, 0x54, 0x45, 0x04, 0x04,
    0x88, 0x04, 0x04, 0x04, 0x88, 0x04, 0x03, 0x04, 0x44, 0x04, 0x04, 0x26, 0x04, 0x26, 0x04, 0x26,
    0x04, 0x27, 0x04, 0x03, 0x26, 0x04, 0x04, 0x44, 0x03, 0x04, 0x24, 0x04, 0x03, 0x04, 0x88, 0x04,
    0x26, 0x04, 0x26, 0x04, 0x04, 0x26, 0x04, 0x25, 0x03, 0x04, 0x44, 0x25, 0x04, 0x27, 0x04, 0x04,
    0x02, 0x03, 0x25, 0x04, 0x54, 0x44, 0x26, 0x04, 0x88, 0x55, 0x04, 0x03, 0x03, 0x44, 0x04, 0x26,
    0x03, 0x43, 0x03, 0x04, 0x04, 0x88, 0x05, 0x88, 0x03, 0x26, 0x04, 0x04, 0x04, 0x04, 0x04, 0x88,
    0x03, 0x03, 0x03, 0x03, 0x03, 0x26, 0x04, 0x04, 0x44, 0x55, 0x44, 0x24, 0x03, 0x27, 0x04, 0x26,
    0x04, 0x26, 0x04, 0x26, 0x05, 0x88, 0x03, 0x25, 0x04, 0x04, 0x04, 0x25, 0x03, 0x26, 0x04, 0x26,
    0x04, 0x26, 0x04, 0x26, 0x04, 0x03, 0x04, 0x25, 0x02, 0x02, 0x02, 0x03, 0x25, 0x04, 0x03, 0x88,
    0x03, 0x03, 0x03, 0x26, 0x04, 0x26, 0x04, 0x26, 0x04, 0x03, 0x04, 0x04, 0x26, 0x03, 0x03, 0x03,
    0x44, 0x03, 0x03, 0x02, 0x03, 0x44, 0x04, 0x25, 0x03, 0x03, 0x03, 0x03, 0x04, 0x03, 0x03, 0x26,
    0x04, 0x23, 0x03, 0x03, 0x25, 0x03, 0x24, 0x03, 0x25, 0x03, 0x03, 0x03, 0x25, 0x03, 0x44, 0x04,
    0x26, 0x04, 0x43, 0x52, 0x43, 0x03, 0x03, 0x04, 0x04, 0x26, 0x04, 0x04, 0x26, 0x04, 0x03, 0x44,
    0x03, 0x26, 0x04, 0x42, 0x02, 0x03, 0x03, 0x88, 0x03, 0x03, 0x22, 0x02, 0x43, 0x01, 0x22, 0x02,
    0x25, 0x03, 0x02, 0x03, 0x25, 0x04, 0x04, 0x44, 0x25, 0x03, 0x25, 0x03, 0x42, 0x23, 0x03, 0x03,
    0x03, 0x03, 0x03, 0x25, 0x03, 0x26, 0x04, 0x26, 0x04, 0x04, 0x25, 0x04, 0x03, 0x26, 0x04, 0x26,
    0x04, 0x55, 0x44, 0x54, 0x03, 0x03, 0x26, 0x04, 0x26, 0x04, 0x26, 0x04, 0x04, 0x03, 0x04, 0x03,
    0x03, 0x04, 0x26, 0x04, 0x03, 0x43, 0x54, 0x44, 0x26, 0x04, 0x04, 0x26, 0x04, 0x26, 0x04, 0x04,
    0x04, 0x03, 0x04, 0x88, 0x03, 0x04, 0x44, 0x04, 0x25, 0x03, 0x03, 0x24, 0x03, 0x03, 0x44, 0x54,
    0x02, 0x43, 0x03, 0x04, 0x88, 0x03, 0x03, 0x03, 0x04, 0x04, 0x45, 0x54, 0x45, 0x55, 0x45, 0x04,
    0x03, 0x25, 0x03, 0x88, 0x05, 0x04, 0x05, 0x04, 0x54, 0x04, 0x44, 0x54, 0x44, 0x26, 0x04, 0x04,
    0x55, 0x45, 0x54, 0x44, 0x04, 0x03, 0x44, 0x54, 0x45, 0x04, 0x54, 0x03, 0x04, 0x04, 0x04, 0x03,
    0x03, 0x03, 0x03, 0x88, 0x04, 0x04, 0x03, 0x43, 0x04, 0x27, 0x03, 0x03, 0x44, 0x03, 0x04, 0x03,
    0x45, 0x04, 0x44, 0x03, 0x03, 0x26, 0x04, 0x03, 0x43, 0x52, 0x42, 0x03, 0x04, 0x03, 0x04, 0x54,
    0x04, 0x25, 0x03, 0x03, 0x44, 0x04, 0x04, 0x04, 0x44, 0x03, 0x26, 0x04, 0x04, 0x25, 0x03, 0x26,
    0x03, 0x03, 0x25, 0x02, 0x43, 0x55, 0x44, 0x04, 0x25, 0x03, 0x44, 0x26, 0x04, 0x26, 0x04, 0x03,
    0x03, 0x03, 0x24, 0x03, 0x03, 0x03, 0x03, 0x43, 0x03, 0x03, 0x25, 0x03, 0x03, 0x44, 0x55, 0x44,
    0x04, 0x03, 0x03, 0x04, 0x24, 0x02, 0x26, 0x04, 0x44, 0x04, 0x25, 0x04, 0x03, 0x44, 0x03, 0x26,
    0x04, 0x03, 0x03, 0x23, 0x02, 0x03, 0x26, 0x04, 0x03, 0x25, 0x02, 0x02, 0x03, 0x23, 0x02, 0x42,
    0x03, 0x02, 0x25, 0x03, 0x44, 0x04, 0x26, 0x04, 0x03, 0x44, 0x03, 0x24, 0x02, 0x02, 0x03, 0x26,
    0x03, 0x26, 0x03, 0x03, 0x44, 0x03, 0x02, 0x04, 0x44, 0x04, 0x04, 0x26, 0x04, 0x04, 0x03, 0x04,
    0x03, 0x88, 0x03, 0x44, 0x54, 0x45, 0x04, 0x04, 0x03, 0x04, 0x04, 0x44, 0x03, 0x26, 0x04, 0x26,
    0x04, 0x26, 0x04, 0x03, 0x25, 0x03, 0x44, 0x54, 0x03, 0x44, 0x04, 0x04, 0x88, 0x03, 0x04, 0x26,
    0x04, 0x26, 0x03, 0x04, 0x88, 0x03, 0x54, 0x44, 0x03, 0x24, 0x02, 0x02, 0x43, 0x03, 0x25, 0x04,
    0x02, 0x23, 0x04, 0x03, 0x04, 0x53, 0x43, 0x54, 0x88, 0x03, 0x04, 0x26, 0x04, 0x03, 0x03, 0x88,
    0x04, 0x05, 0x54, 0x04, 0x04, 0x88, 0x55, 0x88, 0x03, 0x03, 0x25, 0x03, 0x03, 0x03, 0x03, 0x88,
    0x04, 0x03, 0x26, 0x04, 0x26, 0x03, 0x26, 0x04, 0x03, 0x26, 0x03, 0x24, 0x44, 0x54, 0x88, 0x04,
    0x27, 0x03, 0x03, 0x04, 0x03, 0x88, 0x53, 0x02, 0x04, 0x03, 0x24, 0x02, 0x03, 0x25, 0x03, 0x26,
    0x04, 0x54, 0x03, 0x26, 0x03, 0x04, 0x44, 0x54, 0x44, 0x03, 0x23, 0x04, 0x27, 0x04, 0x88, 0x03,
    0x44, 0x03, 0x23, 0x03, 0x04, 0x25, 0x04, 0x26, 0x04, 0x24, 0x04, 0x44, 0x03, 0x03, 0x44, 0x03,
    0x03, 0x25, 0x03, 0x03, 0x03, 0x44, 0x54, 0x04, 0x03, 0x03, 0x03, 0x03, 0x04, 0x44, 0x23, 0x03,
    0x26, 0x04, 0x44, 0x03, 0x44, 0x54, 0x44, 0x54, 0x43, 0x03, 0x03, 0x25, 0x04, 0x03, 0x44, 0x54,
    0x03, 0x26, 0x04, 0x25, 0x04, 0x43, 0x03, 0x03, 0x26, 0x04, 0x03, 0x44, 0x54, 0x44, 0x54, 0x03,
    0x44, 0x03, 0x25, 0x03, 0x43, 0x04, 0x03, 0x44, 0x04, 0x03, 0x23, 0x43, 0x03, 0x03, 0x03, 0x24,
    0x02, 0x43, 0x03, 0x03, 0x24, 0x03, 0x04, 0x44, 0x54, 0x03, 0x43, 0x03, 0x22, 0x42, 0x04, 0x04,
    0x44, 0x03, 0x43, 0x53, 0x43, 0x53, 0x44, 0x55, 0x04, 0x26, 0x04, 0x03, 0x44, 0x04, 0x26, 0x03,
    0x26, 0x03, 0x04, 0x25, 0x04, 0x04, 0x26, 0x04, 0x26, 0x03, 0x26, 0x04, 0x26, 0x04, 0x44, 0x04,
    0x03, 0x04, 0x44, 0x04, 0x03, 0x25, 0x03, 0x43, 0x03, 0x26, 0x04, 0x25, 0x03, 0x03, 0x03, 0x04,
    0x44, 0x04, 0x25, 0x04, 0x04, 0x88, 0x03, 0x03, 0x04, 0x23, 0x02, 0x24, 0x03, 0x24, 0x03, 0x02,
    0x03, 0x03, 0x26, 0x05, 0x26, 0x03, 0x42, 0x02, 0x04, 0x26, 0x04, 0x04, 0x44, 0x26, 0x04, 0x04,
    0x55, 0x88, 0x04, 0x88, 0x03, 0x04, 0x04, 0x04, 0x03, 0x25, 0x03, 0x42, 0x24, 0x03, 0x25, 0x04,
    0x03, 0x03, 0x03, 0x44, 0x03, 0x03, 0x03, 0x44, 0x03, 0x04, 0x42, 0x02, 0x03, 0x43, 0x53, 0x04,
    0x04, 0x88, 0x04, 0x26, 0x04, 0x03, 0x43, 0x53, 0x88, 0x01, 0x02, 0x23, 0x03, 0x03, 0x04, 0x03,
    0x44, 0x03, 0x26, 0x03, 0x44, 0x54, 0x45, 0x04, 0x54, 0x44, 0x03, 0x04, 0x04, 0x03, 0x03, 0x25,
    0x04, 0x03, 0x02, 0x24, 0x03, 0x43, 0x04, 0x03, 0x04, 0x43, 0x03, 0x54, 0x44, 0x53, 0x03, 0x25,
    0x03, 0x43, 0x03, 0x26, 0x04, 0x03, 0x44, 0x26, 0x04, 0x26, 0x03, 0x26, 0x03, 0x03, 0x24, 0x02,
    0x03, 0x03, 0x03, 0x26, 0x04, 0x44, 0x03, 0x43, 0x54, 0x44, 0x03, 0x43, 0x03, 0x26, 0x04, 0x44,
    0x04, 0x03, 0x44, 0x04, 0x25, 0x03, 0x03, 0x44, 0x04, 0x25, 0x04, 0x03, 0x25, 0x03, 0x44, 0x03,
    0x54, 0x44, 0x03, 0x23, 0x02, 0x25, 0x04, 0x26, 0x03, 0x44, 0x53, 0x43, 0x54, 0x44, 0x03, 0x04,
    0x24, 0x03, 0x24, 0x02, 0x03, 0x43, 0x54, 0x44, 0x04, 0x26, 0x04, 0x03, 0x03, 0x26, 0x03, 0x26,
    0x04, 0x24, 0x03, 0x43, 0x53, 0x43, 0x03, 0x44, 0x04, 0x44, 0x04, 0x26, 0x04, 0x26, 0x04, 0x04,
    0x03, 0x44, 0x54, 0x43, 0x04, 0x26, 0x04, 0x04, 0x04, 0x45, 0x04, 0x03, 0x04, 0x04, 0x25, 0x03,
    0x26, 0x04, 0x26, 0x03, 0x03, 0x03, 0x23, 0x02, 0x53, 0x03, 0x03, 0x03, 0x26, 0x04, 0x26, 0x04,
    0x26, 0x04, 0x03, 0x26, 0x04, 0x03, 0x25, 0x03, 0x27, 0x03, 0x02, 0x42, 0x03, 0x04, 0x03, 0x24,
    0x03, 0x04, 0x03, 0x04, 0x03, 0x23, 0x02, 0x24, 0x04, 0x04, 0x44, 0x03, 0x03, 0x03, 0x04, 0x88,
    0x03, 0x04, 0x04, 0x03, 0x26, 0x04, 0x88, 0x03, 0x03, 0x43, 0x02, 0x02, 0x02, 0x02, 0x03, 0x03,
    0x27, 0x04, 0x25, 0x03, 0x25, 0x03, 0x44, 0x54, 0x44, 0x54, 0x42, 0x02, 0x24, 0x02, 0x02, 0x44,
    0x04, 0x03, 0x03, 0x04, 0x26, 0x04, 0x24, 0x03, 0x03, 0x22, 0x02, 0x01, 0x43, 0x03, 0x26, 0x04,
    0x26, 0x04, 0x03, 0x02, 0x03, 0x04, 0x26, 0x04, 0x44, 0x55, 0x44, 0x26, 0x04, 0x26, 0x04, 0x03,
    0x03, 0x26, 0x03, 0x43, 0x03, 0x24, 0x03, 0x25, 0x03, 0x25, 0x03, 0x44, 0x54, 0x44, 0x02, 0x43,
    0x53, 0x02, 0x03, 0x03, 0x44, 0x54, 0x04, 0x03, 0x44, 0x04, 0x44, 0x03, 0x25, 0x04, 0x02, 0x42,
    0x23, 0x03, 0x44, 0x04, 0x53, 0x03, 0x26, 0x03, 0x43, 0x53, 0x43, 0x53, 0x43, 0x03, 0x03, 0x25,
    0x03, 0x26, 0x04, 0x03, 0x03, 0x44, 0x54, 0x04, 0x26, 0x04, 0x44, 0x03, 0x03, 0x43, 0x54, 0x44,
    0x03, 0x24, 0x03, 0x02, 0x02, 0x03, 0x03, 0x03, 0x04, 0x25, 0x03, 0x02, 0x44, 0x54, 0x44, 0x03,
    0x24, 0x02, 0x02, 0x43, 0x53, 0x43, 0x03, 0x26, 0x04, 0x03, 0x25, 0x03, 0x44, 0x03, 0x04, 0x03,
    0x04, 0x03, 0x24, 0x02, 0x02, 0x24, 0x03, 0x26, 0x04, 0x26, 0x04, 0x03, 0x03, 0x04, 0x44, 0x26,
    0x04, 0x03, 0x44, 0x53, 0x44, 0x03, 0x03, 0x26, 0x04, 0x26, 0x04, 0x26, 0x04, 0x26, 0x04, 0x03,
    0x03, 0x03, 0x04, 0x25, 0x03, 0x25, 0x02, 0x42, 0x42, 0x03, 0x26, 0x04, 0x44, 0x03, 0x44, 0x03,
    0x03, 0x26, 0x03, 0x03, 0x45, 0x04, 0x04, 0x24, 0x04, 0x03, 0x23, 0x02, 0x24, 0x03, 0x26, 0x04,
};

#endif
